:10000000984E002001D00000F75F0100EDCF000006
:10001000EDCF0000EDCF0000EDCF0000EDCF0000F0
:10002000000000000000000000000000D1D000002F
:10003000EDCF00000000000081D20000EDCF0000F5
:10004000FDD20000FDD20000FDD20000FDD2000074
:10005000FDD20000FDD20000FDD20000FDD2000064
:10006000FDD20000FDD20000FDD20000FDD2000054
:10007000FDD20000FDD20000FDD20000FDD2000044
:10008000FDD20000FDD20000FDD20000FDD2000034
:10009000FDD20000FDD20000FDD20000FDD2000024
:1000A000FDD20000FDD20000FDD20000FDD2000014
:1000B000FDD20000FDD20000FDD20000FDD2000004
:1000C000FDD20000FDD20000FDD20000FDD20000F4
:1000D000FDD20000FDD20000FDD20000FDD20000E4
:1000E000FDD20000FDD20000FDD20000FDD20000D4
:1000F000FDD20000FDD20000FDD20000FDD20000C4
:10010000FDD20000FDD20000FDD20000FDD20000B3
:10011000FDD20000FDD20000FDD20000FDD20000A3
:10012000FDD20000FDD20000FDD20000FDD2000093
:10013000FDD20000FDD20000FDD20000FDD2000083
:10014000FDD20000FDD20000FDD20000FDD2000073
:10015000FDD20000FDD20000FDD20000FDD2000063
:10016000FDD20000FDD20000FDD20000FDD2000053
:10017000FDD20000FDD20000FDD20000FDD2000043
:10018000FDD20000FDD20000FDD20000FDD2000033
:10019000FDD20000FDD20000FDD20000FDD2000023
:1001A000FDD20000FDD20000FDD20000FDD2000013
:1001B000FDD20000FDD20000FDD20000FDD2000003
:1001C000FDD20000FDD20000FDD20000FDD20000F3
:1001D000FDD20000FDD20000FDD20000FDD20000E3
:1001E000FDD20000FDD20000FDD20000FDD20000D3
:1001F000FDD20000FDD20000FDD20000FDD20000C3
:10020000FDD20000FDD20000FDD20000FDD20000B2
:10021000FDD20000FDD20000FDD20000FDD20000A2
:10022000FDD20000FDD20000FDD20000FDD2000092
:10023000FDD20000FDD20000FDD20000FDD2000082
:10024000FDD20000FDD20000FDD20000FDD2000072
:10025000FDD2000075890100FDD20000FDD2000032
:10026000FDD20000FDD200005F890100FDD2000038
:10027000FDD20000FDD20000FDD20000FDD2000042
:10028000FDD20000FDD20000FDD20000FDD2000032
:10029000FDD20000FDD20000FDD20000FDD2000022
:1002A000FDD20000FDD20000FDD20000FDD2000012
:1002B000FDD20000FDD20000FDD20000FDD2000002
:1002C000FDD20000FDD20000FDD20000FDD20000F2
:1002D000FDD20000FDD20000FDD20000FDD20000E2
:1002E000FDD20000FDD20000FDD20000FDD20000D2
:1002F000FDD20000FDD20000FDD20000FDD20000C2
:10030000FDD20000FDD20000FDD20000FDD20000B1
:10031000FDD20000FDD20000FDD20000FDD20000A1
:10032000FDD20000FDD20000FDD20000FDD2000091
:10033000FDD20000FDD20000FDD20000FDD2000081
:10034000FDD20000FDD20000FDD20000FDD2000071
:10035000FDD20000FDD20000FDD20000FDD2000061
:10036000FDD20000FDD20000FDD20000FDD2000051
:10037000FDD20000FDD20000FDD20000FDD2000041
:10038000FDD20000FDD20000FDD20000FDD2000031
:10039000FDD20000FDD20000FDD20000FDD2000021
:1003A000FDD20000FDD20000FDD20000FDD2000011
:1003B000FDD20000FDD20000FDD20000FDD2000001
:1003C000FDD20000FDD20000FDD20000FDD20000F1
:1003D000FDD200008B890100FDD20000FDD200009B
:1003E000FDD20000FDD20000FDD20000FDD20000D1
:1003F000FDD20000FDD20000FDD20000FDD20000C1
:10040000FDD20000FDD20000FDD20000FDD20000B0
:10041000FDD20000FDD20000FDD20000FDD20000A0
:10042000FDD20000FDD20000FDD20000FDD2000090
:10043000FDD20000FDD20000FDD20000FDD2000080
:10044000FDD20000FDD20000FDD20000FDD2000070
:10045000FDD20000FDD20000FDD20000FDD2000060
:10046000FDD20000FDD20000FDD20000FDD2000050
:10047000FDD20000FDD20000FDD20000FDD2000040
:10048000FDD20000FDD20000FDD20000FDD2000030
:10049000FDD20000FDD20000FDD20000FDD2000020
:1004A000FDD20000FDD20000FDD20000FDD2000010
:1004B000FDD20000FDD20000FDD20000FDD2000000
:0804C000FDD20000FDD2000096
:1004C800064A074B02604FF49C725B7A82800822CE
:1004D800C371FF2382710372704700BFE79F00005A
:1004E800C00A0020F8B5C41D0028054624F00704FA
:1004F8000CBF0020204600F03BFA071E02DA6FF01E
:100508000B00F8BD254EB18870880331F3790330AC
:10051800B27989B280B208F0C7FC0028EFDB3C440E
:1005280073783178002D04F10304194424F003048E
:1005380000FB01F10CBF0020204600F09DFB2318B2
:100548000DB9002BDBDB717A184679B10333002D26
:10055800728923F003040CBF0020204600F0E2FB60
:100568000028CCDB20440DB90028C8DB317A91B1D2
:10057800737A83B1C41D002D24F007040CBF00203A
:10058800204601F093FE0028B9DB0DB10020B8E742
:100598002018B6D5B3E7002DF8D1B2E7C00A00207D
:1005A8001FB572B6194BDC68ECB9BFF34F8F184909
:1005B800184BCA6802F4E0621343CB60BFF34F8F55
:1005C80000BFFDE7B2FBF6F22B465D1C002AF9D10D
:1005D800DBB203F110056D4405F80C2C0A2233B97F
:1005E80001A8A047E1E7024600230A26EDE7013B00
:1005F800DBB203F110050DEB0506B0FBF2F502FBCB
:100608001500303006F80C0C2846E8E7C00A002030
:1006180000ED00E00400FA050A4B07B5DA886846E1
:10062800ADF800209A885B88ADF80420ADF8023058
:1006380000F0C2FF18B1FA219C20FFF7B1FF03B008
:100648005DF804FBC00A002010B5044628B306F084
:1006580059FF10B94FF0FF3010BD05F039FBB0F568
:10066800FA7FF7D80E4B00221A744FF48072DC60C0
:100678001A801B225A809A8040F20322DA804FF4B3
:1006880084721A811F225A81EFF3108472B600F027
:10069800A5FB04B962B60020DEE76FF01500DBE7C2
:1006A800C00A002010B5002840D1234C237C032B1E
:1006B80039D059B1002A3CD00239052936D8DFE8AB
:1006C80001F0031227352A2D137863700020FFF7F5
:1006D80009FF0028B7BF012302236FF00B00237422
:1006E800A8BF237410BD13791BB353790BB31188BA
:1006F800FB291ED853881B3B9BB2E02B19D81A291B
:1007080017D913689288C4F802300C4B9A80DDE739
:1007180013786372DAE713886381D7E71388FF2BAE
:1007280007D82372D2E74FF0FF30DBE76FF02C00D9
:10073800D8E76FF01500D5E7C00A0020C20A0020EC
:10074800F8B50D46064620B319B311F0070420D1B9
:10075800114F3B7C012B02D16FF00B00F8BD032B2E
:1007680002D14FF0FF30F9E700F070FB0028F8D015
:100778002846FFF7B7FE0028EEDB09F0C6FE304634
:10078800214600F049FFFFF747FF032320463B744B
:10079800E4E76FF01500E1E7C00A002010B5064C49
:1007A800237C032B03D100F04DFF01F06DFA08F014
:1007B8007DFC0020207410BDC00A002008B500F0A0
:1007C80011FF03490120BDE8084000F0C9B800BF87
:1007D800C9040000074B4FF0FF3141F6FF72C3E92F
:1007E800001205490022C1E900221F21C3E90212B3
:1007F800704700BF60000020D40A00203F280CD8B2
:1008080001380B4BC0F3421200F01F0053F822309E
:1008180023FA00F000F001007047FF2806D04038A6
:10082800044BC0F3421200F01F00EFE701207047AD
:1008380060000020D40A0020074B01460068496880
:100848001A4603C240F48C2200201A6041F010724C
:1008580042F4FF625A607047600000200246034B72
:100868000068516803C30020704700BF680000207B
:100878000138064BC0F3421200F01F0003EB82035D
:100888009B6823FA00F000F0010070476000002028
:100898000A8870B595B2C67CC2F30E020488023687
:1008A80002F118033444C35AA4B233442344013B2D
:1008B800B3FBF4F303FB0422438892B29342044B44
:1008C8008BBF2B40AB4313439BB20B8070BD00BF63
:1008D8000080FFFF4A1E062A08B50346084604D8CA
:1008E8004FF4D1711520FFF75BFE094A914202D9F6
:1008F80040F2A311F6E711B903B1196008BD2BB195
:100908001B680022C3E901211A1D1A600430F5E7AB
:10091800FAFFFF7F10B5114B00EB41041A78638989
:10092800B3FBF2F303FB0223013A1A44B2F5706FEA
:100938000279807828BF00231A440B18B2FBF0F123
:1009480000FB11215B1AB3FBF0F100FB11331344D8
:100958006FEA43436FEA5343638110BDDC0A00200A
:10096800024B03EB80035960704700BFDC0A00208C
:100978002DE9F04F10F0070A85B0054604D040F283
:100988006F111720FFF70CFE524F044607F10C06B3
:10099800B146B04657F8043B8DF80BA03BB101A80F
:1009A80098479DF80A30082B01D9F521E9E79DF809
:1009B8000B1041BB05B131604F4506F10406E9D182
:1009C800002D6FD00022DFF810910227964689F893
:1009D800002058F827A0013FBAF1000F55D09AF827
:1009E80004609AF802C0FF2E60D039460023481CE4
:1009F80038D19C44BCF1FF0F3FD90AB189F800E017
:100A08004FF49A71BDE79DF80AC04B1D60465A0025
:100A180004EB4303022838BF0220441E404223440B
:100A2800BDF808406444CCF1000C0340013C04EAE2
:100A38000C04B4F5803F02D340F20511A1E775B16B
:100A48009A1A0120326091701480D0709DF80C00C1
:100A5800107101984FEA104C1081A2F806C004FBEF
:100A68000134A9E758F8210028B190F804B0B3453B
:100A780004BF80781B180139B9E7DBB2E6458AF86C
:100A880004303CBF5FFA8CFE01227B1CA1D10AB165
:100A980089F800E0022640F6FF6A58F82670B7B9D0
:100AA800013EFAD2601B05B0BDE8F08F0023E5E7F0
:100AB80007EB410309F101093846A3F80AA0FFF73B
:100AC80029FF5FFA89F1BB788B42F1D8E8E74FF04C
:100AD8000009F6E7E00A0020DC0A002038B54FF6E6
:100AE800FF7302460380184B03EB81031869A8B112
:100AF80084780379B3FBF4F104FB1133DBB21946B4
:100B080000EB4105B5F90A50002D0EDB0131B1FBB0
:100B1800F4F504FB1511C9B28B42F1D1002038BDA0
:100B28006381BDE8384008F09BB900EB4104638954
:100B3800C3F30E031380C278002AF1D14FF4E57194
:100B48001720FFF72DFD00BFDC0A00201C4B03EB2C
:100B5800810370B51C69054644B3030404D54FF4FA
:100B6800EC711720FFF71CFD0146204608F05BF9E1
:100B7800FF28014604D02046BDE8704008F070B94F
:100B8800A078B5FBF0F300FB1353DBB219460A1D3E
:100B980004EB4206B6F90260002E09DB0131B1FB15
:100BA800F0F200FB1211C9B28B42F0D1002070BDE7
:100BB8008B4201D00023E37004EB42025580DAE750
:100BC800DC0A0020094B03EB8103014610B51C69C0
:100BD800204608F028F9FF28014604D02046BDE841
:100BE800104008F03DB9002010BD00BFDC0A00200D
:100BF800F8B5104B074603EB810301461C692046F4
:100C080008F011F9FF28054611D0E288238953EA34
:100C1800024606D00146204608F022F90146384629
:100C2800B04720462946FFF775FE0020F8BD05208D
:100C3800FCE700BFDC0A002038B50E4B0446827979
:100C480003EB8203186908B9052038BD8278E17979
:100C58009142F9D24B1CE37100EB41035D89B3F972
:100C68000A30002BF3DBA58008F0FAF8206000209A
:100C7800EBE700BFDC0A002070B5044610F0030063
:100C88000E4603D04E211820FFF78AFCFFF722FEFC
:100C9800054624B1034831460460FFF71BFE284689
:100CA80070BD00BFF80A00202DE9F14FDFF870B0E1
:100CB8001E4607460D46DBF8003090469DF828A0F2
:100CC8009DF82C901BB960211820FFF769FC52464B
:100CD8000921404608F015F84A4684B209213046F1
:100CE80008F00FF881B2DBF80000214408F076F82C
:100CF800386018B9286001B0BDE8F08F0444534645
:100D0800414609222C60386807F0DAFF4B46092271
:100D18003146286801B0BDE8F04F07F0D1BF00BFE9
:100D2800F80A00201F2AF8B5044624D89200134D6B
:100D3800033250B1830703D068210920FFF730FC44
:100D480022F00303297068602B8122F00302282314
:100D58000127120403FB01F06B680025120CEEB2A8
:100D6800B14200D8F8BD14B126181F705E60104457
:100D780001352833F3E74FF0FF30F3E7FC0A002092
:100D8800154A002170B553681578C8B2854203D852
:100D9800BA210920FFF704FC1C461846013114F853
:100DA800286B0EB92346F0E70021997001241289B7
:100DB800996103F126055C709208D96103F11E045C
:100DC800596824F8022FAC4243F8041F1144F8D1A3
:100DD80000234361037070BDFC0A0020124B0122FE
:100DE8004FF0FF3000215A60C3F80803C3F800151C
:100DF800C3F804255A6040F6FE72C3F808034FF49E
:100E08008060C3F8001503F560330849C3F8082566
:100E1800C1F88800BFF34F8FBFF36F8FC1F8880107
:100E2800C3F80825704700BF00A0045000E100E0A7
:100E380002680020014B1A60704700BF080B0020B1
:100E4800014B1B68184700BF080B0020024B1868AD
:100E5800003818BF01207047080B00200A460648D2
:100E68008F2302F8033BC368C1F80330036953605A
:100E780043699360704700BF0C0B0020014B0021B1
:100E88005B6A18470C0B002010B5154C03F032FFB5
:100E980004F07EF9208DFFF7F1FF237E63B122462F
:100EA800104904F1190052F80C3BE3606368536081
:100EB800A368936008F08AFC218DE06A01F022FAA9
:100EC800E36AB3F8AA0001F0A7F9636B94F830104D
:100ED80094F831009847002384F8383010BD00BFDB
:100EE8000C0B0020650E000070B5184C0546E36C2D
:100EF800E66AE3634FF4817394F85000A4F8403035
:100F0800337D96F8151100EB83002DB9FF2803D126
:100F180096F814318B4201D003F05AFC337D73B13B
:100F2800606D03F05BFE616DE06B04F0B7F815B916
:100F3800284603F0A1FE022384F8383070BDE06B28
:100F480003F04CFE04F024F9F1E700BF0C0B00207D
:100F58007FB50022012300F180010392CDE904232B
:100F6800074A92F85020029200F19002CDE900322F
:100F7800D0E91E23022004F02DF807B05DF804FB29
:100F88000C0B0020F8B5584C054694F8386006F06C
:100F9800FF0016B909B102B123B94FF42071272017
:100FA800FFF7FEFA63639DF81830616284F88530B4
:100FB800626784F8300084F8860084F8310084F889
:100FC80088006084208584F8780084F8790084F8A3
:100FD8007000A0652066A4F86400E0636064A4F86B
:100FE8004800E56203F020FC04F0D2F895F91C01F2
:100FF80003F074FCD5F8D060D5F8C80003F074FC91
:10100800304603F0DDFD95F8240003F077FC08F086
:10101800BFFD95F8152100F17101012003F0ECFCEA
:10102800324B186803F0D2FDD5F8BC30C4F88030D4
:10103800D5F8C030E366AB7B233B072B52D9EB7B5B
:10104800233B072B4ED9B5F8E630B5F8EC0095F8F8
:101058001411984228BF184608F0EDF995F8E830C1
:10106800834228BF034698B295F8E430984200D3EB
:10107800C3B295F8151105F1DC0084F8873008F043
:10108800D2FB2F7D95F81511B5F8F06008F0D3F96B
:101098000FB9043080B2864228BF0646F3B284F8FE
:1010A800843084F850302B7D13B12846FFF750FF69
:1010B8000120FFF719FFE36AD3F8C00103F0AAFD86
:1010C800002323606360A360EB886380B5F8AA30CF
:1010D800238095F824302371D5F818310BB10122FB
:1010E8001A60F8BD1B23C4E70C0B0020DC1300209A
:1010F800014B93F8880070470C0B0020024B93F8C3
:101108002900C0F3C00070470C0B0020014B93F876
:10111800860070470C0B002010B501210020FFF756
:1011280051FD044670B90121FFF710FD044620B9AE
:1011380040F225313920FFF733FA034B93F91810A1
:1011480008F01FFF204610BD980B002008B508F0D6
:1011580004F900F037FC00F099FA08F00FFB01F0F1
:10116800B7F803F031F80022074B4FF01B1107487E
:101178001A60074BC3E901014FF4A4711A801A825F
:10118800D960DA7408BD00BFE013002003021B0019
:10119800980B0020034B41F64C525A611B229A745B
:1011A800FFF7D4BF980B0020F7B5274D00F1A8072B
:1011B80004466B69C0F8DC30244BC0F8C4303846AC
:1011C80008F0FCFD064600F051FA8306A97C53BFDF
:1011D8001B23EB882A891A46A4F806311C4BA4F86D
:1011E80008211B6884F8E410A4F8E66023B194F998
:1011F8001C11B4F8AA0098471649384608F098F820
:101208000123EA8804F1BC006979A4F8DA300332D2
:101218002B89019192B22979033300919BB204F191
:10122800C001FFF741FDD4F8BC3023B940F2E241D8
:101238003920FFF7B5F9D4F8C03013B940F2E341CB
:10124800F6E703B0F0BD00BF980B002000093D0091
:10125800E4130020A60B0020024B1B6803B11847BB
:101268000C207047E0130020034BDA8802801B79BA
:1012780083700020704700BF980B0020F7B50778EF
:1012880005460C46EF2F0FD890F901204378002A25
:101298000ADB8278900707D113F010001DD1990658
:1012A80003F0030202D51AB1122442E0032AFBD04C
:1012B8001E07F9D42979EA78EE7942EA0122697998
:1012C80042EA0142A97941EA06212E7A41EA064119
:1012D8008A42E9D81F2A0FD8E6E713F0600FE3D156
:1012E80003F00702052A05D003F00F010D22CA40BA
:1012F800D107D9D51A07DDD56A7A013A062AD3D893
:10130800AA7A032AD0D813F0040102D1023A012A9A
:1013180003D8EA7A012AC7D811B9AA7C032AC3D804
:101328002A7D48B1012ABFD12A7E012ABCD830B90A
:101338001124204603B0F0BD022AF5D1B4E7DB073B
:1013480012D46B782A7D03F01803082B11D1022AD6
:10135800EED101213846FFF735FC064678B108F092
:10136800C4FDB8B10C24E4E700F050F90028E8D136
:10137800DEE7022AEDD02B7F002BEAD0D8E7012147
:101388003846FFF7E3FB064640B3154B93F91810B0
:1013980008F0F7FD304608F0E4FE29462070E874AE
:1013A800304608F034FEEB7E0446002BC1D00028FE
:1013B800BFD10246B16A684607F08DFD2246B06A81
:1013C800012107F0D3FDB16A6846042207F083FDC6
:1013D80022462146B06A07F0C9FDAAE70724A8E714
:1013E800980B002030B502798BB00346042A4FD8F9
:1013F8004088B0F5804F4BD8264900248D5C1144B5
:10140800ADF800404A798DF8084042F010028DF896
:10141800244042EA45028D7AC97B42EA850242EAC3
:10142800C102694602F01F028DF80020BDF80020B5
:10143800ADF809201A888DF80E00000A8DF80B20E7
:10144800120A8DF80D408DF80C208DF80F008DF8DC
:1014580010405A7BD3F807008DF811205A7905906F
:1014680002A88DF812209A798DF81320B3F80B2072
:101478009B7BADF818208DF81A307F238DF81B3030
:101488004FF00113CDE90734FFF7F8FE0BB030BD7C
:101498001220FBE754AF010073B50646FFF73CFE88
:1014A800044608F069FE33780546012B5FD12046D3
:1014B80008F09AFD00287AD0204608F05DFE18B1A1
:1014C80015B9122002B070BD204608F00EFD08B113
:1014D8000C20F7E7204608F045FD06460028F7D11E
:1014E800204601F09DFE0028EBD0ED0142F210737A
:1014F80031462046ADB25D4308F02AFE204608F08A
:1015080033FE014658B92A46204601F003FA08B9C5
:101518000020D7E741F698213920FFF741F83146F6
:101528000DF10600FFF7DAFA064608B90D20C9E7FB
:10153800BDF8061007F0A3FF3146204608F020FE4C
:101548003046FFF731FE2A463146204601F0E2F9DF
:10155800024610B141F6B421DEE7164BDB69002BD9
:10156800D6D006F5917106F1A8009847D0E7002B70
:10157800A7D1204608F038FDC8B1204608F0B5FCD0
:101588000028C5D0204608F0E9FB0546204608F0AB
:10159800E8FB014600289BD1002DB9D0B5F8AA0078
:1015A800FFF726FB0028B3D041F6D621B4E7422046
:1015B80088E700BF980B00200278034672B1427892
:1015C80062B142881A2A09D982881A2A06D900687B
:1015D800034A506000209B8813817047122070478F
:1015E800980B002010B5064C0649201D07F06CFE2C
:1015F80004F108000449BDE8104007F065BE00BFCB
:10160800B80B0020A8000020B0000020014B18787B
:10161800704700BFB80B002010B5064C00F020FB47
:10162800606807F049FEFFF7B5FD00F073FC012381
:10163800237410BDB80B0020014B187C704700BF05
:10164800B80B002010B5064CA06807F035FEE0681E
:1016580007F032FEFFF77AFD0023237410BD00BFA8
:10166800B80B002000487047C90B0020014BD3E994
:101678000001704770000020034B1868C0F3002079
:10168800400040F0010070477000002008B504F0E9
:101698001FFB0023074A32F82310814205D302EBCF
:1016A80083029378044A137008BD01330C2BF2D1DE
:1016B8000023F7E768AF0100CD0D0020006808B5EA
:1016C800B0F8AA3080F86411A0F8653190F81431A8
:1016D800012B06D0022B04D04FF43F710620FEF7F1
:1016E8005FFF80F8673190F81531012B01D0022B8C
:1016F800F2D180F8683100F25B100249BDE8084079
:1017080008F064B823930000044B93F82220012AC0
:101718001ABF036001200020704700BFCE0D0020D3
:10172800054B024693F8221001291BBF01209A8419
:10173800002083F822007047CE0D0020044B0022C1
:1017480093F822009A8410B1012083F82220704770
:10175800CE0D002050B90A4A0120134603F8010BA8
:101768000868C2F801008A889A807047012805D164
:10177800034B0A68D8719A608A889A81704700BFBB
:10178800F40D002050B90B4B187888B1D3F801201C
:10179800B3F805300A6001208B807047012806D114
:1017A800044BD87920B19A689B890A60F3E7002036
:1017B800704700BFF40D002010B9044B187870472B
:1017C800012806BF014BD87900207047F40D00208E
:1017D800F7B58A8800238DF80600ADF8042008685C
:1017E8000B4A8DF807300146147802F5A872019D5E
:1017F800D8B2844201D8082007E052F8087F0133A4
:101808005668AE4208BF8F42F2D103B0F0BD00BFA8
:10181800080E0020084B0146002230B55C7803F220
:101828000113D0B2844201D8082004E013F8015F04
:1018380001328D42F5D130BD080E0020F0B5254D9E
:1018480089B095F8984105F299116846224605F045
:10185800C3FF2146684607F09FFD0446B8B300EB76
:10186800400102A8C9B2FFF7EBFA631E95F8A1611F
:101878000124DBB295F8981105E0721CB2FBF1F077
:1018880001FB1022D6B206F120020DEB020010F87F
:10189800202C002AF1D103EB430100F8204C06EB81
:1018A800460220312A44694411F8187C82F8A27152
:1018B80011F8177C11F8161C82F8A37182F8A4118C
:1018C800013BAA19DBB282F89941FF2BD2D109B0AA
:1018D800F0BD00BF080E002070B5064688B00C4663
:1018E800002A4ED0294A92F8A131D01890F89911BF
:1018F80019B9FF212820FEF753FE03EB43010133FA
:10190800114491F8A251E57091F8A35191F8A411EE
:1019180025716171002180F8991192F89811B3FB33
:10192800F1F001FB103382F8A13192F8C23123B9EA
:10193800174902F5DD7007F046FF65790D22002191
:10194800684605F03F0545F04005657109F08DFAD8
:10195800E37804AA69468DF80F30304623798DF86C
:101968000D508DF80E30042309F0E9F99DF81F3069
:1019780023709DF81E3063709DF81D30A37008B069
:1019880070BD03216018FFF75BFAD6E7080E002048
:1019980045180000044B5A78824286BF1B1893F8FA
:1019A8004A010020704700BF080E0020044B5A78F7
:1019B800824286BF1B1893F842010020704700BF7F
:1019C800080E0020064B00224FF461711A8083F83C
:1019D800C32183F8C421A3F8C61183F8C221704734
:1019E800080E0020014BB3F8C6017047080E00200E
:1019F8000A4B30B55C7884420ED9184490F802013D
:101A08002B3003EBC004A5790D7053F8300010603B
:101A18000120A388938030BD0020FCE7080E002039
:101A28000246074810B590F8C34124B1417821B166
:101A3800023002F0EBFB204610BD0C46FBE700BF6E
:101A4800080E00202DE9F74F2F4C9A46804689460C
:101A58006378834256D9231893F8425185F00105DB
:101A6800F9B193F84A31E3B945F002070135BAF103
:101A7800000F18D1FA070AD5062104EB08105246C0
:101A880001FB0841823001F58571FFF725FFBB078F
:101A980034D504EB0810524649460230FFF71CFFC4
:101AA8002CE02F46E3E794F8A1614FF0010B002DDD
:101AB800E0D0A31993F89911019399B90092DAB17A
:101AC80000F0F8F9019B06EB4601009A4FEA102C4A
:101AD80083F899B1214481F8A201000C81F8A3C1CF
:101AE80081F8A401013694F89831013DB6FBF3F171
:101AF80003FB1166F6B2DAE747F00407384603B08D
:101B0800BDE8F08F0027F9E7080E0020074B5A7848
:101B1800824209D91A1892F842212AB9062202FBF0
:101B2800003000F58570704700207047080E0020CF
:101B3800064B5A78824281BF1B1893F83A01B0FAD3
:101B480080F0400998BF0020704700BF080E0020B1
:101B58000B2808B504D940F229112920FEF720FDE9
:101B6800014B33F8100008BD98AF0100036830B589
:101B78000024D3F8C40042F21075A3F84040B3F82B
:101B880044404443B4FBF1F4A3F844404C1E05FB25
:101B98000242B2FBF1F2A3F84220094AB2FBF1F289
:101BA8000132A3F848209A8F05FB02445A6B504330
:101BB800B4FBF1F4B0FBF1F09C63586330BD00BF97
:101BC800005A62020346084671B13F2B0BD8074AF8
:101BD800D35C03F07F02914205D08CBF0120002026
:101BE80000EAD31070470120704700BFB0AF010072
:101BF800FF230B7002234B7083238B70014B1B78E0
:101C0800CB707047D40F002038B5134C1022002138
:101C1800201D09F02AF90125257404F10803102272
:101C2800002104F11400C4E9013309F01EF984F815
:101C3800205004F11803094AC4E9053300236362FC
:101C4800A36284F82C30C4F82D30C4F8313084F8FD
:101C580035301360A36338BDD40F0020E81300208B
:101C680010B5084C2378FF2B04D040F299111020AE
:101C7800FEF796FC05F01CFD2070BDE81040FFF74C
:101C8800C3BF00BF7D00002010B5034C207805F0CD
:101C980029FDFF23237010BD7D000020014B18781B
:101CA80005F030BD7D0000202DE9F341DFF86881A3
:101CB800054608F11407D8F80830D8F81840227AF1
:101CC800012A22D1D8F8382052B1137A1BB9BF2182
:101CD8001020FEF765FCD8F83840C4B9002083E02E
:101CE8001A7A012AFAD01C464C4AEFF3108172B6D0
:101CF80050680068506001B962B6A34208BFC8F8CE
:101D08003840237A1BB9EE21E2E73A46EDE7267A16
:101D1800F6B205232372731E0B2B6ED8DFE803F08F
:101D28006A062235676D3E6D6D6D6D5B636813B92C
:101D38004FF40371CCE72046294698470420EFF377
:101D4800108272B6237A052BD9B24FF0000359D10D
:101D58002372D8F83810A14201D1C8F83830B2BB84
:101D680062B634E0636813B940F21521B0E729463A
:101D7800204698470346ADF80400C0B2C3F30723D2
:101D8800012B2FD0022BDAD11AE0636813B940F285
:101D98001D219DE7204698470020D0E763680BB9CE
:101DA800FE2195E786222A7001225988AA706A7155
:101DB80000225869A5F80310AA7106F0FCFF042058
:101DC800D8F83830A34202D10023C8F838300028A8
:101DD8003FF471AF08E0124B294620461B6898472C
:101DE800034668B9267298B102B0BDE8F0814FF495
:101DF80015716DE740F257216AE740F25A2167E70B
:101E08000220DDE711B940F27B2161E71846A6E719
:101E1800002B7FF450AF61E7D40F0020D80F0020CB
:101E2800EC130020134610B5027A22B140F20231B9
:101E38001020FEF7B5FB0A4601460248BDE81040EF
:101E480007F09EBCD80F00200346064890F83C20B7
:101E58003AB190F8352022B9034900F82D3B07F034
:101E6800ACBC7047D40F0020F91B00000A4610B51F
:101E7800037A23B140F20A311020FEF791FB0146A4
:101E880007230248BDE8104007F07ABCE80F00209D
:101E98001346027A0AB1037270470A46014601489E
:101EA80007F06EBCD80F0020014907F08FBC00BFB7
:101EB800DB970000094AD2E90003434083EAB011E6
:101EC80081EA43214FEAF34311605360044B5843BE
:101ED8004FEAF06000EB8000704700BF141000204C
:101EE800BB79379E094AD2E90003434083EAB0111F
:101EF80081EA43214FEAF34311605360044B58438E
:101F08004FEAF06000EB8000704700BF80000020BF
:101F1800BB79379E10B50A4C08210948FEF790FF97
:101F2800D4E900321343F7D0064CFFF7DBFF2060FB
:101F3800FFF7D8FF236860601843F6D010BD00BFD4
:101F4800800000201410002037B5044601A80D4673
:101F5800FFF7DAFB20B94FF4AA615120FEF720FB06
:101F680000212222019808F080FF019B194601F800
:101F7800035F023D232D00F28980DFE805F0258705
:101F8800128A8A25872B878A313D418787458A8A25
:101F98004E4E656587878787878787878787876C9A
:101FA800778021680D20D1F8CE215A60D1F8D2214E
:101FB8009A602268D2F89420DA60FFF7B1FB002813
:101FC80069D140F25751C8E7226892F8A020022050
:101FD8001A71F2E7204600F0E5F80028EDD13DE05F
:101FE800112206201A7159225A7100229A71392237
:101FF800DA7130221A72E0E7226892F89A20E6E74E
:10200800084600F0BDF8E8E7226892F89B101971BD
:1020180092F89A2003205A71CFE722680920B2F873
:1020280000111971090A5971B2F8A2109971090AB7
:10203800D971B2F8FC101972090A5972B2F8A020C5
:102048009A72120ADA72B8E7226892F82E11197198
:1020580092F82F21DEE7114B1B6813B940F2495162
:102068007BE72320224698470420A6E70B4B1B68F2
:10207800002BF3D022462420984705209DE7074BE4
:102088001B68002BEAD022462520F5E740F2445190
:1020980063E7012091E703B030BD00BFF0150020D1
:1020A8003F289ABF024B53F820000020704700BF1A
:1020B800F01300203F289ABF024B53F8200000205D
:1020C800704700BFF0140020F7B5056804464FF6C6
:1020D800FF77D5F8BC600DF102010DF10102304621
:1020E800ADF8027006F020FE01A9304606F03EFE6B
:1020F80048B1019806F070FE2168A83100220272EA
:10210800FFF7B4FEE7E7044905F1280003B0BDE88E
:10211800F04007F055BB00BF579A0000024690F800
:10212800D631BBB990F8D73103F0FF010BB10020CD
:102138007047094B18780028F9D01970D96804330A
:10214800C2F8941003CBC2F8CE01C2F8D211FF2313
:1021580082F8D631012070471C100020006890F8E2
:1021680071314BB9B0F8AA3000F2691003494381C4
:102178001A23437207F021BB704700BFE39A00009F
:1021880010B50446FFF772FA044A054B02400920CD
:102198000B40C4F80120C4F8053010BD2FC904F75E
:1021A8006FDB008037B50C460568FFF75FFA0A4B0E
:1021B8000A4A03400A4095F8621000930B400192C6
:1021C8008DF800306B4603CBC4F801000920C4F831
:1021D800051003B030BD00BF2FC904F76FDB0080C6
:1021E80038B5DB04154604D5037D13B100234363DA
:1021F80038BD446B0134446307F096FC836B9C4202
:10220800F6D30023034943632846BDE8384007F066
:10221800DDBA00BF0D9B0000024B1B6803B11847D5
:10222800704700BFF4150020F0B51F4D00242B782F
:1022380014709BB1013B6D68DBB21E1B012E0FDCD5
:1022480005EBC40655F8347076688E4208BF87429D
:1022580027D0B84271EB060612D214700020F0BDE8
:102268001E197710C6F3470655F837C005EBC70E99
:102278008445DEF804708F412CBF33463446DCE7D2
:1022880005EBC30455F8335064688C4208BF854297
:1022980006D0A84271EB040428BF01331370DDE7B0
:1022A8001C4601201470DAE73C10002010F00702E9
:1022B80008B503D063214820FEF772F918B1034B23
:1022C800197258601A70C80008BD00BF3C10002081
:1022D800014B00221A7070473C100020FF23084A67
:1022E8000B700D234B7082238B701368C1F8033079
:1022F8005368C1F807309368C1F80B30704700BFC6
:10230800521000200B4B5A7D92B14A0610D5B0F8F6
:10231800AA2009491A80D0F850225A60D0F85422CD
:102328009A60C28803F10C005A800222FFF7B0BD00
:10233800704700BF52100020E5220000094B53F8F7
:10234800203003F5224370B5B13316464FF47A7244
:102358000C46B3FBF2F5344402F06CFD2C442044E7
:1023680070BD00BFB8B001002DE9F04F8BB0044636
:1023780098460F46039290F8159106F0CCFF8246D6
:1023880094F81F01FFF7E4FB824407F001FCE37BAC
:1023980000F148061FFA8AFA0293039B002B4AD1E0
:1023A800637B032B47D1029B0C2B32D1B4F86C32E0
:1023B800BB422ED1D4F8F0312046B4F8C421C4F879
:1023C800E031D4F8C430C4F8E431B4F862321344CC
:1023D800C4F8E83101F0B0FED4F8742241F64B514C
:1023E80094F81D31C4F8C4208A428CBF002303F03E
:1023F8000103D4F87012D4F87822C4F8D41084F801
:102408001E310223B4F86E12C4F8CC20A4F8D810F8
:102418006373E37BA17B282B01D028290BD1B4F867
:102428006C32FB1A1A0406D4A1F12803204659423B
:10243800594101F043FAB4F8605204F50C73B4F84A
:1024480006E07D1B94F815B1A7EB0E0E04932DB290
:102458000FFA8EFE002D0FDA7546D4E99223C4E9EF
:1024680096230122637B032B00F26481DFE813F0DB
:10247800060006015A0029014246F3E7012100201F
:1024880006F0E8FF8146D4F8D4005146484403F0EA
:10249800D3FB5146C4F8EC01D4F8C40003F0CCFBDC
:1024A80007A9C4F8F00108A802F034FC079B0093C0
:1024B800DDE90823D4E9960108F0C4F8834604F15D
:1024C800A80007F07DFBD4F8D420D4F8643294F83F
:1024D8001501D51802F0B6FCD4F8EC1100F522402D
:1024E800203D4FF47A73B13032466D1A3031AD1B4E
:1024F800B0FBF3F04D44B4F8D830A5EB0B0503EB73
:1025080041012D1A94F81501FFF718FFD4F8643229
:10251800C4F8F401EB1AB92B5DD840F2C74130205A
:10252800FEF73EF8D4F8D4305146D4F8E401184404
:1025380003F082FB5146C4F8EC01D4F8C40003F060
:102548007BFBC4F8F00104F1A80007F039FBD4F8CC
:10255800D430D4F8E4511D44B4F8C431002B40F011
:102568008980B8F1000F00F0858094F8150102F019
:1025780069FCD4F8EC11D4F8503200F522406D1AF9
:1025880094F81521B130203D1D44854B53F8222085
:102598004FF47A7302F2E732D4E9929AB2FBF3F27B
:1025A800A5EB0905B0FBF3F01544AD1B2D1AD4F8C3
:1025B800E821D4F8E03194F8150102FB0313B4F8CC
:1025C800D8103246303301EB4301FFF7B7FE012341
:1025D800C4F8F4016373D4F8C430D4F8F021723B22
:1025E8009B1A9E1B0023864284F83032D4E9963227
:1025F80028BF064604F1DC005B19C4F8C06142F14B
:102608000002C4E9903207F00CF904233044A4F81E
:10261800607284F83932C4F83402D4E99023C4E9EA
:102628009623B4F8B031DB1B1BB2002BD4BF0022B9
:102638000122520084F83822029A0C2A7DD0B8F17F
:10264800000F7DD1637B002B00F09680D4F8C41076
:1026580004F50C70D4F8F031C91A06F0BEFE80B249
:10266800002800F08980149B03B1188001200BB06A
:10267800BDE8F08FD4F8EC116D1A98E7D4F8F001A2
:10268800D4F8C430B4F8C4C11B1AD4F8E811F4441F
:10269800D4F8E0215D43D4F8EC31ACEB010C3033D5
:1026A8000CF1FF3C02FB0133B4F8D810324600FBB2
:1026B8000C3301EB43015846FFF740FEC4F8F40120
:1026C80089E7D4F8F0A1D4F8C430B4F8C4C1A3EBB6
:1026D8000A035D4332B3BCF1000F23D1D4E994233C
:1026E800D4E99201904271EB030302D340F20E51F8
:1026F80015E72B4B203A53F829304FF47A79D4E96F
:102708009201CDE9040103F2E73103F5224304986D
:10271800B133121AB1FBF9F1B3FBF9F30A44D21A37
:10272800921B15440CEB0E0132460AFB01F13031C5
:102738004900C0E740F22651F1E6B8F1000F1BD07E
:10274800B4F8D80110B3B4F8DA1194F8DC214D1CB0
:10275800A4F8DA1101FB022290420DDD002B0BDDFB
:102768000023A4F8DA5184F83832FFF7A3FB00F00D
:102778000700013084F8DC0104F50C7104F50270DF
:1027880004F002FA20B940F27651C8E60146DCE7C7
:10279800039B83F0010384F80032002067E700BF41
:1027A800B8B001002DE9F8430E46044618B9D32104
:1027B8003020FDF7F5FE052900F2A780DFE801F0DB
:1027C8000376413DA52E07F0E1FFC4E94601204606
:1027D80000F04AFED4F80C01A43807F02DFF20467B
:1027E80007F0CAFC054600BB0146204607F001FC7D
:1027F80000F1AE06D4F80C01B04209D2301A032118
:10280800192838BF192007F093FF60B107F016FFA9
:10281800C4F80C61204607F0C1FC45B12046BDE86C
:10282800F84307F0BCBC0125F2E70025F2E7D4E93C
:102838004623C4E94023BDE8F883BDE8F84302F025
:1028480075BA07F0E1FB04238146884684F8113104
:1028580007F0F0FE07220F46A9FB023102FB081120
:10286800D4E940525B1941EB0205D4F8E8203AB1AB
:1028780059EA080204D0984277EB050228BF0126DE
:1028880084F81061D4E94826121A66EB070694F812
:10289800301139B9012A76F100010BDA204600F02F
:1028A800EBFD03E0012A76F10006F7DB002384F84C
:1028B8002831C0E7984277EB05010FD259EA08089A
:1028C8000CD01B1A65EB07019A4276EB010005DB79
:1028D800012B71F10000A4BF1A460E460C490123D2
:1028E80004F1C000914284F829314FF0000384F8C4
:1028F8000831B341B8BF0A4604F5847104F0BCF945
:10290800002898D140F2B26152E7EF2150E700BFAA
:102918000040420F2DE9F84304460E46154690F84C
:10292800283103F0FF07002B40F0948000F1C00825
:1029380039467822404608F098FA224646494046E9
:1029480007F096FFC4F8E860FF2384F8283166B1E1
:10295800FFF7C8FA00F0070032464049013086F810
:10296800DC0106F5027007F083FF40F202434FF0E6
:102978000009A4F8103184F8089103F0B3F900F1C4
:102988004906204607F0F8FB0146B6B2C0B306F088
:10299800C2FC00F12801284689B203F04DF9284409
:1029A800AE3DC4F80C0107F045FE3018A4F81E909F
:1029B80041F10001C4E94601012084F8EC0007F068
:1029C80085FC2D1AC4F8F0504FF0FF356FF0004128
:1029D8004046D4E94623C4E94851002504F58471EA
:1029E800C4E93E23C4E9402384F8295142F2107215
:1029F80004F042F938BB40F2B9113020FDF7D0FDA0
:102A08002046DFF85C9007F0F4FAAE30C4F80C0109
:102A1800B9F8000048B1E08B38B1FFF763FAB9F8AC
:102A28000030B0FBF3F202FB1300064407F002FE8D
:102A3800361841F10001C4E94661002DC4D0AD1932
:102A480041F10001C4E72946204607F0AAFB3846B1
:102A5800BDE8F8830C27FAE7AD270000E39B0000E8
:102A680068100020F0B5002385B0CDE900330123BC
:102A78008DF806306846FEF7DFF870B10123104E76
:102A8800B3700023CDE9023302A8FEF7D5F8044657
:102A980038B10023B37005B0F0BD009807F061F9B4
:102AA800E8E7029D6B7B002BEED005F502773846F0
:102AB80007F0E5FD384607F0EEFD6C73E4E700BF6C
:102AC80068100020044B0022DA709A7042F21072EB
:102AD8001A80FFF7C7BF00BF6810002008B501F0D3
:102AE80053FE044B5A6882422ABF9878002080F02F
:102AF800010008BD68100020F7B5044606297BD8F8
:102B0800DFE801F004251523282D74003C4B9B7841
:102B180003F0FF025BB900920123B0F8B411FFF78C
:102B280023FC30B140F2CE613020FDF739FD04239B
:102B3800637301F0C9FF04F013F80023E288A4F8D6
:102B48006232A4F8FE2184F8013203B0F0BD0323F9
:102B58004373FAE707F0F7FCC4E99401F5E790F846
:102B6800150107F01DF86430D4F8F0319528D4F831
:102B7800C450234F8CBF0020C0F19600C218954264
:102B880088BFED1AFB7894BF00252D1A23B9D4F815
:102B9800DC309D4228BF1D46D4F8C06104F1DC003A
:102BA80006F03FFE0644022007F098FD0221AD1B07
:102BB80025EAE575854228BF0546284607F0B8FD91
:102BC80010B12E4407F03AFD0123C922314604F121
:102BD800A80006F0CAFED4F8C0317860D4F8C40062
:102BE800184403B0BDE8F04007F026BDA83003B094
:102BF800BDE8F04006F0E4BF40F29C7194E700BFE6
:102C080068100020014B1880704700BF6810002032
:102C18000346074A1068D3F84920C0F80320B3F8E0
:102C28004D20A0F8072093F8481006F02CBD00BFEF
:102C38007010002070B504460E461346807D6588E6
:102C4800324615F0040118BF04F15701FEF7FAFEE9
:102C58004107054621D4C2070BD50123A07D84F87E
:102C68004830FEF753FF0368C4F849308388A4F856
:102C78004D30AB0701D4012070BD094B0121186804
:102C8800D4F8573084F85610C0F80930B4F85B30DF
:102C9800A0F80D3006F000FDEDE70020ECE700BFDE
:102CA8007010002038B5C38C04460F4D0133C3F3B0
:102CB8000E03C3842B7C2BB102F004F801F0FEFA5A
:102CC80000232B7400232B7194F869302BB1012158
:102CD8002046BDE8384007F086B8637C13B1E28C23
:102CE8009A42F4D20021F3E77010002010B5074C87
:102CF8002379012B05D1237C1BB101F0E3FF01F0FF
:102D0800DDFAA069BDE81040FFF7CCBF70100020C5
:102D180070B5254C2379012B04D040F682412D2033
:102D2800FDF73EFC98B90125237C1BB101F0CAFFD1
:102D380001F0C4FA002D36D0A06907F02DF868B369
:102D480001F06EFEE369BDE870409B681847216892
:102D5800A26911F8095B02F1490392F84820E809D1
:102D680006F0FCFA0028DED00021206806F0B9FC45
:102D78000028D8D02379A069012B02D040F65C4105
:102D8800CDE7237905F00F01E26903F18043526929
:102D9800013B52F8233098470546C5E7A069BDE8CE
:102DA8007040FFF77FBF70BD701000200346074AD0
:102DB800906903B909B9FFF775BF1379D26903F1AF
:102DC80080431269023B52F82330184770100020E4
:102DD80003292DE9F043054685B0174607D14388F6
:102DE800980723D40024204605B0BDE8F083428824
:102DF80090F86830D107DBB2F4D5002BF2D14FF050
:102E08000108DFF8D49099F81060C6B106F0DBFA33
:102E18000828387016D002AA0DF10701FEF7E8FD60
:102E280038B940F6F7612D20FDF7BAFB4FF00208DC
:102E3800E7E702A99DF8070006F092FE06463B78F0
:102E4800082B08D1D9F8001011F8030BC0F3801033
:102E580006F086FE0646D9F8001005F1500395F8ED
:102E68004F2011F8030BC0F3801006F077FAD9F859
:102E78000010044611F8030BC0F3801006F099FA0D
:102E88008146FEF755FE40B1B9F1080F1BD0484600
:102E9800FEF780FD80F00103D8B23A78082A14D0F2
:102EA8001CB9AC7DA21A544254416A8853079AD47B
:102EB800002897D176B9EC7C444518BF002C0CBF8C
:102EC800012400248FE70020E7E780F00102224078
:102ED800D4B2EAE7344686E770100020032937B5F4
:102EE800044604D0052957D0012003B030BD08237B
:102EF8000DF107028DF80730FFF76AFF0028F3D0BD
:102F0800237C2A4D03B39DF8070094F8B630DBB94B
:102F18002378082804F1B90284F8B7302DD004F1D9
:102F2800B801FEF765FD20B94FF477612D20FDF754
:102F380037FB94F8B83043F0020384F8B8301C49E2
:102F480004F1AE0006F039FC2B68042220461A7002
:102F580006225A70FFF75CFE616B94F838202868E7
:102F680006F0B0FB032328682B7101F037FE00211F
:102F7800286807F0F2FA0020B7E72868034613F834
:102F8800031BC1F3801184F8B810D0F80310C4F8FB
:102F9800B9109B889380D2E7064B1B68002BEAD0B8
:102FA800984780F00100C0B29FE700BF7010002072
:102FB800FF9E0000F8150020F8B504460F4619B327
:102FC80000F12005284607F05EF9A0B963881A07C2
:102FD8002ED5284607F06CF90646284607F053F91F
:102FE800301AC0B207F072F9494A93680344284678
:102FF800936007F027F9284607F029F901F07EFCCD
:103008002179252001F0E4FB414E002394F8562055
:103018003068037043706388103B0D2B68D8DFE875
:1030280003F063675F0C67446767676767676744B0
:103038002046BDE8F840FFF735BE0623437020233D
:1030480003702046FFF7E4FD638823F008039BB272
:10305800152B05D094F83020E16A306806F023FB80
:10306800306801F0BBFD0021306807F076FA0223D2
:1030780021790020337101F04FFC054607B9F06053
:1030880063881B0704D507F01EF90544C4F8F450FB
:103098006388103B0D2B36D8DFE803F038352F2F27
:1030A800352F353535353535352F0C2321214370EE
:1030B800034603F8091B52B1D4F857200121C0F880
:1030C8000920B4F85B209A8006F0E6FAB9E7226D89
:1030D800C0F80920B4F854209A8094F84F10F3E708
:1030E800062303704370ACE7022303700623F9E755
:1030F80040F259612D20FDF753FA21790120BDE8EE
:10310800F84001F0EDBD40F6F541F3E7F8BD00BF2A
:103118007010002038B543880446102B04D10121D3
:10312800BDE83840FFF748BF0B4D2B7C23B101F0B9
:103138009FF8402001F0BAFD286801F04FFD608833
:1031480010F0040002D1217901F0CAFD002001F03D
:1031580093FD01232B7138BD70100020024B012113
:103168009869FFF729BF00BF7010002010B5124CF6
:10317800237C1BB101F0A6FD01F0A0F8A06906F0C0
:103188000BFE38B12379012B09D040F686312D206A
:10319800FDF706FAA069BDE81040FFF783BD237963
:1031A800E26903F18043A069D268013BBDE81040A1
:1031B80052F82330184700BF70100020074810B598
:1031C800037903F0FF0433B914222146043007F0D1
:1031D8004CFE204610BD0C24FBE700BF70100020F9
:1031E80010B50023094C2371FEF73CFA2060FFF765
:1031F800E5FF20B14FF442712D20FDF7D1F9E369C5
:1032080013B940F20B31F7E710BD00BF7010002072
:10321800014B024ADA61704770100020C834000080
:10322800F8B5057D0446AF1EFFB2002D3AD0012F38
:103238002DD800F1500190F84F0006F0BAF8082890
:10324800064624D0FEF7B2FB10BB023D18BF01258D
:10325800012F84F84850A6758CBF00270127677591
:10326800FEF7C0FB054607F0E5F90022144B84F889
:103278005620E5FB0301C4E9100111462046FFF77B
:10328800D9FC70B940F2A3412D20FDF789F9082631
:10329800022D09D104F149010020FEF773FA60B943
:1032A8000020F8BD0826F5E704F149010120FEF7E2
:1032B80069FA0028F4D00125CAE70025C8E700BF4D
:1032C80040420F00F0B5444E85B00446327902F012
:1032D800FF0312B90278FF2A04D140F6DD112D2030
:1032E800FDF75EF9B36080F869303C4B684604F13D
:1032F800200500933A4B01933A4B0293F3695B68BC
:10330800039301F063FC01F08FFA01F0DBFC00F09D
:10331800D5FF354801F0E8FA344801F051FC284659
:1033280006F090FF284606F092FF01F0E7FA2179AF
:10333800252001F04DFA94F9120001F0CFFA04F1BA
:103348002C01A06A05F030FE074604F13401A06A9A
:1033580005F051FE0546DFB1237FCBB1B4F9265005
:10336800ED43ED0F637D13B963885B0709D56FF0F3
:103378000043D4E910129A4208BFB1F1FF3F0DD1C2
:103388009DB930680330FEF74BFB307405B0F0BDD3
:10339800002DE7D0657F002DE0D1E3E707F04AF97B
:1033A800D4E9102390429941EAD3012229462046C4
:1033B800FFF740FC50B1FEF715FB054607F03AF958
:1033C8000B4BE5FB0301C4E91001DAE7002DD8D067
:1033D80040F61C2183E700BF701000207531000003
:1033E800192D0000B52D0000D6BE898E5555550003
:1033F80040420F0073B50446FFF764FF00212046E2
:10340800FFF7DAFD236E0BB101221A606388DB0730
:1034180024D50023124EA569CDE90033FF23737428
:103428006846FDF709FCC8B9009CA542F8D005F12B
:10343800B40395F8B32004F1B40194F8B30005F08F
:103448008DFF0028ECD094F8AC30B4F8B120737438
:10345800D4F8AD30C6F81230024B9A8002B070BD75
:103468007010002082100020024B9861DB691B68F5
:10347800184700BF7010002043881B0710B504468A
:103488000FD583693C2209496A304272B3F8AA30E1
:103498004381FF2380F827304FF6FF73038506F03A
:1034A8008CF9FF2384F8693010BD00BF179F000016
:1034B800639F00001D310000699F0000E52E000099
:1034C800FD330000F52C000065310000B834000021
:1034D800BC340000C43400000138022808B503D900
:1034E800C4212F20FDF75CF813290A4B05D81129B0
:1034F8000CD8102907D0D221F3E71529FBD103EB0B
:103508004003D88801E033F8100008BD03EB4003FE
:103518009889FAE734B00100294A38B503469488F7
:1035280010681C43402B948004D10421BDE8384026
:10353800FFF7E2BA802B01D10521F7E703F0030476
:10354800032C04D140F6A4313120FDF729F8DD071A
:1035580006D50C6891602478062C0FD00B2C17D058
:103568009C0706D5096809780529117319D00B2914
:1035780021D09B0644BF0823537338BDC47B1B2C42
:10358800EED100240025C0E91C450124C474E7E7F6
:10359800C47B112C01BF0024C474012480F852405C
:1035A800DEE7C17B1729E4D1002400250121C0E909
:1035B8001E450175DDE7C17B1029DAD10021F8E746
:1035C800901000200C4A0346517B89B910683BB91A
:1035D800B0F80411B0F8E820914209D8FFF77EBA94
:1035E80093881B0706D5007C073818BF0120704751
:1035F8000020704701207047901000202DE9F84303
:10360800614D06462C6800287ED1AB881A0725D55F
:1036180094F89E30FE2B04D140F2FB513120FCF788
:10362800BFFFFE2384F89E30E37B1D2B05D184F871
:103638005100284606F0DBF9E673A37B232B06D15D
:10364800E37B233B072B94BF2A232423A373237CE8
:10365800072B02BF0223AB7384F89E30AB88DB07CD
:1036680017D4AB885F0776D499077DD5287B0122CC
:103678002B680D2883F89F2073D011287DD0072848
:103688007DD0FEF717FD034600286BD140F2EE51BE
:10369800C4E7D5F80080A96898F80F30D1F80090F1
:1036A800103B99F800700F2B09D8BB1EDBB2092B11
:1036B80067D840F2333222FA03F3D80761D5097983
:1036C8003846FEF77FFA20B939462F4806F0AEF99A
:1036D80039E0012F01D9162F21D198F80E0006F0F4
:1036E80095F940B198F80E30232B04D0242B07D13C
:1036F8002A2388F80E303846FEF7D2FC03461BE032
:10370800162F14BF022620266B7B1B0704D5E37BEC
:10371800103B0F2B98BF08263046BDE8F883112FC1
:1037280015D005D8072F14D00D2FE4D1174B05E07D
:10373800142FE0D1164B1B68002BC5D0AA68494648
:1037480011481279984700288BD00646DCE7114BC0
:10375800F4E7114BF2E7227C062A04BF0122AA7380
:1037680082E70E4B08489847AB88DA06CCD5E37B4E
:10377800092BC9D10A23E373C6E7094BF2E7094BC2
:10378800F0E70826C0E700BF901000204BA4000017
:10379800FC1500208FA400003538000075A3000038
:1037A800C1A30000EBA300002DE9F041A0F10E0435
:1037B8000B1E1646E4B208BF1F23172C0AD8012592
:1037C80040F25121A5400D4207D115F460051FD1E3
:1037D800082C07D00020BDE8F0810021BDE8F041A9
:1037E80006F078BD1468A17B242906D11946304615
:1037F800FDF764FF84F82C5105E02A29EAD1E37B20
:10380800233B072BF3D80023A37384F84A30E1E75E
:10381800054A1468002CDDD01A4601462346304676
:10382800BDE8F041184700BF0016002070B54D787C
:103838000446A5F10E03DBB2152B0CD8012140F28A
:10384800512201FA03F6164207D10268152B927B22
:103858002AD0082B07D0002070BD02462846BDE8B4
:10386800704006F037BD242A01D02A2AF3D1204619
:1038780006F0ABF82368DA7B252AECD093F86320AE
:103888001A21204622F0010283F86320226892F868
:10389800633023F0080382F86330FDF70FFF2368D5
:1038A800002283F82C21D6E72C2AD4D1024B1B689E
:1038B800002BD0D09847CEE7041600202DE9F04120
:1038C80090F86E7204460D4690F86F627FBB90F8D0
:1038D800141176BB94F8153184F8141184F8153155
:1038E800FF2384F81631154B04F1A8081B680BB1A7
:1038F8004046984794F82C31012B01D03E4303D021
:10390800237B43F001032373404605F09CFF18B165
:10391800237B43F00203237306212046FFF7ECF8CC
:10392800002384F82C3135B1A373BDE8F081394602
:10393800CFE73346D0E7E573F7E700BF0816002066
:1039480073B5484D002604462860AE806E73AE738A
:10395800FF2380F84C30B0F8B231002B7CD090F8BF
:103968009E30FE2B78D190F82031002B74D0037C48
:10397800063B012B70D990F821310221A0F8446050
:10398800012280F8A03006F0FEFC0221284684F8C7
:10399800BA61FEF7D9FAB4F8B6112046B4F8DA30AD
:1039A8000139B4F8B82189B2B1FBF3F31344A4F890
:1039B800B831B4F840300B44A4F8403006F030FD7C
:1039C80010B1636B0B446363B4F8B2310026012B6A
:1039D8009CBF0133A4F8B23109B184F8BE61E37B1E
:1039E80084F8BA61093B012B0FD8E388B4F86C223C
:1039F8009B1A190409D404F26E2104F1160005F08B
:103A08009FFDE673FF2384F84B30B4F8B62104F128
:103A1800A801204605F0DBFDE37B134A103B134960
:103A28000F2B8CBF002301230093114B2868FDF74F
:103A3800A9FA2C68237BDA0703D500210948FDF78A
:103A48003DFE237B9B0703D504F23F10FEF72CFABB
:103A58000023237302B070BD94F89E10FE299AD0FB
:103A6800004896E790100020CD3500002135000071
:103A78007D3A00002DE9F047B24F0E468046B988DE
:103A88003C688D05204655BFB4F84020002301321C
:103A9800A4F840304CBF84F8BE31A4F8402006F0AA
:103AA800BFFC38B10B4604F59B7204F1A80120460F
:103AB800FEF796FBBB8803F4C06323B1A37C002BFD
:103AC80045D0032B49D0A27CBB88012A03D1180515
:103AD80044BF0222A274B8F1000F40F08F8059064B
:103AE80057BFB4F8D8214246013292B2A4F8D8217F
:103AF80003F00A020A2A0CD13A7B022A09D123F0E0
:103B080008033046BB80FFF779FD30430823C6B26F
:103B1800BB803046FFF772FD3D68304395F89E3014
:103B2800C6B2FE2B3BD1D6BB2B7C063B012B36D92C
:103B380095F82031ABB195F8213101220221A5F881
:103B4800446085F8A030284606F01DFC27E00121D6
:103B5800A1742046FEF7D0FFB5E702230121A37424
:103B6800F7E795F80FA0AAF10F0A5FFA8AFABAF1F7
:103B7800100F40F2E9802B68DA0702D53246092196
:103B8800E1E7980740F18D8032460C21284606F07F
:103B9800FAFB95F8533043F0010385F85330B4F835
:103BA800B83194F8BB510133A4F8B831002D00F0B6
:103BB800FB81FDF7A3FA10B10023A4F8B831A17C6A
:103BC800012940F22382237C072B40F00582B4F8B8
:103BD8004030022B40F21A82B4F842500135ADB29F
:103BE800E3882B44A4F8B03194F8BC31002B00F0E2
:103BF80011820123E2881344A4F8B431BB883D68DC
:103C08005B0657BFB5F8C4310023B5F8B6219B1839
:103C180058BF9BB2A5F8C43195F820311BB92B7C4D
:103C2800063B012B06D8B5F84430B5F8B621134445
:103C3800A5F8443095F84A1031B1B5F84630B5F8D2
:103C4800B6211344A5F8463095F95020002AC1BF83
:103C5800B5F84E30B5F8B6011B18A5F84E3095F8F2
:103C6800313063B9B8F1000F40F05E82BB7B022BA4
:103C780040F0168295F8A030062B18BF162395F849
:103C8800302022B92F4885F83130FEF71DFA284632
:103C980006F006FC002384F84C30BDE8F047FDF739
:103CA8004DBD590702D5324613214CE71A0706D5F0
:103CB80095F89830324685F8A030072143E713F08D
:103CC800300F3AD095F82331002B5BD195F822318B
:103CD800D3B1EB7B05F1A80005F5917105F26E22D1
:103CE800282B28D0AB7BA3F1280CDCF1000343EB95
:103CF8000C0305F09AFD2B6823F0200343F0100312
:103D08002B60002385F822312B68DA063AD505F1B5
:103D1800A80005F098FD18B105F23F10FEF7C4F8A9
:103D2800B5F8FE3000221521A5F8A030B5F802310B
:103D3800A5F8A23007E70123DBE75B0622D50022BE
:103D4800242100E790100020D7F8009099F80F3050
:103D5800172B2DD011D8102B1DD0152B1FD0AB7BB6
:103D6800002B63D1EB7B0F3B102B67D995F83E30C6
:103D7800002B63D001221221E5E61F2BEFD132463A
:103D880006210AE03868C37B252B3FD0342BE6D1C7
:103D980000221121D8E632460B214846D4E648468F
:103DA800FEF7BCF900283FF4FAAE00220421F4E73C
:103DB80099F86832012B07D132460521484606F0AA
:103DC800E2FA89F86862EAE699F86832022BD9B211
:103DD8007FF4E5AE99F8523053B10623324689F89C
:103DE800A030484606F0CFFA002389F86832EAE79F
:103DF8003B6840F20632A3F89A20324699F86230BE
:103E080013F0040F0CBF0D211121EAE790F82C31B3
:103E1800022B02D10022172196E690F82C31012BB3
:103E28009DD190F82D31002BF4D098E7082B05D1BF
:103E380095F89930012285F8A0303EE7BAF1100FC5
:103E48007FF6ADAE3D6895F80E90B9F1000F7FF49E
:103E5800A6AE95F833313BB101220E21284606F073
:103E680092FA85F83391AEE795F8323183B195F837
:103E7800539019F0030A0BD149F0010901220C21D2
:103E8800284606F080FA85F8539085F832A19AE71B
:103E980095F822313BB395F8233123BBEB7B05F131
:103EA800A80005F5917105F26E22282B19D0AB7B7D
:103EB800A3F1280CDCF1000343EB0C0305F0B5FC7F
:103EC800002385F8223101221421284606F05BFAE6
:103ED800B5F8FE30A5F8A030B5F80231A5F8A23043
:103EE8005DE60123EAE795F82C31012B3FD195F8DF
:103EF8002D31002B3BD1EA7BA2F12303072B36D9C6
:103F080095F81401012806D0022804D04FF43F7117
:103F18000620FCF745FB95F81511012901D0022967
:103F2800F4D1022895F82E310BD0012B14BF0023B1
:103F3800012343B9093A042A7FF631AE012216213A
:103F480001E6022BF2E7022995F82F310DD0012B5B
:103F580014BF00230123002BECD000217548FDF786
:103F6800ADFB002385F82C3119E6022BF0E795F814
:103F780035314BB195F82D3133B9EB7B233B072B0A
:103F880002D901222321DEE595F83431012B05D130
:103F9800002385F8343101222521D4E595F8343100
:103FA800022B7FF4FCADF3E7FDF7A2F808B1A4F803
:103FB800B851FDF7ABF800283FF401AE94F8BE31D4
:103FC8000133DBB2022B84F8BE3182BF0023A4F890
:103FD800B83184F8BE31F2E594F83E3013B1A37BD2
:103FE8000E2B13D1B4F842502046B4F84030ED1AE5
:103FF800033D06F015FA58B1A36B626B033B9B1A9D
:104008009D42A8BF1D46012D3FF7E9AD0125E7E513
:104018002B46F5E7012D7FF6ECADE37B13B10A2BB8
:104028007FF4E7ADA37B002B7FF4E3AD237C002B6B
:104038007FF4DFAD02297FF4DCAD94F8BE31002BAC
:104048007FF4D7ADD4F8BC00B4F8DA9004F0BDFE24
:1040580000283FF4CEAD94F89E30FE2B7FF4C9AD16
:10406800B4F8B231012B7FF6C4ADB4F8B821B4F876
:10407800CC309A42BFF4BDAD013D9B1AADB29BB2A4
:10408800B5FBF9F59D4228BF1D4605FB09F3003D28
:1040980003F1010318BF01259BB284F8BA51A9E5C1
:1040A800012B08D16B7C002B7FF4E9AD0021284659
:1040B800FEF722FDEEE55EB1F00633D4310733D4C6
:1040C800B20633D4B30733D14FF43161312020E73E
:1040D80039B1B5F84610B5F84830994201D32223D2
:1040E800CDE5002A05DDB5F84E20B5F848309A42EE
:1040F800F5D2B5F84420B5F842309A4209D2AA7CE4
:10410800B5F8403052B1B5F842209A42CED80823CB
:10411800B5E595F82031002BE1D1F0E7052BC5D99D
:104128003E23ACE51E23AAE53D23A8E52323A6E507
:104138002A23A4E590100020D0F87432D0F8C420C7
:10414800934213B50446019005D1D0F87812D0F8FF
:10415800CC20914216D0B4F8AA2004F27D10104960
:10416800A4F8872140F2E242B3FBF2F3A4F88931C4
:10417800B4F87832A4F88B31B4F87A32A4F88D31D7
:1041880005F024FBB4F87A2201A8D4F87412FDF7DC
:10419800EDFC0023E3730323A37402B010BD00BF3A
:1041A800C39A0000074B93F900301844142804DC24
:1041B80010F17F0F03DB40B27047142070476FF097
:1041C8007E007047A1100020024B00221A705A701E
:1041D800704700BFA1100020064BD3F8000138B18A
:1041E800D3F8040120B1D3F80801B0FA80F04009EF
:1041F800704700BF00A00450034B00221A705A7089
:1042080010229A70704700BFA4100020F8B5064627
:10421800022014460D4600F0CDF8114B114A012733
:104228005C60191D9A6002F1807203342D011F70C1
:10423800DC601D83C3E904260022243303F80A2C1A
:104248000D2203F8092C084AC2F83015074903C99A
:1042580083E80300C2F80875C2F83835F8BD00BF16
:10426800A41000200300000B00A0045048B0010077
:1042780008B5022000F09EF80D4B01221A700022AA
:104288000C4BC3F80021C3F80421C3F808210A4ADB
:10429800C3F8802003F56433C3F88C20A3F57C337E
:1042A800C3F88C21A3F500530822C3F8042508BDE0
:1042B800A410002000A0045003000080154A08B58F
:1042C8001378FBB100231449C1F8803001F564313B
:1042D800C1F88C30A1F57C31C1F88C3108210F4B25
:1042E800C3F80815FFF778FF88B101235370938E40
:1042F800FF2B03D9BC213B20FCF752F9DBB29370AA
:10430800002313700020BDE8084000F053B81023C4
:104318005070F4E7A410002000A0045000200450BE
:10432800094B1A7862B1094BD3F8002152B1D3F87E
:10433800040140B1D3F80801B0FA80F04009704791
:104348005878704702207047A410002000A004503D
:10435800064A08B513782BB1FFF73EFF20B192F853
:10436800340008BD9078FCE71020FAE7A41000207C
:1043780038B5084C0025D4F80035032B04BF0123B9
:104388006360C4F80055C4F8005500F001FFC4F894
:10439800805038BD00A00450054B4FF48062C3F82C
:1043A8008820BFF34F8FBFF36F8FFFF7E1BF00BFC8
:1043B80000E100E010B50446FFF7DAFF012C06D053
:1043C800022C09D03CB18C213D20FCF7E9F8074BC1
:1043D8000222C3F8002510BD044B0322C3F80025B0
:1043E80002F10042C3F88020F5E700BF00A00450A6
:1043F800024BD3F8A00300F00100704700C0FF0093
:10440800084BD3F8A423D3F8A833511C9BB203D18B
:104418004FF6FF718B4203D0026083800120704702
:104428000020704700C0FF000B4B30B5D3F8905305
:10443800D3F89443D3F89813D3F89C2305EA0403DC
:104448000B401340013317BF0560002044608160B2
:104458001CBFC260012030BD00C0FF000B4B30B54F
:10446800D3F88053D3F88443D3F88813D3F88C2334
:1044780005EA04030B401340013317BF0560002011
:10448800446081601CBFC260012030BD00C0FF00D5
:10449800064B0022C3F80022C3F81822C3F82022D2
:1044A800C3F80C22C3F81422704700BF00A00850BC
:1044B80070B5134D034608466E7F26B940F6C10114
:1044C8003E20FCF76DF863B9012EAC69297F05D150
:1044D80000F034FD20442B69C01A70BD06F043F883
:1044E800F8E7012B09D1012EAC69297F02D100F030
:1044F80015FDEFE706F042F8ECE70020EBE700BF18
:10450800E01000200B4B93F8290088B193F828306D
:104518007BB1094BD3F8002442F00102C3F8002410
:10452800D3F8200500F0F600023818BF01207047C4
:1045380001207047E010002000A0085008B50128AD
:10454800084B1871084B06D0022808D040F6455190
:104558003E20FCF725F80322C3F8002508BD0422F5
:10456800FAE700BFE010002000A0085008B570B9B5
:10457800104B28311846D9600F4900F08BFE0130E6
:10458800012816D940F2C2613E20FCF709F801283B
:104598000CD1084B29311846D960074900F080FE34
:1045A8000130012805D940F2CC61EDE74FF4DA611A
:1045B800EAE708BD8800002050B0010008B50C4BA0
:1045C8005B78012B09D100F071FE013001280ED96A
:1045D80040F611113E20FBF7E3FF022B07D100F054
:1045E8006BFE0130012802D940F61711F2E708BD29
:1045F800E01000200A4B40F409000A4A1B8940F0E9
:104608004000B3F5166F36BFA3F63813A3F516634B
:1046180043F48073C2F80837C2F84005704700BFFA
:10462800E010002000A0085073B50C460546134E54
:10463800FFF784FF20462146FFF7DCFF01AB96F920
:104648000520284600F0C2FD9DF8050000F03AFE5E
:1046580020B140F2E3513E20FBF7A2FF31469DF91D
:10466800040000F0F7FB064B40F20312C3F8442E97
:1046780040F25B62C3F8482E02B070BDE010002023
:1046880000A008502DE9F04106460C46174605F0F3
:10469800DDFF0028FBD02F4D4EBB01236B7095F832
:1046A80028301BB9A9793846FFF7BEFF2A4B4FF4CB
:1046B8007A7253F8273003F5FA73B3FBF2F3274AFB
:1046C800E41A274BC3F8002129690127234B214409
:1046D80085F82870234DC5F84015C5F8C031FFF797
:1046E80011FF044660BB00242046BDE8F081012E7E
:1046F80021D102236B7095F82830B3B995F806805C
:104708003846FFF71BFF4046FFF774FF144BD3F8FA
:10471800002442F01002C3F8002440F20312C3F848
:10472800442E40F25B62C3F8482E0D4B293C0B4ADD
:10473800C3F80421C8E740F634013E20FBF730FFF8
:10474800EF64D5F84C358B42CDDA3046FFF70EFFD3
:10475800CAE700BFE0100020C4B001000B000080D1
:1047680000A008500050085040220021014806F0DF
:104778007CBB00BFE0100020024B0344187D00F50D
:104788001660704750B00100024B98691B69C01A47
:10479800704700BFE01000200A4B1A7FD3E90430AD
:1047A800C01A094B03EB8203DB6BC01A074B53F8A3
:1047B80022304FF47A7203F2F313B3FBF2F3C01A08
:1047C800704700BFE010002050B00100B8B00100F1
:1047D800FF2808B504D940F2CB213E20FBF7E0FEC4
:1047E800012904D0022919D04FF44F71F5E70023AD
:1047F80043F4801340F000700A4A43F4847340F491
:104808004030C2F8203EC2F8280ED2F8203503F016
:10481800F703032B05D140F25631DEE74FF08073E2
:10482800E6E708BD00A00850F8B5234E4FF48067AE
:10483800C6F89070BFF34F8FBFF36F8F05F000FF7E
:1048480004461E4D05F0A2FF0121001B1C4C2861E7
:10485800C4F8A410FFF71CFE4FF40023C4F8401E50
:10486800C4F80034174B187C00F03EFD02F08AFFB4
:10487800154B164AC4F83833154BC3F8C820013A0B
:10488800C3F8C42040F6FE72124BC4F81433124B1E
:10489800C3F804250023AB832B85AB614FF48073E9
:1048A800C6F89071C4F888342B6C376103B1984707
:1048B800BDE8F84000F0E2BC00E100E0E0100020B4
:1048C80000A0085088000020030000800600008037
:1048D800005008500100008000200850014B58711A
:1048E800704700BFE0100020020E034B0002C3F81F
:1048F800342EC3F82C0E704700A00850044B054A0C
:10490800034490711B7D03F516631381704700BF44
:1049180050B00100E0100020F8B5334C06460F46B1
:1049280094F8293023B940F206713E20FBF738FE8F
:1049380001232E4A84F82830D2F8003443F00103CA
:10494800C2F8003405F082FE0028FBD02EBB0123FC
:10495800A17938466370FFF767FE6378012B02D0B0
:104968004FF4E961E1E7224AD36402F5A0421360FB
:104978001F4B3046D3F84C552946FFF7F7FD2369FE
:10498800ED1A76BB1B4B4FF47A7253F8273003F5B8
:10499800FA73B3FBF2F35819F8BD012EE8D10223DC
:1049A800A57938466370FFF7C9FD2846FFF722FE50
:1049B8000E4BD3F8002442F01002C3F8002440F252
:1049C8000312C3F8442E40F25B62C3F8482E6278A3
:1049D800022A02D040F25171A7E7054AD6645E6008
:1049E800C6E705F12900D7E7E010002000A008502D
:1049F80000500850C4B0010008B5FFF743FE58B98D
:104A0800064B0122C3F8400503F5A04302201A61B2
:104A1800BDE80840FDF718BA08BD00BF00500850AF
:104A280037B5254B4FF48061244A4FF0FF30D3F857
:104A38008844C3F89004C2F890114FF4002220492A
:104A480004F48074C3F8002400221E4D2A85C1F89E
:104A58004025C3F80821C3F80021C3F80421D3F87E
:104A68002015C9B2D1B18DF80700C3F82022012260
:104A78001A619DF8072012B1D3F820223AB19DF8A7
:104A880007305BB940F6FF013E20FBF789FD9DF832
:104A98000720013AD2B28DF80720EAE7FFF78EFD2A
:104AA8000022054BC3F820222A801CB14FF48072E3
:104AB800C3F8882403B030BD00A0085000E100E02E
:104AC80000500850E010002070B50024254D264EF7
:104AD800C5F84845C5F84445C5F84045C5F84C45AE
:104AE800FFF79EFF00F0D0FBC5F8C441C6F80841A7
:104AF800C6F80041C6F80441C5F8C840C5F8C44026
:104B0800C6F80441C6F8004102F054FE174B40F6BF
:104B1800FE72C6F83843C6F81443C5F8C041C3F856
:104B280008254FF48062124BDC70C3E90544114B31
:104B3800C5F84845C5F84445C5F84045C5F84C454D
:104B4800C5F84841C5F84441C5F84041C5F84C414D
:104B5800C3F89020BFF34F8FBFF36F8FC3F8902136
:104B680070BD00BF0050085000A008500020085039
:104B7800E010002000E100E070B5104D06462C78EA
:104B88001CB96C70EC702C8570BD18B1BDE8704014
:104B9800FFF746BF013CAA784FF0960118BF0124E1
:104BA8002046FFF785FCAA7801462E80204685F826
:104BB8002860BDE87040FFF71FBF00BFE01000206D
:104BC800014BC3F84C0E704700A0085010B50FC831
:104BD800014C84E80F0010BD241100200A490B4B3A
:104BE80010B50124C1F8D00E586283F82940FFF7A8
:104BF80089FC40B9064BC3F8400503200C61BDE8A9
:104C08001040FDF721B910BD00A00850E0100020A9
:104C180000500850144A136918449369834210B528
:104C2800124C09D30220FDF70FF900230122C4F822
:104C380040350F4B1A6110BD0123D3706364D4F85B
:104C480044250532824206D3094AD2F80C120029BB
:104C5800F1D11361EFE70023C4F84431054BC4F8E0
:104C68004405C4F8C431E6E7E010002000500850BD
:104C780000A008500900008010B50B4C0346607F67
:104C8800217F012822794FF0960009D100F064F9BC
:104C9800A36922699B1ABDE810401844FFF7BABF00
:104CA80000F074F9F4E700BFE0100020044BC3F8EB
:104CB800940ED3F8002442F04002C3F80024704751
:104CC80000A00850054BD3F8002422F04002C3F896
:104CD80000240022C3F8942E704700BF00A008509B
:104CE8000028034B14BF0222012299701A707047E2
:104CF800E0100020054B0022C3F84025044AD2F8F2
:104D08002035DBB20BB10123136170470050085006
:104D180000A00850044B30B5D3E90C459B6BC0E9A3
:104D280000450B6030BD00BFE01000202DE9F047C2
:104D38003D4C4FF001083D4E05F07CFC0025C4E9D0
:104D48000C01C6F84C80D6F84C35A363FFF736FC47
:104D5800374BC3F80851C3F80051C3F80451C3F8DE
:104D68000451C3F80051D3F8002422F01D02C3F8FF
:104D78000024D6F8482584F82950A261D6F844259D
:104D8800626162786277D3F81892D3F82002FFF74D
:104D98007FFB6778022F2BD1E3784BB1D6F84431EB
:104DA80033B14046FFF7E8FE636CBDE8F0471847AB
:104DB800B9F1000F16D0237900202377FFF7DCFE26
:104DC8001B4B0021D3F80C2ED2074CBFD3F81C0E76
:104DD8000120A36C48BF00F0010080F00100BDE88D
:104DE800F0471847E8B10120FFF7C6FE236DDCE75E
:104DF800012F13D123792377B9F1000F06D0284664
:104E0800FFF7BAFEE36C39462846E8E748B138466A
:104E1800FFF7B2FEE36C49464846E0E708B1404672
:104E2800E2E7BDE8F08700BFE0100020005008501E
:104E380000A00850024B03EB8003D86B704700BFFB
:104E480050B00100024B03EB8003986C704700BF21
:104E580050B001002E3008B5362854D8DFE800F0ED
:104E68005053535353534D53535353535353535313
:104E780053534B535353535358535853495347530E
:104E880045534353413F3D3B39373533312F2D2B64
:104E980029272523215A1C003F231F4AC2F810370F
:104EA80008BD3323F9E72D23F7E72823F5E7232364
:104EB800F3E71F23F1E71B23EFE71823EDE715239B
:104EC800EBE71323E9E71123E7E70F23E5E70D23D2
:104ED800E3E70B23E1E70A23DFE70923DDE70823FC
:104EE800DBE70723D9E70623D7E70523D5E704231C
:104EF800D3E70323D1E70123CFE74FF49873CCE737
:104F08004FF48873C9E74FF48E713F20FBF748FBD5
:104F18000223C2E73923C0E700A008504FF47A7390
:104F2800054A584332F9112000F2E7301044B0FB2B
:104F3800F3F00238704700BFB0B001004FF47A7345
:104F4800044A00FB033032F911201044B0FBF3F09F
:104F5800704700BFB0B0010038B51D460A4B33F9A1
:104F6800114003EB820305359B681C444FF47A73A8
:104F780004F6B73403FB00441046B4FBF3F42544AD
:104F8800FFF758FF284438BDB0B0010070B5064699
:104F980008461546FFF756FF094B03EB85039C6847
:104FA8004FF47A7304F6B73403FB0644241A2846F0
:104FB800B4FBF3F4FFF73EFF0530204470BD00BF9B
:104FC800B0B00100024B00221A705A709A707047F4
:104FD800341100202DE9F843064601200F461546F6
:104FE8009846DDF82490FFF7E5F99DF8342006F09F
:104FF8000303264C43EA0263254AC4F80435002318
:10500800C4F88030C2F88430A2F57C32C2F884310A
:105018000222204BC3F80825BDF828301E4A938089
:10502800FB6893FA83FCBB6818BA7B6819BA3B68BB
:10503800C4F810C51BBAC4F81405C4F81815290A11
:10504800C4F81C352D069DF8203041EA0861D9F8CE
:1050580004702DBA003B21F00041D9F800003FBA96
:1050680018BF0123022E00BAC4F8207541EAC371A3
:105078004FF00103C4F8240509BAC4F82815C4F888
:105088002C55537008BF1370BDE8F88300A0045076
:10509800003008500020045034110020334B5A7857
:1050A8002DE9F04105460E4622B94FF4BD716C203A
:1050B800FBF776FA2E4A03F1380C03F1480403F1A2
:1050C8000807DFF8B080DFF8B0E0C3F844801E6559
:1050D800C3F854E092E80300C3E9085E8CE80300D3
:1050E800711C1964D2E9080184E80300F11C00244A
:1050F800996522495C6683F82E40C3E91714D2E902
:10510800040187E80300691CC3E90418D2E9060111
:10511800EA1C03F118089A629A889A850E2288E890
:10512800030083F82F200121C3E90C44B278AA7048
:10513800134AC2F830C5C2F8387599701B780BB994
:10514800A921B4E70F4BC2F80441C2F80841C2F8DC
:1051580080300D4AC2F88430A2F57C32C2F884311E
:1051680002220A4BC3F80425BDE8F081341100205F
:10517800D8B001000100000C0100000DE803000E8A
:1051880000A00450010000800030085000200450A6
:105198000C4B1A788AB100220B490220C1F88020F2
:1051A80001F56431C1F88420A1F57C31C1F884216E
:1051B800A1F50051C1F808051A7000225A709A70BA
:1051C800704700BF3411002000A004502DE9F04FB3
:1051D800264C85B0054698460E46174600F0C2F89C
:1051E80023788146AB4211D16378B3420ED194F94A
:1051F8000230BB420AD1E378834207D1A388A8F8DA
:10520800003094F9060005B0BDE8F08F012D06D0F6
:10521800022D10D040F289410620FBF7C1F9002089
:105228000DF10F033A46314600F0A2F8824620B14C
:105238004621A920F1E70120F2E730469DF90FB099
:10524800FFF79AFAA91E0346CDF800A04A4258462D
:105258004A41414600F03CF8B8F80030A071A380FC
:1052680025706670A77084F80390CAE79E00002036
:10527800014B1B681B681847B8000020014B1B68CE
:105288005B681847B8000020014B1B689B681847EB
:10529800B8000020014B1B681B691847B8000020A4
:1052A800014B1B685B691847B8000020014B1B685D
:1052B8009B691847B8000020014B1B68DB69184739
:1052C800B8000020014B1B689B6A1847B8000020F3
:1052D80030B4044C9DF8085024680295E468A4464C
:1052E80030BC6047B800002000220D49134610B5B5
:1052F80040FA02F4E40744BFCA545C1C02F10102FC
:1053080048BFE3B2042AF3D1054AFF24D118032B7E
:1053180001D9107110BD013301F8014BDBB2F6E77A
:1053280018160020C5A50000CBA50000CDA50000DB
:10533800F3A50000D1A50000FDA50000D7A5000039
:1053480007A60000DDA5000013A60000E9A50000DF
:10535800EDA50000DFA50000E5A5000003A60000FC
:105368000DA60000014B187D704700BFA811002052
:10537800042810B511D883B104280CBF10242824A0
:10538800A1420AD2064C54F8200018B141568A426C
:10539800A8BF0A4600201A7010BD6FF01500FBE781
:1053A800A81100200728034611DC10F12D0F10DB8F
:1053B800094A101890F82E0002EBC00292F93C201E
:1053C8009A4207D0002918BF0130C0B270471B208D
:1053D80070470020704700BF00B10100072808B5DA
:1053E80007DCFFF7DFFF044B03EBC00393F93C0036
:1053F80008BD0820FCE700BF00B1010010F0FF0065
:1054080008B5074B05D0012807D04D21B52001F07C
:10541800E7FF01229A601A6008BD5862FCE700BFE6
:1054280000E0105010F0FF0008B5124B05D001281D
:105438001AD07C21B52001F0D3FF01225A60DA602E
:105448000D4AC3F800011070D3F80824D2070AD413
:10545800D3F8682412F0010202BFC3F81021C3F880
:105468001821C3F8142108BD00229862C3F81C2132
:10547800EAE700BF00E01050BD110020014B0122F7
:105488001A707047BD11002008B50B4B28B10128D0
:105498000BD0C221B52001F0A3FFD3F8103113B906
:1054A800064B187808BD0120FCE7D3F81C0100382A
:1054B80018BF0120F6E700BF00E01050BD11002022
:1054C800024BD3F8080400F00100704700E01050C8
:1054D800024BD3F8480400F00100704700E0105078
:1054E800024BD3F84004C0B2704700BF00E0105030
:1054F80007490246D1F84C04D1F84C1410F4803016
:1055080005D0D0B201F003031B1A58425841704726
:1055180000E0105038B51A4BD3F80C34DA0304D431
:1055280040F279116D2001F05BFF164A0124164BF9
:10553800106A536620F03F0094645464136CDB03D4
:10554800FCD4136A116C03F03F03C1F30A01C1F5DF
:10555800806181EAE1750B29A5EBE17509DD3F2B37
:1055680004D0013303431362172DE6DC0023936450
:1055780038BD0B31F8DA002BF8D0013BF2E700BF59
:1055880000E01050000812500100008038B50B4CA4
:1055980023781BB100232370FFF7BCFFEFF31085BE
:1055A80072B6637803F0FF000BB9FFF73BFF05B94C
:1055B80062B6034B00225A6638BD00BFC0110020F6
:1055C8000008125070B5174D012204460E462B18DC
:1055D800DA7005F01CF8A0B934B1012C0FD040F2F4
:1055E80025116D2001F0FCFE11232A19012105EB7C
:1055F800840451710C4AA660C2F8043370BD80233C
:10560800F3E7002EFAD034B90220B047002305EBA7
:105618008405AB60F2E7012C01D12046F5E74FF491
:10562800A071DEE7C011002000E01050044B0022FA
:10563800191803EB80034A719A60CA70704700BF5B
:10564800C0110020014B1882704700BFC011002014
:10565800014B588A704700BFC0110020014B188ABF
:10566800704700BFC011002010B5EFF3108472B668
:10567800064B03445A780132D2B25A705B78012B38
:1056880001D1FFF7BBFE04B962B610BDC0110020FE
:10569800034610B5EFF3108472B611490B445A78DB
:1056A80022B940F257216D2001F09AFE5A78013A4A
:1056B800D2B25A705B7883B90B7D43B1094BD3F8EA
:1056C8000C34DB0306D44B7803F0FF002BB9FFF74B
:1056D800A9FE02E0487D02F015F804B962B610BDD3
:1056E800C011002000E0105010B504F093FF0C4CDE
:1056F80004F08DFF60B1A37D3BB90A4B01229A618A
:105708000423E3750023237610BD04F086FFF9E730
:1057180003230122E375034BC3F80423F2E700BF18
:10572800C011002000E01050014B01221A6270479E
:1057380000E01050044B587E28B1044BD3F81001F8
:10574800B0FA80F040097047C011002000E0105006
:1057580038B50C4B5D7E5DB901245C7604F05AFFC8
:10576800094B1022C3F81051C3F80423DC6138BD7B
:10577800FFF7E0FF0028FAD040F293216D2001F0F6
:105788002FFE00BFC011002000E01050024BD87D52
:10579800003818BF01207047C011002038B5174CD9
:1057A800237D23B940F206316D2001F019FE012353
:1057B8002370A37DC3B9A37EB3B1227E013B9A4275
:1057C80012DA04F024FF054601F036FFA37E012B10
:1057D80082BF237E0133237655B1E369C31A0133AF
:1057E800022B09D935B1E061BDE83840FFF77CBF2D
:1057F800236AF3E72062F7E738BD00BFC011002035
:1058080037B5184CA37D63B9606A00F00300FFF751
:105818006FFE30B1EFF3108372B6E27D1AB103B9AF
:1058280062B603B030BD0122E27503B962B608233F
:105838000D4DC5F808334FF42073ADF80630BDF8A8
:1058480006309BB25A1E92B2ADF80620002BF6D154
:10585800C5F80C3184F82830FFF746FF0823C5F84F
:105868000433DEE7C011002000E010502DE9F74FA7
:10587800524C237D002B00F09D800323ADF80430AB
:105888004F4BD3F80051D3F81C21003D18BF012518
:1058980022B1012245F080058DF80520D3F8088152
:1058A800D3F8142112B9D3F8183173B1444B002638
:1058B800C3F81461C3F81861C3F81061637E0BB1B3
:1058C80004F0ABFE667604F0F9FF3D4BD3F81031D7
:1058D8006BB3637E1BB104F0A0FE0023637663798B
:1058E80013B102238DF8043045F01005354E0DF143
:1058F800040A334B4FF00009F71EC3F808531AF88F
:10590800010B03280AD03B7843B14FF0000B3368F2
:1059180087F800B013B19847C6F800B009F1010341
:10592800043601374FF00109022BE8D101E0002DC0
:10593800DCD1B8F1000F08D0214B0022C3F80821B0
:105948000422C3F80823FFF75BFF94F82860EA07EE
:105958001B4BF6B2D3F80C7108D5E27D032A05D1AA
:10596800A27D82B90422E27501229A61A7B1144B83
:105978000022C3F80C21E37D042B09D040F26931E1
:105988006D2001F02DFD04F048FE0223E375EDE7DC
:105998000223E37504F041FE66B1002384F8283041
:1059A800E37D022B01D1FFF79FFE03B0BDE8F04F66
:1059B80004F033BE03B0BDE8F08F00BFC011002073
:1059C80000E01050C811002010B5054C606A00F0C6
:1059D8000300FFF78DFD0028F8D0002010BD00BFA0
:1059E800C0110020F8B5054650B10278022A07D840
:1059F800437842B9013B1F2B02D88378212B07D962
:105A08006FF015008CE0002BFAD18378002BF7D1CA
:105A1800654B4FF48042C3F8A020BFF34F8FBFF30C
:105A28006F8F624EC3F8A021FD23614CC6F808337E
:105A38000023C6F81C31C6F80031C6F80831C6F88C
:105A48000C316370A370AB886382FFF739FD10B126
:105A58000123E3706370D6F80C0440F2563310F457
:105A6800803023821BD0FFF709FD524801F020FE49
:105A78004E4E602360750022C6F804332B78A9784F
:105A8800012B62766262A375A176227620D0022B62
:105A980017D0F3B140F21E516D2001F0A1FCC6F8F9
:105AA8001001FFF7ABFC414AD2F81031002BFBD0B4
:105AB800FFF730FD0020FFF7B5FC3F4B00225A6688
:105AC800D3E704F0A7FDD6F80C34D903FBD502239D
:105AD8006362FFF7FDFC48B3FFF702FD636A03F05A
:105AE8000303984222D1AB79DBB9FFF76DFFA37EA0
:105AF80063B12B7853B904F08AFD054601F09CFD8B
:105B08006FF00043002D4CD0C4E9070301234FF484
:105B1800804200202375244BE075C3F8A0211A6247
:105B2800F8BD224B0422C3F80423E0E71F4B0122EF
:105B380000215A61C3F8081194F82410C3F84014DE
:105B48001A610422C3F80423AA79002ACFD1D3F812
:105B58000423520702D440F2D1419DE7174A17693E
:105B6800116907F0100741F010011161D3F80831ED
:105B78000BB905F0F0F80D4ED6F8083173B1FFF700
:105B880023FF27B90D4A136923F010031361042377
:105B9800C6F808330023C6F80831A8E705F0D9F895
:105BA800EAE7C4E90730B1E700E100E000E010509F
:105BB800C0110020955500000008125000ED00E0CB
:105BC80038B50E4B04460D461A791AB183216F2059
:105BD80001F006FC01280DD803445A790AB10020C7
:105BE80038BD01225A71FFF73FFD29462046FFF7CD
:105BF800E9FCF4E76FF01500F2E700BFEC110020B4
:105C080070B50C4D04462E791EB19A216F2001F013
:105C1800E7FB01280BD805446B790BB9002070BD50
:105C2800FFF704FD20466E71FFF732FDF6E76FF0CF
:105C38001500F4E7EC11002010B501B3F0B14FF0F6
:105C4800FF33104A1C46E0FB0134944203D9DB21A0
:105C58006F2001F0C5FB1A0DC3F30F100A4B42EA7F
:105C680004324FF22444B2FBF4F100EB024003FB90
:105C78001100B0FBF4F040EA0140013010BD0846C5
:105C8800FCE700BF3F420F00000024F4014B9B6873
:105C9800184700BFEC110020014BDB68184700BF14
:105CA800EC110020014B1B69184700BFEC110020C4
:105CB80008B5064B1B7923B140F237116F2001F06C
:105CC8008FFBBDE80840FFF769BD00BFEC1100205D
:105CD800034B1A790AB9FFF7BBBC988D704700BF10
:105CE800EC110020034B1A790AB9FFF7B7BC988A60
:105CF800704700BFEC110020024B1B790BB9FFF76E
:105D08007FBD7047EC110020014B9B69184700BF0D
:105D1800EC11002038B51D4C237933B3FFF7C2FFCF
:105D280050B91B4DC5F81001FFF7B0FFD5F8103179
:105D3800002BFBD0FFF7B0FF154B6022C3F80423FC
:105D4800636A9847002806DB94F82E3023B10123B4
:105D5800002084F8303038BDFFF7D6FF0028F6DA87
:105D680040F28D116F2001F03BFB0A4BA3610A4BF7
:105D7800E3610A4B23620A4BA3600A4BE3600A4BB8
:105D88002361FFF72FFE0028E1D0E4E7EC110020A3
:105D980000E01050D15900002FA6000095570000D0
:105DA8001DA6000023A6000029A6000038B5084B50
:105DB80004461D7925B140F2E1116F2001F010FB76
:105DC80000F0C6FD2046FFF73DFC284638BD00BF61
:105DD800EC11002008B5074800F0A8FD054800F0C0
:105DE80019F801F0CBF800F0E9FF00F0E5F901201F
:105DF80008BD00BF2012002008B5054B1A781AB15B
:105E08002721032001F0ECFA5860197008BD00BF83
:105E180028120020024B986000221A705A607047BE
:105E280028120020F7B51E4C2378012BDAB204D0D3
:105E3800022A2ED0012003B0F0BD0DF107016068E1
:105E480000F0D8F965686B7DDB071CD5AB7F042BA8
:105E580019D000F0FFFD0646A8B100F001FE2B693D
:105E6800D5E900279A18B36847F100070A332CBF11
:105E7800012500251B1845EB01059342BD4102D3BE
:105E8800606800F0BBFA0023636023709DF8070088
:105E9800D1E70DF10701606800F0B6F9F3E700BF3C
:105EA8002812002073B505460C4600F0D3FD0646BF
:105EB800AB7F012B1AD021462B4604F1180251F86A
:105EC800040B914243F8040BF9D101230DF10701AA
:105ED8002846AB7700F08EF916B1012002B070BDEC
:105EE800034B0421986804F0A2FEF6E70020F5E7CA
:105EF80028120020024B0621986804F098BE00BFC3
:105F080028120020174B1868F0B560B150F8102C13
:105F180050E9063418380A3344F100049B188269A2
:105F280044F1000402B9F0BD52E90615994275EB37
:105F38000406F8D2077D12F8046CB7420BD00FD9CB
:105F48000A3152F8103CA2F1180045F100055B181F
:105F580045F1000404E09688878BF61B3604EFD4DD
:105F68001268DFE734120020F8B5244C00232371AF
:105F78006371A371E371EFF3108272B6A168E360F5
:105F88006160A36002B962B600261D4D636803B95B
:105F9800F8BD9A79A3F11800032A07D11A680121DC
:105FA8009E7153F80C3C62609847EFE71B6863B139
:105FB800183B07462A46997F04290ED09B7F032B5E
:105FC80004D063219F2001F00BFA2A4613680221AE
:105FD8001B681360C3688677E6E7B0F81CC0998B26
:105FE800A1EB0C010904996944BF07F1180218468E
:105FF8000029EBD01F46A1F11803DCE7341200207A
:1060080038120020042300F1180283770023037656
:1060180043768376C376044B996811B99A60DA603F
:106028007047D9680A60FAE7341200202DE9F04178
:10603800134C06460F460020236833B9E8B1114BCC
:10604800BDE8F041187801F05DBB53E9061553F837
:10605800082CD3F80080521845F10005B242BD4122
:1060680009D22268A3F1180012682260FFF7CAFF5C
:1060780001204346E1E71C46FBE7BDE8F08100BF8D
:1060880034120020BC000020494B1B682DE9F74F53
:10609800044682838B46D0E9002003B1183B94F86C
:1060A80015C0DFF80CE10CF0010C002B3BD0D3E954
:1060B8000056AA4270EB060135D3BCF1000F2CD074
:1060C800277D197D8F4228D399684D1946F100061E
:1060D80015F10A0846F1000E424570EB0E0119D27F
:1060E8002169891840F1000788457EEB070901D22C
:1060F80041467746A942B7410FD22046FFF782FFB3
:106108002C4B187801F0FEFA00238BF8003003B00E
:10611800BDE8F08F11460746ECE703F1180E9B69BE
:106128000BB1183BC3E7BCF1000F34D0A168891844
:1061380040F10009019173B30199D3E9007611F197
:106148000A0549F10001AF4276EB010123D2257D12
:10615800197D8D4218D39D68ED1946F1000615F199
:106168000A0A46F10008524570EB080110D221696D
:10617800891840F100078A4578EB070C01D251468F
:106188004746A942B741B8D39B6923B1183BD3E727
:1061980011460746F5E7DEF80020234643F8182F96
:1061A800CEF80030FFF7AEFE8442ADD10123ACE754
:1061B80034120020BC00002010B50B4C2378FF2BB4
:1061C80004D04FF48D719F2001F00AF9074801F0BF
:1061D8006FFA074B002220701A705A709A70DA70A2
:1061E8009A60DA601A8210BDBC000020715F00005E
:1061F80034120020034B1A8A10B4541C1C8210BCA1
:10620800FFF742BF3412002038B504460D46FFF7A9
:1062180079FE231A04F1180158425841287004489D
:1062280004F02BFD10B100230120A37738BD00BF77
:106238003412002038B5114B044600F118019A6851
:10624800B2B19A6800209AB191420ED108B1A569FD
:1062580005609D68A94204BF12689A60DA68914295
:1062680000D1D8600023A37707E010461268EAE758
:10627800034804F002FD0028F4D138BD3412002090
:10628800381200202DE9F041264E04460D46FFF74E
:10629800CDFE3068002843D0A0F1180C50E9063133
:1062A800A34271EB050250F8102C3CBF2346294647
:1062B8000A322CBF012700279B1841EB0702076809
:1062C800604627B900F118037361BDE8F08157E90A
:1062D80006EC9E457CEB0201F4D290F8148017F886
:1062E800041C884513D019D9744523462A46A7F1BA
:1062F800180075EB0C0157F8101C3CBF734662463A
:106308005B1842F100020A3342F1000206E0B98844
:10631800B0F81C80A1EB08010904E5D43F68D0E778
:106328000346D1E73412002010B5054C61692046B8
:1063380004F0A3FC18B1606900231838636110BD2C
:10634800341200209C46144BF0B51D68FDB115F8B9
:10635800043C183D834218D812F10A04D5E90036E6
:106368004CF10001A34276EB01070BD22F69FF180D
:1063780046F10006A7428E4107D3B4F10A0041F165
:10638800FF31F0BD1C463146F7E7AD69DEE74FF057
:10639800FF300146F5E700BF3412002008B5837FBF
:1063A800022B1CD1437D13F0020302D00023837714
:1063B80008BD0322037643768376C3760D4B827736
:1063C80000F11802996839B99A60DA600A4B1878AE
:1063D800BDE8084001F096B9D9680A60F5E7837FFF
:1063E800012BE5D0837F042BE2D04FF4FF719F206F
:1063F80000F0F6FF34120020BC00002010B500F1B8
:1064080018010446084804F038FC20B94FF402711A
:106418009F2000F0E5FF2046FFF7F4FD034BBDE8A1
:106428001040187801F06EB934120020BC0000202A
:106438002DE9F74FD0F810E0BEF1000F04D040F27C
:1064480027219F2000F0CCFF836890F814800193E7
:10645800D0E90014EFF3108972B6274BB3F810C0D7
:106468001B686BB1019D183B0A35D3E900264EF134
:10647800000A6D1844EB0A0A95427AEB060707D220
:10648800B9F1000F35D0C0E9001403B0BDE8F08FB2
:106498008A4276EB04070CD31F69BF1846F1000B3C
:1064A800AF427BEB0A0B34BF0125002575B99B6908
:1064B800D7E712F10A0A9D6846F1000715EB0A05AD
:1064C80047F10007A94274EB0707ECE71D7DA845D3
:1064D80009D0ECD912F10A019D6846F10004691847
:1064E80044F10004E3E79D8BA5EB0C052D04DED5F4
:1064F800F0E762B6C7E700BF34120020024B05215F
:10650800186804F094BB00BF50120020064B58686E
:1065180010B520B94FF41B71B02000F061FFC368BB
:106528000521BDE810401847501200202DE9F84F0A
:10653800274C8146237BA668A3BB94F80D8018F0EE
:10654800010803D0E3899E4238BF1E4600F054FD7F
:1065580010EB060B05460F4641F1000A5846514616
:10656800FFF790FE08B3D0E900329B457AEB0201B1
:1065780004D29D1B9B46924662F100070023154AF0
:10658800284639462362C4E904BAC4E9065700F02C
:1065980007FDB8F1000F02D0E3899E4216D002230E
:1065A8000D4A0DE04FF00008D0E7237B2BB1637B49
:1065B8009B0702D5636A012098470023074A237383
:1065C80084F82830C9F80020BDE8F88F0123E7E7F0
:1065D8005012002005650000F56600004BA8000079
:1065E8002DE9F04717463D4C002B67D0E289D3E9E7
:1065F80000656432864275EB01034FF000033CBF2F
:1066080006460D462362B6EB000A65EB01095245C2
:106618001A4672EB0902C4E9046527DA237B3BB109
:10662800637B9A0702D5636A012098470023237386
:1066380094F80D8008F00108A36803F5E1739A4502
:1066480079F100011DDAB8F1000F11D0E089244A70
:10665800301A65F10001C4E9060100F0A1FC062327
:10666800204A84F828303A60BDE8F0879846E3E786
:106678001B4A30462946C4E9066500F091FC05230B
:10668800EEE7FFF709FBE089A368B8F1000F0BD02C
:10669800984209D9301A124A65F10001C4E9060185
:1066A80000F07EFC0123DBE7F01A0D4A65F10001DA
:1066B800C4E9060100F074FC0223D1E7237B2BB167
:1066C800637B9B0702D5636A0120984700252573E1
:1066D800FFF7E2FA2B46044AC3E700BF5012002036
:1066E80005650000F56600004BA80000023970B58A
:1066F8000546032900F2D480DFE801F006020840CD
:10670800694B002283F82920002024E0664C94F885
:106718002830042B09D8022B28D8013B012B1BD980
:106728004FF4CD71B02000F05BFE053B012BF7D88C
:10673800FFF778FB0028E7D000F04EFC00F05CFC87
:1067480006460C46FFF79EFD2A460346214630467C
:10675800FFF746FF022070BDFFF764FB0028D3D087
:1067680000F03AFC2846FFF7E1FEF3E7FFF75AFB93
:106778000028C9D0012384F82930C5E74A4C94F889
:1067880028301A1F012A2AD8042B94F829600CD122
:1067980000F062FB48B900200021FFF773FD08B143
:1067A800FFF72CFEFFF778FADCE7002EC6D1FFF7DB
:1067B800BBFD0028C2D06060C4E90B6600F01CFB7A
:1067C8006068022331468377C3689847D4E9040197
:1067D80004F035F8354B84F828602B60BAE700F0F0
:1067E8000BFCA369C01A236A9842ACBF20622362DB
:1067F80094F82830022B19D1FFF748FA94F828307A
:10680800022BD4E904012CD1637BDB071BD5237B46
:10681800CBB9E389264AC01A61F10001C4E906012F
:1068280000F0BEFB032384F828306DE7637BDA07AA
:1068380001D5207B10B140F2B31173E7636A984722
:1068480001232373DAE73238236A194A41F1FF3109
:10685800C01841EBE371C4E9060100F0A1FB042371
:10686800E1E7012B0AD1A368114AC01A61F10001BE
:10687800C4E9060100F094FB0223D4E7236A323806
:106888000B4A41F1FF31181841EBE371C4E90601E5
:1068980000F086FB94F82830062BE0D10523C2E7E8
:1068A80040F2F1113EE700BF50120020BD68000021
:1068B8000565000002392DE9F041064604292ED865
:1068C800DFE801F003090B2D0E00174A537B003B4C
:1068D80018BF0123137300201FE0FFF7A3FAFAE79C
:1068E800DFF8448000F098FA00F086FB0C46054675
:1068F800FFF7C8FC0746D8F80400FFF74FFD002350
:1069080000222846C8F8043000232146C8E9042399
:106918003B463246FFF764FE0220BDE8F08140F2B4
:106928001721B02000F05CFD50120020064A002319
:1069380010B5064C0260206084F828306373FFF7B6
:10694800D1F93230A06010BD4BA8000050120020D1
:1069580008B5074B1A681168064A914204D040F2FC
:106968005121B02000F03CFD3230986008BD00BFD6
:10697800501200204BA8000010B5EFF3108472B637
:10698800034B0421186804F052F904B962B610BD2B
:106998005012002008B5094B5A6822B940F27221FA
:1069A800B02000F01DFDD3E90421BDE8084080189F
:1069B800034A41F1000100F0F3BA00BF5012002071
:1069C8001565000008B5064B5B6823B94FF41E71C6
:1069D800B02000F005FDBDE8084000F0FDBA00BF9A
:1069E8005012002008B5054B5A6822B940F27E21A2
:1069F800B02000F0F5FCD86208BD00BF501200209E
:106A080008B5054B5A6822B94FF42171B02000F03F
:106A1800E7FC186308BD00BF50120020054B1B6B34
:106A280010B523B940F28A21B02000F0D9FCBDE8A6
:106A38001040184750120020054BDB6A10B523B9E7
:106A48004FF42471B02000F0CBFCBDE8104018478B
:106A580050120020014B5868704700BF50120020A8
:106A680008B5054B5A6822B940F29B21B02000F0C6
:106A7800B7FCD3E9040108BD50120020034B587B32
:106A880010F0010018BFD889704700BF50120020CD
:106A98000028ADBF00F1604000F00F00044B00F586
:106AA8006140B4BF185C90F800034009704700BF0C
:106AB80014ED00E02DE9F04105460E46E1B9114F0D
:106AC8003B681BB18621452000F08AFC38600E48DF
:106AD800FFF788FF0D48FFF793FF03F057FE6B7D24
:106AE80004465B0708D503F0ABFD0A34241A7C6022
:106AF80000F094FA0028FBD02B6A3146686ABDE89A
:106B0800F041184788120020396B0000196B00000B
:106B1800064B1B6810B51BB97221452000F060FCBC
:106B28001A6A0421586ABDE81040104788120020EC
:106B3800064B1B6810B51BB96C21452000F050FCB2
:106B48001A6A0321586ABDE81040104788120020CD
:106B5800024B00221A601A81704700BF8812002079
:106B680008B5074B1A681AB9B921452000F038FC56
:106B78000449D16000221A60BDE80840FFF7BAB99D
:106B880088120020BD6A000030B587B00C46182274
:106B980000210546684604F068F9637A4FF0000260
:106BA8006168C3F38003029183F0010363F38202F7
:106BB800237A8DF81430224B8DF81520039323780F
:106BC8005BBB9DF81500D4E904324007CDE90032DB
:106BD80007D50A3B01F10A0142F1FF320291CDE9E2
:106BE8000032637A69469DF81520C3F3400322F00A
:106BF80003025B0043F0010313438DF81530114B7A
:106C08005868C0F30800B8B11038FFF741FF98B9C9
:106C18002846FFF747F907B030BD2369049303F00E
:106C280009FD9DF815305B0744BF029B0A33CDE987
:106C3800000148BF0293D4E7284603F009FDEAE7BC
:106C4800BD6A000000ED00E008B50A4B1B6823B9D7
:106C58004FF4EE71452000F0C3FB5B7D5B0703D466
:106C6800BDE8084003F092BD03F090FD0A3041F101
:106C7800000108BD8812002070B50B7886B023B1DA
:106C880040F21F21452000F0ABFB4C7A4FF0000684
:106C98000593C4F380034D6883F00103029563F301
:106CA80082060B7A8DF814300F4B8DF81560760735
:106CB8000393D1E90431CDE9003107D50A3B05F149
:106CC8000A0541F1FF310295CDE900319DF81530F3
:106CD800C4F340046946049264F341038DF8153007
:106CE80003F0B6FC06B070BDBD6A00007FB503F0C6
:106CF800A1FC002305930B4B039340F21E23029340
:106D08004FF0FF33CDE90001694607480493FFF7C8
:106D1800C9F818B99B21432000F062FB07B05DF861
:106D280004FB00BF596D0000C012002010B5074CCD
:106D380094F820304BB9FEF7B5FF30B9012384F839
:106D48002030BDE81040FFF7D1BF10BDC0120020B1
:106D580008B505292DD8DFE801F0032E282C2C0DC5
:106D680003F064FC144803F013FD1E38BDE8084026
:106D780003F062BCFEF796FF38B10F4B002283F890
:106D88002020BDE80840FFF7B5B803F051FC08B96A
:106D980003F04CFC00214FF4007003F0C9FC0028FC
:106DA800E0D1B921432000F01BFBBDE80840FFF704
:106DB8009DBFC521F6E708BDC01200204FF0004373
:106DC8000B4A0021C2F88030A2F58022C2F8803137
:106DD800012302F57832C2F80435A2F58022C2F800
:106DE80004352022034B184683F8201004F03DB8E0
:106DF80000400C50C012002008B50AF06DF9054A91
:106E0800D2F8583743F00103C2F85837BDE80840B4
:106E1800FFF78CBF00200E5008B50AF06DF90B4A39
:106E2800D2F8583723F00103C2F858370122084B2B
:106E38005A604FF0FF32C3F808232022054BC3F8ED
:106E48009021BDE8084000F0C7B800BF00200E50F0
:106E58000050085000E100E008B5FEF723FFB0B984
:106E68000D4BD3F800314BB90C4A536A0133312B1F
:106E780053620BD96C21432000F0B2FA03F0D8FB1F
:106E880008B17021F7E703F0CFFB012008BD034BE1
:106E980000225A62F9E700BF00E01050C01200203B
:106EA80040F20251014808B500F090FAE0BE010036
:106EB8001848202208B5C0F89020BFF34F8FBFF3C1
:106EC8006F8F154BC0F89021D3F8041521F00301FA
:106ED800C3F80415D3F8081541F00301C3F80815E1
:106EE80092FAA2F1B1FA81F1092904DD40F29F3149
:106EF8000A4800F06BFAC3F8101501215960D960EF
:106F08004FF00041C3F880104FF0FF31C3F8081369
:106F1800026108BD00E100E000500850E0BE010039
:106F2800134A4FF4E0632021C2F838330023C2F833
:106F3800AC35C2F8BC35C2F8CC35C2F82031C2F83D
:106F48002431C2F828310B4AC2F89C11C2F89C10AF
:106F5800BFF34F8FBFF36F8FC2F89010BFF34F8FFF
:106F6800BFF36F8FC2F89011034A1360704700BFD8
:106F780000200E5000E100E0E812002008B5FFF7FD
:106F8800CFFF054B4FF4A062C3F834232022034BF4
:106F9800C3F89C21DA6108BD00200E5000E100E032
:106FA8000B4B10B51C681CB14C21042000F018FADA
:106FB800B1F5801F1A6001D3FFF772FF054B01225C
:106FC800C3F8A005C3F8A415C3F8AC2510BD00BFCD
:106FD800E812002000200E50054A136833B1002340
:106FE8000449C1F8AC35C1F820311360704700BFBF
:106FF800E812002000200E5030B54FF0FF30064C4C
:107008006FF04041D4E90023904271EB0305F9D3B6
:107018001046C3F3130130BD40270E5008B5FFF7E3
:10702800EBFF044BD3E90223904299412CBF012086
:10703800002008BDE812002008B5FFF739FF024B11
:1070480001221A6008BD00BF0050085010B5FFF7B4
:107058002FFF0F4C0023C4F8BC35C4F82431FFF7C8
:10706800CBFF0A3041F10001B1F5801F01D1FFF7D4
:1070780017FF4FF00043C4F8B005C4F8B415C4F8BE
:10708800A4310123C4F8BC35024BC3E9020110BD89
:1070980000200E50E8120020144BD3F8342312F4C9
:1070A800A06F10B503D1FB21042000F099F9D3F8A3
:1070B800202162B100220E49C3F8AC25C3F8202173
:1070C8000B6813B940F20311EEE70A609847074BC3
:1070D800D3F828214AB10022C3F8CC25C3F82821C7
:1070E800034BBDE810401B69184710BD00200E5027
:1070F800E8120020034610B3007888B91A79012AEB
:107108001ED85A79012A1BD89A680E49643A8A42CD
:1071180016D8D8680C4B98422CBF00200120704725
:1071280001280CD11A79012A09D85A79012A06D8D6
:10713800DA680449643A8A4201D89868EAE7002084
:10714800704700BF3C8601000040420F70B50446FE
:1071580003F070FA40F2F966656AD4E906329633AC
:1071680042F100025B1905F5DF6542F10002B5FB4B
:10717800F6F55B1942F1000283428A410ED294F877
:107188002A30052B03D0B3216A2000F029F90A21FF
:10719800236A94F858009847B621F5E7044C236809
:1071A80013B1984700232360BDE87040FFF7D8BCAF
:1071B800FC12002070B504460D4639B9012380F849
:1071C8005930FFF7C3FF0226304670BD0E78032EF4
:1071D80070D801A353F826F0CF710000F1710000B8
:1071E8005B720000137200004868C72801D80026A7
:1071F800EAE7042103F09CFA0028F8D003F01EFA0D
:107208006968204603F07EFBDEE790F8286006BB3D
:107218004D682846FFF76EFF00284BD02B78D3B96E
:10722800012121702B796A79003B18BF0123002ABC
:1072380014BF0422022243F004032272AA68A53272
:107248006260EA6863720323226184F82A3084F852
:1072580029102046B5E794F82A30052B04D040F2CF
:1072680093116A2000F0BCF8267004F130002B79E5
:107278006A79003B18BF0123002A14BF04220222A6
:1072880043F004032272EA686372A532A968626057
:10729800D4E906325B1842EBE1722146C4E90432B4
:1072A800042384F82A30FFF76FFC0028D1D140F27C
:1072B8009511D6E7012384F85930CAE72DE9F84338
:1072C8008846074658B300F02FF84FF000090446E7
:1072D8005FFA89F6B44203D86FF00B00BDE8F88373
:1072E800304609F1010900F025F890F82A50002DE0
:1072F800EED1304600F01EF80A490446058580F8AC
:107308002A50024680F85860303003F0B1FA012361
:107318002762284684F82A3088F80060DEE76FF094
:107328001500DBE71BA90000014B1879704700BF67
:1073380000130020044B1A79824283BF1B68602225
:1073480002FB003000207047001300200A4610F0AE
:10735800030110B50AD1074C2271206008B900203A
:1073680010BD60235A4303F080FDF8E76FF00D006D
:10737800F6E700BF00130020BFF34F8F0549064B07
:10738800CA6802F4E0621343CB60BFF34F8F00BFBB
:10739800FDE700BF00ED00E00400FA05094B0122FB
:1073A8005A604FF0FF32C3F808234FF40062064BCF
:1073B800C3F88820BFF34F8FBFF36F8FC3F88821BE
:1073C800704700BF00B0045000E100E008B572B695
:1073D800024B5B6803B19847FFF7CEFF0813002004
:1073E8001FB572B6144B5C6894B9FFF7C5FFB2FBC2
:1073F800F6F22B465D1C002AF9D1DBB203F1100529
:107408006D4405F80C2C0A2233B901A8A047ECE713
:10741800024600230A26EDE7013BDBB203F1100523
:107428000DEB0506B0FBF2F502FB1500303006F84F
:107438000C0C2846E8E700BF08130020F8B5234FD6
:1074480005460C4616463B78002B3CD103F0DEF887
:107458007E601F4B01263C814FF48062C3F8A46014
:107468001C4BC3F89020BFF34F8FBFF36F8FC3F847
:107478009021FFF793FF184B002D14BF284618469C
:10748800FEF748FC0546E0B9FFF762FBFEF734FC5F
:1074980003F01CFBFEF79EFC18B9B8211120FFF77A
:1074A8009FFF002C0BDB04F01F036409A4009E401F
:1074B80004F1604404F56144C4F880612660012346
:1074C8003B702846F8BD4FF0FF35FAE70813002057
:1074D80000A0085000E100E018B20100074BB3F922
:1074E8000830002B09DB5A09012103F01F039940DA
:1074F80002F14003024A42F82310704708130020A3
:1075080000E100E0014B1878704700BF0813002025
:1075180050B1074B03F1140253F8041B934240F88F
:10752800041BF9D1002070476FF01500704700BFA9
:107538000EBF01002DE9F84F074689469346984645
:10754800374CDFF8E0A0384D2E780136F6B2D5E892
:107558004F3F0133DBB2C5E8403F0028F7D1012196
:107568006160C4F80001C4F80401EFF3108072B63A
:107578002E4BC5F80490AB60C5E905B33B68C4F869
:1075880010357B68C4F81435BB68C4F81835FB6837
:10759800C4F81C35264BC4F830351033C4F83835D8
:1075A800216000B962B6D4F800312BB9D4F804319F
:1075B80013B92B789E421CD0B8F1000F09D00A9B52
:1075C8003BB1D4F840350A9AC8F80030D4F83C35B5
:1075D8001360D4F80431002BB5D12978B142B2D167
:1075E800C4F80031C4F804310323C4F80833BDE8F3
:1075F800F88FDAF81030DB06D5D503234FF4006195
:10760800C4F804330B4BC3F88811D4F80031002BAD
:10761800C9D1D4F80431002BC5D103F09AFBC2E7D5
:1076280000B0045000ED00E0141300201000000B1F
:107638001813002000E100E01A4B4FF4000270B567
:10764800C3F89820BFF34F8FBFF36F8F164C0021FC
:10765800164DC4F80011C3F898212E692B6906F05D
:10766800100643F010032B610123C4F80433236090
:10767800D4F800319BB11EB92B6923F010032B619C
:107688000123D4F808054FF400026360C4F80833F6
:107698000023C4F80031034BC3F8982170BD03F0F0
:1076A80058FBE5E700E100E000700D5000ED00E058
:1076B80038B50B49042301EBC302157905F0FF0423
:1076C8002DB1013BF7D240216920FFF789FE41F82F
:1076D800330001215471D8B29471117138BD00BFC3
:1076E80038130020042808B503D947216920FFF77B
:1076F80077FE034B002203EBC0031A7108BD00BFDD
:1077080038130020042808B503D950216920FFF751
:1077180067FE094B03EBC0000379012B01D051210F
:10772800F4E7437982790133DBB29A4218BF437197
:10773800BDE80840FFF7D2BE3813002038B505244D
:107748000F4D95F8281005EBC1031A79012A09D1C4
:1077580058799A79904205D05A79D2B29A7155F8E7
:107768003130984795F82830013C0133DBB2052BBE
:1077780028BF002314F0FF0485F82830E1D138BD74
:1077880038130020094B0A4AC3F800230132C3F812
:107798000C230132C3F818230132C3F82023013225
:1077A800C3F81C230132C3F81021704700A0085009
:1077B80004000080074B0022C3F80023C3F80C2301
:1077C800C3F81823C3F82023C3F81C23C3F81021D7
:1077D800704700BF00A00850844641EA000313F038
:1077E800030359D1403A33D3F0B4F0C9F0C0F0C91B
:1077F800F0C0F0C9F0C0F0C9F0C0403AF5D2F0BC12
:1078080026E0403A24D300BF0B6803604B6843600E
:107818008B688360CB68C3600B6903614B69436104
:107828008B698361CB69C3610B6A03624B6A4362EC
:107838008B6A8362CB6AC3620B6B03634B6B4363D4
:107848008B6B8363CB6BC36340304031403ADBD2F0
:1078580030320BD30B6803604B6843608B688360DE
:10786800CB68C36010301031103AF3D20C3205D314
:1078780051F8043B40F8043B043AF9D2043208D0EA
:10788800D2071CBF11F8013B00F8013B01D30B885C
:1078980003806046704700BF082A13D38B07B0D017
:1078A80010F00303ADD0C3F10403D21ADB071CBFE9
:1078B80011F8013B00F8013BA3D331F8023B20F853
:1078C800023B9EE7043AD9D3013A11F8013B00F88C
:1078D800013BF9D20B7803704B7843708B78837037
:1078E80060467047B5AE0000C1AE0000C5AE0000EE
:1078F800CDAE0000D1AE000081F0004102E000BF33
:1079080083F0004330B54FEA41044FEA430594EA57
:10791800050F08BF90EA020F1FBF54EA000C55EA92
:10792800020C7FEA645C7FEA655C00F0E2804FEA63
:107938005454D4EB5555B8BF6D420CDD2C4480EA45
:10794800020281EA030382EA000083EA010180EA75
:10795800020281EA0303362D88BF30BD11F0004FC3
:107968004FEA01314FF4801C4CEA113102D04042F9
:1079780061EB410113F0004F4FEA03334CEA133334
:1079880002D0524263EB430394EA050F00F0A7804C
:10799800A4F10104D5F1200E0DDB02FA0EFC22FA47
:1079A80005F2801841F1000103FA0EF2801843FA3B
:1079B80005F359410EE0A5F120050EF1200E012A2C
:1079C80003FA0EFC28BF4CF0020C43FA05F3C0186A
:1079D80051EBE37101F0004507D54FF0000EDCF1E3
:1079E800000C7EEB00006EEB0101B1F5801F1BD38C
:1079F800B1F5001F0CD349085FEA30004FEA3C0C90
:107A080004F101044FEA445212F5800F80F09A8085
:107A1800BCF1004F08BF5FEA500C50F1000041EB89
:107A2800045141EA050130BD5FEA4C0C404141EB8D
:107A38000101013C28BFB1F5801FE9D291F0000F88
:107A480004BF01460020B1FA81F308BF2033A3F137
:107A58000B03B3F120020CDA0C3208DD02F1140C2E
:107A6800C2F10C0201FA0CF021FA02F10CE002F169
:107A78001402D8BFC2F1200C01FA02F120FA0CFC62
:107A8800DCBF41EA0C019040E41AA2BF01EB0451AB
:107A9800294330BD6FEA04041F3C1CDA0C340EDCA9
:107AA80004F11404C4F1200220FA04F001FA02F3EC
:107AB80040EA030021FA04F345EA030130BDC4F1AA
:107AC8000C04C4F1200220FA02F001FA04F340EA9F
:107AD8000300294630BD21FA04F0294630BD94F050
:107AE800000F83F4801306BF81F480110134013D37
:107AF8004EE77FEA645C18BF7FEA655C29D094EAA8
:107B0800050F08BF90EA020F05D054EA000C04BF25
:107B18001946104630BD91EA030F1EBF0021002010
:107B280030BD5FEA545C05D14000494128BF41F0AF
:107B3800004130BD14F580043CBF01F5801130BD13
:107B480001F0004545F0FE4141F470014FF000009E
:107B580030BD7FEA645C1ABF194610467FEA655C4F
:107B68001CBF0B46024650EA013406BF52EA0335F1
:107B780091EA030F41F4002130BD00BF90F0000FDF
:107B880004BF0021704730B54FF4806404F132041B
:107B98004FF000054FF0000150E700BF90F0000FD4
:107BA80004BF0021704730B54FF4806404F13204FB
:107BB80010F0004548BF40424FF000013EE700BFCB
:107BC80042004FEAE2014FEA31014FEA02701FBF5B
:107BD80012F07F4393F07F4F81F06051704732F08D
:107BE8007F4208BF704793F07F4F04BF41F40021E4
:107BF800704730B54FF4607401F0004521F0004142
:107C08001CE700BF50EA010208BF704730B54FF0CB
:107C180000050AE050EA010208BF704730B511F0CC
:107C2800004502D5404261EB41014FF4806404F104
:107C380032045FEA915C3FF4D8AE4FF003025FEA8A
:107C4800DC0C18BF03325FEADC0C18BF033202EB0E
:107C5800DC02C2F1200300FA03FC20FA02F001FA68
:107C680003FE40EA0E0021FA02F11444BDE600BF0B
:107C780070B54FF0FF0C4CF4E06C1CEA11541DBFBA
:107C88001CEA135594EA0C0F95EA0C0F00F0DEF885
:107C98002C4481EA030621EA4C5123EA4C5350EA6A
:107CA800013518BF52EA033541F4801143F48013BB
:107CB80038D0A0FB02CE4FF00005E1FB02E506F04C
:107CC8000042E0FB03E54FF00006E1FB03569CF0A1
:107CD800000F18BF4EF0010EA4F1FF04B6F5007FA7
:107CE80064F5407404D25FEA4E0E6D4146EB060619
:107CF80042EAC62141EA55514FEAC52040EA5E50A2
:107D08004FEACE2EB4F1FD0C88BFBCF5E06F1ED84B
:107D1800BEF1004F08BF5FEA500E50F1000041EB82
:107D2800045170BD06F0004646EA010140EA02002F
:107D380081EA0301B4EB5C04C2BFD4EB0C0541EA51
:107D4800045170BD41F480114FF0000E013C00F366
:107D5800AB8014F1360FDEBF002001F0004170BD8A
:107D6800C4F10004203C35DA0C341BDC04F11404A3
:107D7800C4F1200500FA05F320FA04F001FA05F22F
:107D880040EA020001F0004221F0004110EBD370FC
:107D980021FA04F642EB06015EEA430E08BF20EA28
:107DA800D37070BDC4F10C04C4F1200500FA04F3CB
:107DB80020FA05F001FA04F240EA020001F000415D
:107DC80010EBD37041F100015EEA430E08BF20EAD0
:107DD800D37070BDC4F1200500FA05F24EEA020E18
:107DE80020FA04F301FA05F243EA020321FA04F047
:107DF80001F0004121FA04F220EA020000EBD370FE
:107E08005EEA430E08BF20EAD37070BD94F0000FFD
:107E18000FD101F00046400041EB010111F4801F31
:107E280008BF013CF7D041EA060195F0000F18BFE2
:107E3800704703F00046520043EB030313F4801F1E
:107E480008BF013DF7D043EA0603704794EA0C0FD8
:107E58000CEA135518BF95EA0C0F0CD050EA4106EE
:107E680018BF52EA4306D1D181EA030101F000416B
:107E78004FF0000070BD50EA410606BF1046194693
:107E880052EA430619D094EA0C0F02D150EA01369F
:107E980013D195EA0C0F05D152EA03361CBF1046E0
:107EA80019460AD181EA030101F0004141F0FE417F
:107EB80041F470014FF0000070BD41F0FE4141F403
:107EC800780170BD70B54FF0FF0C4CF4E06C1CEA03
:107ED80011541DBF1CEA135594EA0C0F95EA0C0FB8
:107EE80000F0A7F8A4EB050481EA030E52EA033573
:107EF8004FEA013100F088804FEA03334FF0805594
:107F080045EA131343EA12634FEA022245EA1115C0
:107F180045EA10654FEA00260EF000419D4208BF71
:107F2800964244F1FD0404F5407402D25B084FEA1E
:107F38003202B61A65EB03055B084FEA32024FF4CA
:107F480080104FF4002CB6EB020E75EB030E22BF27
:107F5800B61A754640EA0C005B084FEA3202B6EBE7
:107F6800020E75EB030E22BFB61A754640EA5C0096
:107F78005B084FEA3202B6EB020E75EB030E22BF26
:107F8800B61A754640EA9C005B084FEA3202B6EB27
:107F9800020E75EB030E22BFB61A754640EADC00E6
:107FA80055EA060E18D04FEA051545EA16754FEA48
:107FB80006164FEAC30343EA52734FEAC2025FEA66
:107FC8001C1CC0D111F4801F0BD141EA00014FF0F5
:107FD80000004FF0004CB6E711F4801F04BF0143C6
:107FE8000020B4F1FD0C88BFBCF5E06F3FF6AFAEE2
:107FF800B5EB030C04BFB6EB020C5FEA500C50F172
:10800800000041EB045170BD0EF0004E4EEA1131F4
:1080180014EB5C04C2BFD4EB0C0541EA045170BDFB
:1080280041F480114FF0000E013C90E645EA060E3F
:108038008DE60CEA135594EA0C0F08BF95EA0C0F6D
:108048003FF43BAF94EA0C0F0AD150EA01347FF4B5
:1080580034AF95EA0C0F7FF425AF104619462CE78C
:1080680095EA0C0F06D152EA03353FF4FDAE1046EF
:10807800194622E750EA410618BF52EA43067FF440
:10808800C5AE50EA41047FF40DAF52EA43057FF4D0
:10809800EBAE12E74FF0FF3C06E000BF4FF0010CDB
:1080A80002E000BF4FF0010C4DF804CD4FEA410C3F
:1080B8007FEA6C5C4FEA430C18BF7FEA6C5C1BD00C
:1080C80001B050EA410C0CBF52EA430C91EA030F8D
:1080D80002BF90EA020F0020704710F1000F91EAEA
:1080E800030F58BF994208BF90422CBFD8176FEAB8
:1080F800E37040F0010070474FEA410C7FEA6C5C86
:1081080002D150EA013C07D14FEA430C7FEA6C5C8C
:10811800D6D152EA033CD3D05DF8040B704700BFB8
:108128008446104662468C461946634600E000BF06
:1081380001B5FFF7B7FF002848BF10F1000F01BDD8
:108148004DF808EDFFF7F4FF0CBF012000205DF8A3
:1081580008FB00BF4DF808EDFFF7EAFF34BF012028
:1081680000205DF808FB00BF4DF808EDFFF7E0FFC1
:1081780094BF012000205DF808FB00BF4DF808ED12
:10818800FFF7CEFF94BF012000205DF808FB00BF79
:108198004DF808EDFFF7C4FF34BF012000205DF85B
:1081A80008FB00BF4FEA410212F5001215D211D5A3
:1081B8006FF47873B3EB625212D94FEAC12343F0DC
:1081C800004343EA505311F0004F23FA02F018BF5E
:1081D800404270474FF00000704750EA013005D127
:1081E80011F0004008BF6FF0004070474FF00000EA
:1081F800704700BF4A0011D212F5001211D20DD5F6
:108208006FF47873B3EB62520ED44FEAC12343F094
:10821800004343EA505323FA02F070474FF000003E
:10822800704750EA013002D14FF0FF3070474FF0ED
:10823800000070474FEA4102B2F1E04324BFB3F5B2
:10824800001CDCF1FE5C0DD901F0004C4FEAC002C5
:108258004CEA5070B2F1004F40EB830008BF20F0A9
:108268000100704711F0804F21D113F13872BCBF63
:1082780001F00040704741F480114FEA5252C2F1B8
:108288001802C2F1200C10FA0CF320FA02F018BF01
:1082980040F001004FEAC1234FEAD32303FA0CFC54
:1082A80040EA0C0023FA02F34FEA4303CCE77FEAE3
:1082B800625307D150EA01331EBF4FF0FE4040F42D
:1082C8004000704701F0004040F0FE4040F40000DC
:1082D800704700BF80F0004002E000BF81F000411D
:1082E80042001FBF5FEA410392EA030F7FEA226C54
:1082F8007FEA236C6AD04FEA1262D2EB1363C1BFE4
:10830800D218414048404140B8BF5B42192B88BF52
:10831800704710F0004F40F4000020F07F4018BF75
:10832800404211F0004F41F4000121F07F4118BF95
:10833800494292EA030F3FD0A2F1010241FA03FC3D
:1083480010EB0C00C3F1200301FA03F100F0004325
:1083580002D5494260EB4000B0F5000F13D3B0F1ED
:10836800807F06D340084FEA310102F10102FE2A5C
:1083780051D2B1F1004F40EBC25008BF20F00100CC
:1083880040EA03007047490040EB0000013A28BF6B
:10839800B0F5000FEDD2B0FA80FCACF1080CB2EBEE
:1083A8000C0200FA0CF0AABF00EBC250524218436C
:1083B800BCBFD0401843704792F0000F81F4000111
:1083C80006BF80F400000132013BB5E74FEA4103E4
:1083D8007FEA226C18BF7FEA236C21D092EA030F50
:1083E80004D092F0000F08BF0846704790EA010FCA
:1083F8001CBF0020704712F07F4F04D1400028BFF7
:1084080040F00040704712F100723CBF00F50000D8
:10841800704700F0004343F0FE4040F4000070470E
:108428007FEA226216BF08467FEA236301464202BA
:1084380006BF5FEA412390EA010F40F480007047CD
:108448004FF0000304E000BF10F0004348BF404273
:108458005FEA000C08BF704743F0964301464FF0AF
:1084680000001CE050EA010208BF70474FF000030B
:108478000AE000BF50EA010208BF704711F000434C
:1084880002D5404261EB41015FEA010C02BF84461C
:108498000146002043F0B64308BFA3F18053A3F57B
:1084A8000003BCFA8CF2083AA3EBC25310DB01FAC2
:1084B80002FC634400FA02FCC2F12002BCF1004F46
:1084C80020FA02F243EB020008BF20F001007047D7
:1084D80002F1200201FA02FCC2F1200250EA4C002B
:1084E80021FA02F243EB020008BF20EADC70704771
:1084F8004FF0FF0C1CEAD0521EBF1CEAD15392EA7F
:108508000C0F93EA0C0F6FD01A4480EA010C40025A
:1085180018BF5FEA41211ED04FF0006343EA5010B4
:1085280043EA5111A0FB01310CF00040B1F5000FF6
:108538003EBF490041EAD3715B0040EA010062F1A5
:108548007F02FD2A1DD8B3F1004F40EBC25008BF8F
:1085580020F00100704790F0000F0CF0004C08BFAD
:1085680049024CEA502040EA51207F3AC2BFD2F17A
:10857800FF0340EAC250704740F400004FF0000388
:10858800013A5DDC12F1190FDCBF00F000407047C2
:10859800C2F10002410021FA02F1C2F1200200FA00
:1085A80002FC5FEA310040F1000053EA4C0308BFC7
:1085B80020EADC70704792F0000F00F0004C02BF18
:1085C800400010F4000F013AF9D040EA0C0093F093
:1085D800000F01F0004C02BF490011F4000F013BED
:1085E800F9D041EA0C018FE70CEAD15392EA0C0F5B
:1085F80018BF93EA0C0F0AD030F0004C18BF31F0C6
:10860800004CD8D180EA010000F00040704790F09B
:10861800000F17BF90F0004F084691F0000F91F03F
:10862800004F14D092EA0C0F01D142020FD193EA05
:108638000C0F03D14B0218BF084608D180EA01008D
:1086480000F0004040F0FE4040F40000704740F069
:10865800FE4040F4400070474FF0FF0C1CEAD05237
:108668001EBF1CEAD15392EA0C0F93EA0C0F69D093
:10867800A2EB030280EA010C49024FEA402037D0FE
:108688004FF0805343EA111143EA10130CF00040F5
:108698008B4238BF5B0042F17D024FF4000C8B42E5
:1086A80024BF5B1A40EA0C00B3EB510F24BFA3EBC5
:1086B800510340EA5C00B3EB910F24BFA3EB910395
:1086C80040EA9C00B3EBD10F24BFA3EBD10340EAEF
:1086D800DC001B0118BF5FEA1C1CE0D1FD2A3FF635
:1086E80050AF8B4240EBC25008BF20F001007047EA
:1086F8000CF0004C4CEA50207F32C2BFD2F1FF038D
:1087080040EAC250704740F400004FF00003013ABD
:1087180037E792F0000F00F0004C02BF400010F461
:10872800000F013AF9D040EA0C0093F0000F01F075
:10873800004C02BF490011F4000F013BF9D041EA97
:108748000C0195E70CEAD15392EA0C0F08D14202CA
:108758007FF47DAF93EA0C0F7FF470AF084676E79D
:1087680093EA0C0F04D14B023FF44CAF08466EE776
:1087780030F0004C18BF31F0004CCAD130F0004244
:108788007FF45CAF31F000437FF43CAF5FE700BF9C
:108798004FF0FF3C06E000BF4FF0010C02E000BFC5
:1087A8004FF0010C4DF804CD4FEA40024FEA410367
:1087B8007FEA226C18BF7FEA236C11D001B052EA1D
:1087C800530C18BF90EA010F58BFB2EB030088BFE3
:1087D800C81738BF6FEAE17018BF40F00100704752
:1087E8007FEA226C02D15FEA402C05D17FEA236C34
:1087F800E4D15FEA412CE1D05DF8040B704700BF7B
:10880800844608466146FFE70FB5FFF7C9FF002811
:1088180048BF10F1000F0FBD4DF808EDFFF7F4FF4A
:108828000CBF012000205DF808FB00BF4DF808EDE3
:10883800FFF7EAFF34BF012000205DF808FB00BF06
:108848004DF808EDFFF7E0FF94BF012000205DF828
:1088580008FB00BF4DF808EDFFF7D2FF94BF0120D9
:1088680000205DF808FB00BF4DF808EDFFF7C8FFD2
:1088780034BF012000205DF808FB00BF4FEA40022A
:10888800B2F1FE4F0FD34FF09E03B3EB12620DD936
:108898004FEA002343F0004310F0004F23FA02F0A0
:1088A80018BF404270474FF00000704712F1610F47
:1088B80001D1420205D110F0004008BF6FF000401E
:1088C80070474FF00000704742000ED2B2F1FE4FE1
:1088D8000BD34FF09E03B3EB126209D44FEA002387
:1088E80043F0004323FA02F070474FF0000070474E
:1088F80012F1610F01D1420202D14FF0FF307047EF
:108908004FF00000704700BF7BB972B90029BEBFA5
:1089180000204FF0004106E008BF00281CBF6FF0A0
:1089280000414FF0FF3000F077B8ADF1080C6DE969
:1089380004CE002909DB002B1ADB02F0DAFADDF895
:1089480004E0DDE9022304B07047404261EB4101D5
:10895800002B1BDB02F0CDFADDF804E0DDE9022391
:1089680004B0404261EB4101524263EB430370475C
:10897800524263EB430302F0BCFADDF804E0DDE9A0
:10898800022304B0404261EB41017047524263EB5D
:10899800430302F0AEFADDF804E0DDE9022304B097
:1089A800524263EB4303704753B94AB9002908BFE1
:1089B80000281CBF4FF0FF314FF0FF3000F02CB8FB
:1089C800ADF1080C6DE904CE02F093FADDF804E08D
:1089D800DDE9022304B07047D0B5FFF7F1F80022B3
:1089E8000B4B06460F46FFF743F9FFF703FC044617
:1089F800FFF7C4F80022074BFFF73AF902460B4687
:108A080030463946FEF77CFFFFF7F4FB2146D0BD20
:108A18000000F03D0000F041704700BF08B5F7F7CF
:108A2800D9FEF8F70FFEF7F7F7FD002008BDFEF7AF
:108A38006FBD10B586B0044601A8FEF769FD022394
:108A48000020237005236070A3709DF80430E07047
:108A58006371BDF805302071E380DDF80730A3604D
:108A680006B010BD00F092BB70B50446FBF7C0FC21
:108A7800012805461AD1601CFBF7C2FCB0B1A379E6
:108A88000020E61D63F03F03A371F8F795FE38B1A7
:108A980010220021304602F0E8F90020257070BD50
:108AA8003046FBF7C1FC0028F2D0F6E70025F4E7D2
:108AB80010B504461022002102F0D7F904F1100382
:108AC80010220021184602F0D0F9FBF7C7FC00205D
:108AD800F8F772FE20B12046FBF7A6FC002010BD77
:108AE800FBF786FC0028F6D0F8E710B50446FEF739
:108AF800A3FDB0F5007F09DA10F5007F08DD031E3D
:108B0800B8BF03339B100020237010BD7F23FAE702
:108B18006FF07E03F7E7F7B504462046F9F7C4F887
:108B2800022805462ED004282CD123788A2B18D168
:108B38003E20F7F763FE78B9E37801A92279684601
:108B480043EA0223ADF8003000F090FB0028E4D09F
:108B580053210820F7F724FD0520F7F789FE0028A0
:108B6800EAD0204600F011F82678A7783046F7F7C3
:108B780045FE0028D1D03E2E04D13846F7F778FEBE
:108B88000028CAD0284603B0F0BD10B503780446C3
:108B9800813B0E2B2FD8DFE803F02F3541454F6777
:108BA8006D08613B71775B2E7D002920F7F760FE29
:108BB80030B13E232370222363702923A3701AE067
:108BC8000A20F7F755FE3E23237018B11F23637060
:108BD8000A23F3E70123A37013236370E37903F0F7
:108BE8000103E371D4F81A30C4F80E30E38B6382C2
:108BF80094F82030237510BD3E230370042343707E
:108C08001423DBE73E2303700A2343700323D5E7CD
:108C18003E2303700D2343700523CFE705232370FC
:108C2800042307E05A20F7F7E9FD08230028F6D0C7
:108C38005A2222706370DEE75B20F7F7DFFD18B178
:108C48005B2323700623F5E7302323700323F1E722
:108C58003E2303700B2343700723AFE73E230370C3
:108C6800062343700C23A9E71323037083789B0022
:108C78000133DFE7572303700223DBE73E2303704A
:108C880006234370122399E73E2303700923437098
:108C9800132393E7FF2303700D23437080238DE78D
:108CA80010B50C4648B141B1FFF735FF00282070D8
:108CB8000CBF6FF02200002010BD6FF01500FBE71D
:108CC800F8B5941C0E46054617460C446343B3F5A5
:108CD800004FA8BF4FF0FF3310F003019CB203D040
:108CE800B0211420F7F75CFCB4F5004F01D9B1218D
:108CF800F7E71422043002F0B8F8EF746C802E8085
:108D0800F8BD023101444A43B2F5004FA8BF4FF005
:108D1800FF3290B21B3020F00300B0F5004F34BF93
:108D280000B24FF0FF30704703461830F0B59E8808
:108D3800DD88B4B2C6F30E06A54214D05F89DD7C87
:108D4800845B3D44E41B0235A4B2354428440D88B5
:108D5800A54284BF0C8025465989B1FA81F1490999
:108D68001170DD81F0BD00252846FAE7F8B5828844
:108D78000026C38904460D4692B20E60CBB14189E4
:108D8800C2F30E020B4418329BB28718825A4381F1
:108D9800934204D94FF4A2711420F7F701FC04D1CF
:108DA800011DF7F775FD46812F6000230120E3813F
:108DB800F8BD1846FCE78388014602899BB29A42AF
:108DC80002D00831F7F764BD70478388C0889BB22A
:108DD800C31A584258417047023070470729034662
:108DE80070B504D84FF4EC711520F7F7D9FB00687B
:108DF800C0B1446806461A688C4210D0106860B941
:108E080001F10805AC420DD3546850501868651A32
:108E1800541800686560505002E01346E9E714688A
:108E280030461C6070BD30B590B18478B1FBF4F366
:108E380004FB131300EB430252898A4201D1D8B2D2
:108E480030BDC27822B900F10803D0B2844201D8FB
:108E5800FF20F5E733F8025F01328D42F5D1EFE7E5
:108E68008278038805324B4303EB4203184470476A
:108E780037B500240546CDE900448DF8060068465C
:108E8800ADF80440F7F7D8FEBDF8044008B103B0C8
:108E980030BD29462046F7F7ABFE0028EFD040F258
:108EA80035211720F7F77CFB70B51E460D460921C2
:108EB800FFF727FF0446324609212846FFF721FF1E
:108EC80040EA04031B0454BF00194FF0FF3070BD83
:108ED80001230370704710B5FF238B70C2F3800322
:108EE80001245B00DBB2CA18127D032A08BF0133D4
:108EF800CA18147503F10C04002201EB830321F84E
:108F080014205B688A700360828010BDF8B50C4637
:108F1800054611461E4684F001046400E4B2FF23AE
:108F2800837003191B7D012B05D00134E4B20319AA
:108F38001B7D012B0AD105EB44073B8B3A8C981912
:108F4800904205DD00232C443B8323750020F8BDA7
:108F580005EB8404324660681844FEF73DFC3B8B01
:108F68001E443E830023AB700120F0E781F001012D
:108F7800490010B5C9B2FF23837043181C7D012C2A
:108F880007D10C3120F8112002221A7500238370B2
:108F980010BD0131C9B243181C7D012CF1D04FF42A
:108FA80099710920F7F7FCFA024630B5837803F087
:108FB800FF00F3B9137D022B19D0537D022B15D175
:108FC8000346012089B10024D5180C332C7522F8EA
:108FD8001340131803241C7502EB80035B680B60B5
:108FE80000F10C0332F813308B80012030BD0123CF
:108FF800E8E70020FAE7034630B5827802F0FF0080
:10900800E2B99A7D022A17D0DC7D022C13D1032203
:1090180081B11D1900200C34287523F81400981804
:109028000324047503EB82000C32406833F81230D5
:1090380008608B80012030BD0324E9E70020FAE7AF
:10904800037D012B01D1008B7047437D012B0CBFA1
:10905800408B00207047837D012B01D1808B7047A6
:10906800C37D012B0CBFC08B00207047027D022AF4
:1090780001D1008B7047437D022B01D1408B704793
:10908800032AF6D0032BF9D000207047827D022AEC
:1090980001D1808B7047C37D022B01D1C08B7047F3
:1090A800032AF6D0032BF9D000207047F7F796BEB5
:1090B800F7F7EABE002307B5CDE9003301238DF8A1
:1090C80006306846F7F7B8FD08B1002004E00098BC
:1090D80000F00BFF0028F4D003B05DF804FB1FB5C7
:1090E800002240F6881303A90092FCF7F1F805B0B6
:1090F8005DF804FB10B5FFF7DDFF60B1F8F70CF879
:10910800044601F035F840B9204601F02DF880F00A
:109118000100C0B210BD0120FCE70020FAE71122CF
:1091280043F239030270C2705922A0F801308280DC
:10913800C38000207047082108B5F7F781FE00209A
:1091480008BD10B504466FF07F00FFF7C8FFFBF7B6
:1091580029F820707F20FFF7C2FFFBF723F8607023
:10916800002010BD0A4600F1100108B5072301F0E0
:10917800E6FD002008BD10B5014604460020F8F7BA
:1091880001FB08B92060A080002010BD10B504467E
:10919800F8F752FA28B900202146F8F7DBFA002040
:1091A80010BDFFF7A7FF0028F5D10C20F8E710B590
:1091B8000446FFF79FFF28B101202146F8F7CAFAB5
:1091C800002010BD0C20FCE710B50446F8F74EFA55
:1091D80020600020616010BD37B50446F7F79CFF9A
:1091E800054623781F2B18D8816A04226846FFF7A2
:1091F80072FE22460021A86A12F8013BFFF786FE9C
:1092080068B1AC6A2046FFF726FF002102462046D7
:10921800FFF7ACFE002003B030BD1220FBE70720AB
:10922800F9E737B50446F7F777FF054623781F2B8C
:1092380018D8816A00226846FFF74DFE22460121B0
:10924800A86A12F8013BFFF761FE68B1AC6A2046D4
:10925800FFF7F6FE012102462046FFF787FE0020B1
:1092680003B030BD1220FBE70720F9E7008808B5F6
:109278000880002180B2F7F7A5FC20B10021BDE8E5
:10928800084001F018B9022008BD10B5044600785E
:10929800FF280AD00121F7F795FC58B16378A27826
:1092A80043EA0223C383002010BDB4F80100F9F794
:1092B800A9FCF8E74220F7E710B5044604B910BD49
:1092C800236898476468F9E703680BB90160704739
:1092D8001A465B6813B18A42FAD170478A4218BFAE
:1092E8005160704708B5F9F793FFF9F7EBFBBDE854
:1092F8000840F9F775BF08B5F9F7B4FBF9F75EFF51
:1093080020B140F263119320F7F74AF90120BDE834
:109318000840FFF7ADBDFCF7DBBC0B46892203F81C
:10932800032BD0F80920C1F80320427B1A7170473B
:1093380038B50D460446F8F79FF92B78002B08BF7F
:10934800034684F868306B78002B08BF034684F81E
:1093580069306B88A4F86A3038BD704730B5424030
:109368001C7808785D7860404C786C409D78204483
:109378008C786C40DD782044CC786C401D795B7922
:1093880020440C7949796C404B40204418441044DF
:10939800B0FA80F0400930BD024600200139C9B258
:1093A800FF2900D17047535C83F001030344D8B20E
:1093B800F4E708B5F8F70CFA082803D0BDE8084028
:1093C800F8F728BA08BD08B501F0AAF818B1BDE841
:1093D8000840FAF7BDBF082008BDF8B505460C4699
:1093E800D0E9047601F04AFA18B952212920F7F792
:1093F800D7F8E4B1D5E90423D21B63EB0603012AAD
:1094080073F100014FF0000113DB6FF0010090428F
:10941800994101DA5C21E9E7631E1344B3FBF4F3D5
:109428005C43E41946F10006C5E904461C4620469B
:10943800F8BD0C46FBE7022905D13C2808D9801065
:109448000F3880B27047702802D9C0100E38F8E77C
:1094580000207047012908B5034605D002290BD022
:10946800E7212920F7F79CF840F6C41040F2E242C1
:10947800002B08BF104608BD40F6C410FBE738B5FE
:109488004FF426720D460021044601F0EEFC6FF001
:1094980036020123A4F8AA5084F863200422A37595
:1094A80084F864206FF03B0284F8A83084F86520C3
:1094B8006F2284F86620032284F86720002284F84B
:1094C80068206FF07F0284F869202B2284F86220DC
:1094D800FE2284F89E207F22E27238BDC2B292FA40
:1094E800A2F2030A93FAA3F31B0E100E40EA03201C
:1094F8007047013105300022C9B270B510F8013F3C
:109508008B4216D310F8054C0023012505FA03F603
:1095180026421CBF01F1FF31C9B269B10133082BE2
:10952800F4D10132D2B2052AE8D19B214620F7F7BF
:1095380037F8C91AC9B2F4E703EBC200C0B270BD6C
:109548000B6870B5C0F8013004460B790546461D16
:1095580003F01F0343710023C37215F8010F00F0D5
:1095680023FA6871B542E37A1844E072F5D170BD08
:1095780081EA114170B58CB20546C17A032682EAA8
:109588000400FFF7ABFF013E00EB001016F0FF06EA
:1095980004EB000290B2F4D144402522B4FBF2F36C
:1095A80002FB1343C3F3C402D8B203F007032A44EF
:1095B8005678012202FA03F31E4207D16143284676
:1095C800C1F30741BDE87040FFF793BF70BDF8B520
:1095D80090F8215004466B1E242B03D9E121462024
:1095E800F6F7DEFFDAB1807D002843D194F8233006
:1095F80094F8221002FB01322523B2FBF3F103FB9E
:109608001123DBB204EBD30203F0070684F82330FE
:10961800D17D0122B240114202D084F82430F8BD35
:10962800B3FBF5F205FB123304F11B01013303F020
:10963800FF0311F8012F9A4219D311F8055C002293
:10964800012606FA02F72F4208D0013B13F0FF0368
:1096580004D102EBC00284F82420E0E70132082A92
:10966800EFD10130C0B20528E3D1D721B7E79B1A63
:10967800DBB2F6E7E28804F11600096AFFF778FF23
:1096880084F82400CBE70378890123F0400301F034
:1096980040010B4303707047037803F07F0343EAEC
:1096A800C113037070471F2A38B50546144603D9FD
:1096B800A8212A20F6F774FF06340930FEF78CF843
:1096C8006C7038BD1F2A38B50546144603D9CA211F
:1096D8002A20F6F765FF06340930FEF77DF86C702E
:1096E80038BD0378024603F00F03032B3ED0052B49
:1096F80042D1C37F90F82000034392F8210003432E
:1097080092F82200034392F8230000F01F00184348
:1097180033D05378222B2FD1B2F81930B1B1B3F529
:10972800506F13D940F607518B4225D8B2F81B3039
:10973800B3F5FA7F20D2B2F81D0040F676430A3816
:1097480080B298428CBF002001207047991F40F6D4
:109758007A4089B281420FD8917D481E07280BD8DC
:10976800994209D2B2F817109942DEE74078A0F181
:109778000C0358425841704700207047F8F744BA24
:1097880010B521B940F2A9211020F6F709FF4A6067
:109798000B72EFF3108472B6031D0B6042681AB1A6
:1097A800127A012A08BF036003681960016004B9CE
:1097B80062B6BDE81040F8F771BA0222F8F732BB7A
:1097C8000322F8F72FBB0422F8F72CBB0222F8F784
:1097D8005FBB8D230B7030F8953CA1F8033030F84F
:1097E800573CA1F8053030F8533CA1F8073030F861
:1097F800553CA1F8093030F8513CA1F80B307047BE
:10980800012908B503D10E30C00080B208BD022975
:1098180002D10F308000F8E74FF40C710620F6F7FC
:10982800BFFE40687047C08A70478A880B8910B5A8
:10983800CC884988A0F85840A0F85410A0F85620C1
:10984800A0F85A3010BD0346B3F84C10B3F85820AE
:10985800914270B528BF1146B3F85A40B3F850206A
:10986800B3F84850A242B0F84260B0F8460028BFAA
:109878002246B3F84A40A3F842109442A3F846207F
:1098880038BF14468D4238BF0D468E42A3F84A4071
:10989800A3F8485021D1801A18BF0120B3F84E1000
:1098A800B3F85420B3F856609142B3F84050B3F877
:1098B800444028BF1146B3F85220B242A3F84010E2
:1098C80028BF32468D42A3F8442008D1944218BFDD
:1098D80040F0010000F0010070BD0120DEE701202A
:1098E800F8E738B5C58B0446438C007A9D4228BFFB
:1098F8001D46FFF785FF6389AB4228BF2B46984278
:1099080038BF184680B238BD2DE9F0419846074661
:109918000E46808919461446FFF772FF05464146F0
:109928003846FFF7DEFF85429DF8181028BF054628
:10993800B88AFFF765FFFB8AADB2834228BF0346AA
:10994800A01D9BB230442B441844BDE8F08107B5F4
:1099580090F86D30002296213430009390F838301A
:10996800FFF7D2FF03B05DF804FB38B514460D4687
:1099780019469634FFF7EBFF2044A84294BF281AF3
:10998800002038BD38B50D4611460446FFF7DFFF05
:109998002844A06338BD01F19C0383423DBF9C3835
:1099A800401A40080020704700F05503400800F0B6
:1099B8005500034403F033009B0803F033030344CA
:1099C80003F00F0000EB13107047036800229A732E
:1099D80083F84A20A3F84620704703680022A3F8BA
:1099E8004E2093F85020013283F8502070470268C7
:1099F80008B592F85030013B5BB2002B82F850302A
:109A080003DA52214A20F6F7CBFD08BDA0F109037D
:109A1800042B09D9A0F14603012B05D923380728BF
:109A28008CBF00200120704701207047026813682E
:109A380010B513F0080408D143F0080382F8981011
:109A48001360FFF7CAFF204610BD0120FCE730F87D
:109A5800023CF7B505460E46B0F8827073B1012294
:109A68006846ADF801708DF80020ADF80330F7F7BF
:109A7800F3FB18B195216320F6F792FD83230024A8
:109A8800A6F803703370B4706B7AD5F898007371C8
:109A9800FFF79BF908B9BA21EDE721463846F7F7F1
:109AA800A7F84FF40173204603F004021B0A62F37F
:109AB800070063F30F2003B0F0BD0B46822203F8C2
:109AC800032BD0F80920C1F80320D0F80D205A60E4
:109AD800427C1A720023CB7070473E230B700C2314
:109AE8004B7004238B70D0F80930C1F80330D0F8DC
:109AF8000D30C1F80730B0F81130A1F80B30C37C35
:109B08004B73704787230B7030F88C3C4B80704741
:109B1800036800209A7B0E2A01BF002283F83E20AA
:109B280083F84A209A73704710B5D0E90D42A242D3
:109B380006D38B8C121B498E05334B43934202D3B9
:109B4800012380F83E3010BD10B50B7901284C79FF
:109B58000A6843EA0421104608BF41F4803110BD69
:109B680007B5FFF7F1FF0DF10702F8F75DFB03B04A
:109B78005DF804FB002307B501A80193FBF778FB08
:109B8800019810F0030018BF012003B05DF804FB32
:109B980008B5FFF7EFFF002814BF1420002008BD08
:109BA80010B5FBF74FF90446FFF7F2FF4FF47A724E
:109BB80004F54443A4304933B3FBF2F3184410BD11
:109BC80010B5044690F86D00FFF7EAFF0122014640
:109BD8002046BDE81040FFF7D5BE7FB5044618B94A
:109BE800A5213020F6F7DCFC052900F2B580DFE876
:109BF80001F003AE2A25B3A990F80032C288A3B1B8
:109C0800B0F8FE31934208BFB0F8B4319A1AA0F800
:109C1800B621E3802046D4E99023C4E99223F9F7DA
:109C28008FFE94F84C3004B070BDB0F8FC319B1A2C
:109C3800A0F8B631B0F8FC319BB2EAE704B0BDE851
:109C48007040FBF773B800F0F5FCD4E99223801A52
:109C580061EB0301012871F1000302DA40F20161AE
:109C6800BFE76FF0010383424FF000038B4102DA34
:109C780040F20261B5E7D4F8C4300BB1B0FBF3F39E
:109C8800E17BB4F8FE210C2931D10132A4F8FE2180
:109C9800B4F8623203AEE5880133A4F86232B4F84E
:109CA80042301D44B4F84030013DED1AADB2B4F86D
:109CB800FE116B1A180434D40023204600961A4665
:109CC800F8F752FB0128AED1B4F8FE21B4F8B01170
:109CD800BDF80C301344521A12049BB204D5EA1A88
:109CE80012F4004F18BF0B46A4F8FE31DFE7E188F5
:109CF8000B449BB2D11A0D044BBF013301329BB206
:109D080093B2A4F8FE3194F80132002BC0D1B4F814
:109D1800B431B4F8FE21934204BF0133A4F8FE31F4
:109D2800B6E7A37C30460394002B14BF08233E23D8
:109D380084F83130F8F7C8F9204600F0B1FB002369
:109D4800637370E704B0BDE87040FFF7B1B9437BB7
:109D5800042BF4D0C62144E7CB2142E7D0F8E80031
:109D6800704738B5044690F828319BB1FF2380F836
:109D78003031012100F015FA94F8283153B104F17B
:109D8800C005284600F07BFC284600F084FC002330
:109D980084F82831002038BD08B590F8302142B940
:109DA80090F8EC2042B1D0E93C31994202D9F9F758
:109DB80063FB0022104608BD0122FBE710B50446EC
:109DC800FFF7E6FE00F25911E269636B9A4228BF79
:109DD8001A461046FFF7DFFD40F64803984228BFB1
:109DE800184680B210BD70B5044621B1012978D05B
:109DF80040F2D37172E000F007F994F82931054672
:109E08000E46DBB150EA010318D0D4E93E32D4E95A
:109E18004601C01A334661EB02012A4600F0DCFF16
:109E280005FB01F300FB0633A5FB00021344D4E94C
:109E38003E21121843EB0103C4E93E23E08B30B105
:109E4800F8F738F8E38BB0FBF3F202FB1300D4E920
:109E58003E32ED184FF0000346EB02062D1840F293
:109E6800024284F8083146F1000684F82931A4F842
:109E78001021C4E93E56C4E9465694F8303103F03F
:109E8800FF01DBB96FF00043D4E948029A4208BFEA
:109E9800B0F1FF3F18D02046D4E9465600F0A9F8A3
:109EA800AE30D4E948325B1B62EB06021B1A62F142
:109EB8000002002A08DA2046F9F7DEFAFAF704FE6B
:109EC800BDE87040FCF74CBE04F5847104F1C00095
:109ED800FCF75AFE0028F1D14FF4E0613020F6F784
:109EE8005FFB002380F8EC30E8E790F828010038A1
:109EF80018BF012070470B468C2203F8032BD0F8BB
:109F08000920C1F80320D0F80D205A60704738B5F1
:109F180088220B460C4603F8032B00F1090229306E
:109F280052F8041B824243F8041BF9D1127800212D
:109F38001A700123A588A3712846F6F743FE58B185
:109F4800E3784BB100212846F6F752FE20B140F2E3
:109F580033212D20F6F724FB38BD0121F9F72CB861
:109F6800FFF7FBBF90F872300BB10120704790F8F3
:109F7800AA2002F0FF03002AF7D190F89C20184687
:109F8800704737B50D464FF49C720021044600F027
:109F98006CFFFF2323701323638042F21073E38363
:109FA800F6F7EEFE00220146A0626846FEF793FF30
:109FB800A06A00220121FEF7D9FFA16A684604229F
:109FC800FEF789FF0022A06A1146FEF7CFFF04F1D1
:109FD8002000A57403B0BDE8304000F019B9FF2394
:109FE800886A0B70FEF774BF0078FF3818BF01202D
:109FF800704710B50446203000F05AF928226188CD
:10A00800F9F76AFA6D3010BDD0E9020170472DE901
:10A01800F04F07468FB00C46064606AD0DF1100806
:10A028000FCF0FC597E80F0085E80F00404600F0F6
:10A03800EFF8677894F8149007F07F0594F80AA071
:10A04800B9F1010F94F800B02F4607D0B9F1020F0B
:10A0580004D040F212310620F6F7A2FA617A40469F
:10A0680000F0DDF8237D227F4046022B02F1010239
:10A078000CBF617D0121D2B204BF0131C9B200F029
:10A08800D0F815F0080360D14046019300F010F9AC
:10A0980028223946F9F720FA40F2712100F2862287
:10A0A800E5782079019B45EA00256079B2FBF1F259
:10A0B80045EA00454A434D43AA420AD9E079A579C1
:10A0C80045EA0025207A45EA00454D43954228BFD8
:10A0D8001546227E0393531EA17CB06A5A42029110
:10A0E8005A410192FEF7C2FFB06AFEF7CFFF039B09
:10A0F800019A0299ADF81A7006AF8DF818B0089554
:10A1080035468DF828208DF82B108DF82CA08DF869
:10A118001C9009930FCF0FC597E80F0085E80F0033
:10A1280098E8030030620020B184E37A03F0FD036D
:10A13800003B18BF012386F84F30E3683365238A54
:10A14800A6F854300FB0BDE8F08F00252B46C0E7C5
:10A158004FF40043C38443881D2B08BF002141747A
:10A16800704790F912007047408800F0010070476E
:10A178008078C0F3400070478078C0F3C000704713
:10A1880090F84830816181F8B330D0F84930C1F88F
:10A19800B430B0F84D30A1F8B83070477047F8F7D0
:10A1A80081BD80F8681070478278034612F001007C
:10A1B80002D0D978C90710D5900702D5D978890770
:10A1C8000AD512F0040008D0D878C0F3800080F0D7
:10A1D80001008000C0B2704702207047C0F34002FF
:10A1E800C0F3800300F001001344184470470228AC
:10A1F80008B507D0042807D0012807D039212E2018
:10A20800F6F7CEF9262008BD2720FCE72520FAE737
:10A218000023C0F802300123437003707047817037
:10A22800704710B54270144601708078FFF7D6FF6A
:10A23800484304FB00F2FE2A03DD5C212E20F6F7DA
:10A24800AFF910BD0023C37043710371704710B597
:10A258000446FFF7A9FF637962780133DBB29A42BB
:10A2680063710CD1E3780022A17803436271DBB2F9
:10A278009942E37001BF2379E27001332371BDE88D
:10A288001040FFF7B4BF38B504468078FFF7A6FF43
:10A298000146E078FFF7A2FF2378227965789B1AB8
:10A2A8006B4359436379C91A00FB1510C0B238BD16
:10A2B800014608B58078FFF791FF4A780B78534339
:10A2C8005843C0B208BD40F2EE20704740F25A33FE
:10A2D8005843704738B50E38136814460D469A7BB4
:10A2E80009283ED8DFE800F0053D3D3D0F3D183D0B
:10A2F8003D27042A05D12046FFF767FB2046F7F7DC
:10A308002DFF002038BD0E2AFBD100222046114621
:10A31800BDE83840FFF7FCBB202AF2D12046FFF702
:10A3280054FB002DEDD0226892F8623023F0200310
:10A3380082F86230E5E7DA7B262AE2D1002520465A
:10A34800DD73FFF754FB236893F82C31012B03D1FD
:10A3580029462046F7F7B2F92368002283F82C2112
:10A36800CFE740F262213120F6F71AF908B5036801
:10A37800DA7B172A04D040F27E513120F6F710F923
:10A388001D22DA7308BD08B590F89E30FE2B04D064
:10A3980040F66F113120F6F703F9002380F89E107C
:10A3A80080F89F3012B9A0F84E2008BDA0F84630BA
:10A3B800012380F84A30F8E708B50368DA7B342AC5
:10A3C80005D10022DA73BDE80840FFF710BB172A51
:10A3D80002D11D22DA7308BD40F293513120F6F7FD
:10A3E800DFF808B503689A7B082A0AD193F8991010
:10A3F80093F8A020914204D100229A7383F84A204E
:10A4080008BD1A68110706D522F008021A60BDE8CF
:10A418000840FFF7ECBA4FF4AF613120F6F7C0F807
:10A42800037D63B9C37BA3F10F02032A07D990F810
:10A43800520028B11F2B8CBF00200120704701203B
:10A448007047024600684978837B202B13D00AD8CE
:10A45800042B12D00E2B12D0C37B262B0CBF172037
:10A46800FE20F9F7A1B92A2B03D02C2B09D0242BD5
:10A47800F2D11620F5E71420F3E70E20F1E71220B9
:10A48800EFE72320EDE7024600680B4690F86210DC
:10A4980041F0040180F8621099785878F9F784B986
:10A4A8000022C281827490F84C3013B10221F8F76F
:10A4B80023BB0321FBE738B504460846E37B03F0DA
:10A4C800FD0394F8682212B10C25284638BD152BD7
:10A4D800FAD194F8843203F0FF05002BF4D191B13E
:10A4E80094F8D63123B940F66C313120F6F758F894
:10A4F800052304F1800204F5E37100F020FC012338
:10A5080084F86832E1E70223FAE708B5FAF72CF98C
:10A51800F9F742FFF9F770FEBDE80840FAF752BDB7
:10A5280010B5C824F9F7FCFE022808D1013C14F044
:10A53800FF04F7D10620F7F787FC204610BD431E1D
:10A5480058425841FAE710B5FAF726F9044600F0E0
:10A558001DF9201841F1000110BD19B943780BB15C
:10A56800C3788370704710B504460846FAF76AFC4A
:10A578004FF47A73B0FBF3F0201A10BD10B50446FF
:10A588000846FAF75FFC4FF47A7200F2E733023CB0
:10A59800B3FBF2F3E01A10BD00F038B8801A00F3EC
:10A5A800070038B50D46144659B240B2FAF716FFFF
:10A5B8000023287020446B7040B238BD002303602C
:10A5C80070477047002070474FF0FF3070474FF0DA
:10A5D800FF30704770474FF0FF30704700207047DA
:10A5E800002070470023037070479DF80030002258
:10A5F800FFF7D4BF4FF0FF307047002070474FF08F
:10A60800FF3070474FF0FF307047704770470020A9
:10A61800FAF73ABF0020FBF727B80020FBF738B855
:10A628000020FAF731BF7047FBF77EB8FBF790B808
:10A63800FBF780B8FCF7E0BCFCF7ACB9FCF7C2B993
:10A64800FCF704BD00F03CB9FCF7F6BCFCF7E6BC2F
:10A6580010B5837F8BB9034601F1180251F8044BFA
:10A66800914243F8044BF9D1012484772146FBF742
:10A67800C3FBFCF781F9204610BD0020FCE710B5AC
:10A6880004460221FBF7B8FBFCF776F9A07FB0FA85
:10A6980080F0400910BD38B50446A37F03B938BD22
:10A6A800A37F032B02D0A37F042B0ED1EFF31085D9
:10A6B80072B62046FBF7BEFD05B962B6A37F002B34
:10A6C800EDD0FF210320FCF78BFEA37F012B02D1E5
:10A6D8004FF48271F6E700F03CFBDEE7F8B5074679
:10A6E800FCF7B8F9044620B940F229110320FCF719
:10A6F80077FEFCF7B5F9A46800252418384641F11F
:10A70800000622463346FBF71DFEA04271EB060306
:10A7180009D3001B6FF0010361EB0601834275EB5F
:10A72800010102D3F8BD2846FCE74FF0FF30F9E7F6
:10A738002DE9F04104460F46FCF78CF9064620B98E
:10A748004FF4A3710320FCF74BFE856800236219C0
:10A758005B4113B10020BDE8F081FCF781F92A18AC
:10A76800384641F1000314EB020843F10005FBF7FA
:10A77800E9FD4045A941EDD3FCF73EFC00F05FF848
:10A78800B368012037752344B360E4E7FCF768B980
:10A7980080687047F8B50369044623B14FF4D17156
:10A7A8000320FCF71DFEFCF727FC05460E46FBF7C9
:10A7B80079FA70B36435D4E9003246F10001AB424E
:10A7C80072EB010001D22B460A46C4E90032EFF3CE
:10A7D800108572B6FCF73EF9064698B1FCF740F9C9
:10A7E800B3680B332CBF012200221B18D4E9006088
:10A7F80042EB0101B34271EB00023CBF3346014614
:10A80800C4E9003105B962B62046BDE8F840FBF757
:10A818000FBEFBF767FA0746FCF730F9B84238BFB6
:10A828003846963546F100024319D4E9000142F151
:10A838000002834272EB0105C7D20346C4E7FBF767
:10A84800F5BB032910B5044606D801290ED840F2F5
:10A858005D11B020FCF7C4FD0429F8D1FBF7E2FA3A
:10A8680020B12046FBF762FE022010BD0020FCE765
:10A87800C0E908122022002100F0F7BA10B50378C9
:10A8880086B0044623B14FF4AB714520FCF7A8FD10
:10A898000593CDE90333D0E90423CDE900234368C8
:10A8A8000293037A68468DF81430FFF773FF01208E
:10A8B800DDE90023C4E9042306B010BDFCF736BA6D
:10A8C80010B5029C241841F10001A01A61EB0301A4
:10A8D800B0F1004F71F1000103DBAA210420FCF75D
:10A8E8007FFD10BD08B500230B8581F82A300B6A5F
:10A8F8000921984728B103781BB1E9216A20FCF7A0
:10A908006FFD08BD436A19444162A1F19600FFF743
:10A9180093BEF8B5044620B940F2AD116A20FCF7A1
:10A928005FFD90F85850052900F2C780DFE801F074
:10A93800038043656F7990F82A30033B012B02D9D5
:10A948004FF4DC71EAE7052380F82A30002380F809
:10A9580059300378EBB12378012B24D1FCF774F933
:10A96800636894F828606362C4E90601F6B9FFF7E2
:10A978006BFE31462046FFF7C5FF236A314628465D
:10A98800984701462046FCF715FC022840F09880BD
:10A99800F8BDFFF74FFE07460E46FCF755F987420C
:10A9A8008E41F6D3D7E7D4E90401D9E72046BDE8BC
:10A9B800F840FCF7CBBB90F82A30DA1E012A02D9FE
:10A9C80040F2ED11AAE790F828202AB1214628463E
:10A9D800BDE8F840FFF786BF042B036A18BF0121C2
:10A9E80080F82A100521284698470028D0D00378F7
:10A9F800002BCDD04FF4007190E790F82A30052B4A
:10AA080002D040F2062189E7036A0221B7E790F8ED
:10AA18002A30052B02D04FF403717FE7036A012126
:10AA2800ADE790F82A30052BC0D040F2122175E727
:10AA380090F82A30052B07D090F829200AB1032B6B
:10AA480002D040F2172169E794F82820002ABDD1E6
:10AA580094F8593083B102230821284684F85920F4
:10AA680084F82A30236A9847002891D00378002B6D
:10AA78008ED040F2232151E794F8292062B1214673
:10AA880004F1300084F82930FCF77EF800287FF4C0
:10AA98007FAF4FF40A7141E702230721284684F863
:10AAA8002A30236A984700283FF472AF0378002BB6
:10AAB8003FF46EAF40F22F2130E74FF40D712DE7D0
:10AAC8000128236A0CBF0421032158E770B500242C
:10AAD800FCF72AFC05462646E0B2854200D870BD40
:10AAE800FCF728FC0134068580F82A60F4E7F8B5FD
:10AAF80004460D460027FCF717FC0646F8B28642C6
:10AB080004D8082D0CD96FF0150008E0FCF712FCEA
:10AB180090F82A300137002BF0D04FF0FF30F8BD05
:10AB28002CB129462046BDE8F840FCF70FBC214669
:10AB38002046F8E710B50446FCF7FCFB014688B14F
:10AB480090F828308BB990F82A3073B1013B012B6B
:10AB580004D82046FFF7C6FE002010BD012380F868
:10AB68002830F9E76FF00100F7E76FF02200F4E70B
:10AB780070B50D46FCF7DEFB044600284CD090F873
:10AB88002A60731E012B4DD8002D48D02846FCF7AB
:10AB9800B1FA002843D02B780BBB012323702B7903
:10ABA8006A79003B18BF0123002A14BF042202223D
:10ABB80043F004032272AA68A5326260EA686372ED
:10ABC80003232261214604F1300084F82A30FBF780
:10ABD800DBFF50BB40F2C1216A20FCF701FC022ECA
:10ABE80020D1002323702B796A79003B18BF0123F9
:10ABF800002A18BF042643F004032672EA68637229
:10AC0800A532A9686260D4E906325B1842EBE172AA
:10AC1800C4E904320423D5E76FF0010070BD6FF07A
:10AC28001500FBE76FF02200F8E70020F6E7F8B51B
:10AC3800037904461BB11B219D20FCF7D1FB467903
:10AC4800017126B901234371217909B96171F8BDF0
:10AC5800276820462671B84702280546F4D1032103
:10AC68002046B84708B12F21E6E723682946204641
:10AC780098470028E8D03021DEE70346006800B98D
:10AC880070478842F9D102681A60704701F11003D1
:10AC9800013813F8012D8B4200F8012FF9D17047C4
:10ACA8002DE9F04713F0010F8EB004460D46174604
:10ACB8009A46DDE9168924D006A8FFF7E7FFA3071F
:10ACC80035D002AA04F110052068083454F8041C91
:10ACD8001346AC4203C31A46F6D106AD02AC1AF0CD
:10ACE800020F4346CDF8009023D0294620460AAAF1
:10ACF800FCF720FC0AA93846FFF7C8FF0EB0BDE8EC
:10AD0800F08713F0040F0DD106AB0E4601F1100CBD
:10AD18001D463068083656F8041C1A46664503C2B4
:10AD28001346F6D1214602A8FFF7B0FFD6E706ADD5
:10AD3800D5E73A4629462046FCF7FCFBDEE713B583
:10AD48000024CDE90044FFF7ABFF02B010BDFCF7CB
:10AD5800F5BC20BF704720BF70479142F8B503D3B8
:10AD680073219620FCF73CFBB2FA82F33BB1C3F1A6
:10AD7800200499409A4020FA04F4984021434FEA6D
:10AD8800124C93B2040C87B2B1FBFCF50CFB151EF8
:10AD980005FB03F64FEA0E4E0EEB1040864205D92E
:10ADA800361A964294BF01260226AD1B04EB0141D8
:10ADB800280405FB1211B1FBFCF40CFB14116343CE
:10ADC80007EB0147BB4205D9DB1B934294BF012324
:10ADD8000223E41A2043F8BD2DE9F0411D46074639
:10ADE8000C46164652EA050303D1A6219620FCF725
:10ADF800F7FA85B9914204D2FFF7AFFF2946BDE8BB
:10AE0800F08108462946FFF7A8FF0546324638462E
:10AE180006FB1541F0E7B5FA85F80123400803FA67
:10AE280008F3C8F11F0840EAC470A3FB02126108C6
:10AE380003FB0522FFF791FF30FA08F04FF00001FD
:10AE480002D0013861EB010100FB05F3A0FB062CE1
:10AE580006FB0133BF1A634464EB0304B742AC41F9
:10AE6800CDD3013041F10001C9E7F0B5C9B20446BC
:10AE7800A30726460ED14FF0013522F003034D43B8
:10AE8800E718BC420CD1334402F003021A4493423F
:10AE980009D1F0BD002AFCD0013A04F8011BE7E70C
:10AEA80044F8045BEDE703F8011BF0E700280CBF4A
:10AEB8006FF01500002070470020704707230370CB
:10AEC80000207047002070470020704710B500210F
:10AED8000446FDF7ABFC20B92046BDE81040FDF75D
:10AEE8007BBD04F10040FDF777FD404261EB410175
:10AEF80010BD2DE9F0478C468E46089E154604463F
:10AF08001946002B40F0D080724547D9B2FA82F733
:10AF18004FB1C7F120030EFA07FCBD40BC4020FA30
:10AF280003F343EA0C0C4FEA154EA8B2230CBCFB02
:10AF3800FEF80EFB18CC08FB00F943EA0C439945D0
:10AF480028D9EB1808F1FF3204D2994502D9A8F1A3
:10AF580002022B44A3EB0903A4B2B3FBFEFC0EFBD5
:10AF68001C330CFB00F044EA0344A04214D92C190A
:10AF78000CF1FF3304D2A04202D9ACF102032C44F5
:10AF8800241A43EA02401EB1FC4000233460736077
:10AF9800BDE8F0874246DDE76346F1E7002A79D04D
:10AFA800B2FA82F3002B3FD01946C1F1200302FA0E
:10AFB80001F500FA01F42EFA03F20EFA01FE20FA66
:10AFC80003F3AFB243EA0E034FEA154EB2FBFEFCA1
:10AFD8000EFB1C201A0C0CFB07F842EA00429045B5
:10AFE8005AD9AA180CF1FF3004D2904502D9ACF115
:10AFF80002002A44A2EB08029BB2B2FBFEFC0EFB45
:10B008001C220CFB07F743EA02439F4246D9EB1880
:10B018000CF1FF3204D29F4202D9ACF102022B4458
:10B02800DB1B42EA004202E0AEEB020301224FEAD8
:10B03800154EAFB2200CB3FBFEFC0EFB1C330CFB11
:10B0480007F840EA034398452AD9EB180CF1FF307A
:10B0580004D2984502D9ACF102002B44A3EB0803B3
:10B06800A4B2B3FBFEFC0EFB1C330CFB07F744EA4F
:10B078000344A74216D92C190CF1FF3304D2A74276
:10B0880002D9ACF102032C44E41B43EA00400F460A
:10B09800114678E71F2188E76046ABE76246BFE7BD
:10B0A8006046DBE76346EFE7734506D916B900212A
:10B0B80008466DE7C6E9000EF9E7B3FA83F787B9E2
:10B0C800734501D3824207D8841A6EEB030301202B
:10B0D8009C461EB900215BE73846FAE7C6E9004CF2
:10B0E800F8E7C7F1200CBB4000FA07F422FA0CF588
:10B0F80020FA0CF1BA401D432EFA0CF30EFA07FEA3
:10B108004FEA154941EA0E011FFA85FEB3FBF9F82B
:10B1180009FB18300B0C08FB0EFA43EA00439A456A
:10B1280040D9EB1808F1FF3004D29A4502D9A8F1AA
:10B1380002002B44A3EB0A0389B2B3FBF9F809FB1D
:10B14800183308FB0EFE41EA03418E452CD96918D5
:10B1580008F1FF3304D28E4502D9A8F1020329442D
:10B1680043EA0040A1EB0E01A0FB02984145CE4600
:10B17800434602D306D14C4504D20138B9EB020E3E
:10B1880068EB0503002EA5D0B4EB0E0261EB0301BA
:10B1980001FA0CFC22FA07F3F9404CEA0303C6E96A
:10B1A800003197E74046C5E74346D9E7000000006D
:10B1B8002DE9F04F0024B9B0A149A2481A9409F02A
:10B1C800EBFCA14B28942993A0480EF081F89F4DE1
:10B1D80028AC38B928460EF072F8011E02DA11F1CF
:10B1E800780F04D1AB681D682DB96FF057019848E6
:10B1F80009F0D2FC06E02C2123460A229348A847EE
:10B20800011EF4DB1AA804F0BBF90146002859D145
:10B218001A998E0647D58F4809F0D0FC04F0ECF94E
:10B228008D4E8E4DB76830463B6898471F284BD8DF
:10B238002022002189480EF05EFE0DF00AFBD5E9B8
:10B2480002C6874A874B10EB020E41F10007C0186F
:10B2580041F10001E64577EB060638BFC5E902E78C
:10B26800CDE91523D5E90423904271EB030338BFD8
:10B27800C5E904017C497D4801F082FB7C497D4891
:10B2880001F07EFB7C497D4801F07AFB7C480EF09A
:10B298001FF848BB7B4809F091FC6FF012017A480F
:10B2A80009F07AFC4FE00D0501D57848B4E70806A7
:10B2B80001D57748B0E719B1764809F06DFCADE7DC
:10B2C8007548A9E77548F8E720232A460021304643
:10B2D8007F68B8470028ABD1182128460BF064F8DE
:10B2E800AB699842A9D0A3E705214FF4202264480E
:10B2F8000AF08DF8011ED2DB00214FF420226048AD
:10B308000AF085F8011ECADB03214FF420225C48AD
:10B318000AF07DF8011EC2DB01214FF4C022584813
:10B328000AF075F8011EBADB02214FF4C022544816
:10B338000AF06DF8011EB2DB0421594A50480AF0A0
:10B3480066F8011EABDB57480DF0C2FF40B3092178
:10B35800554A54480AF05BF8011E02DA534809F0CE
:10B368001BFC002501230DF18906CDF88950B58015
:10B378008DF888300821204604F0EAF805280146AF
:10B3880011DC4B4809F008FC002002F097FF044646
:10B39800E0B10146474809F0FFFB01200AF0C8FA6E
:10B3A8006FF01201DAE72898A388CDF88900B380F6
:10B3B8009DF88E30294663F03F0322A88DF88E3021
:10B3C80003F0EAF8011EDFDA3B48DBE700251A99AB
:10B3D8003A4809F0E1FB05F0E7FA4FF0FF33A946D8
:10B3E800A846A246364ACDE90844CDE90F23CDE95F
:10B3F800064403940DF02DFA184BCDE90A019A681A
:10B4080000211292DA6828A813921A695B690D92D2
:10B4180040220E930EF06FFD2A480CF061F8B0F14F
:10B42800000B55DA5946284809F0B6FB5946274813
:10B4380009F0B2FB002147F612200EF0B0F9D9E767
:10B448004DB901005DB9010020A1070024A4010045
:10B458009CB90100CEB9010064A201007816002051
:10B4680000E9A43500A493D69BBA0100C0B201003C
:10B47800A3BA0100B8B20100ACBA0100B0B2010031
:10B4880044A20100B6BA0100C7BA0100E1B901003F
:10B4980009BA010029BA010046BA010071BA0100CF
:10B4A8002000010004A2010011000100F9BA010006
:10B4B80039BB0100ADBB010079BB0100DCBB010059
:10B4C80060F0FFFF04A401000EBC0100C5BC010030
:10B4D800052009F0CCFF2F480DF0FAFE80B92D4861
:10B4E8000DF0EDFEB0F1000B0ADA1BF1780F07D072
:10B4F8005946294809F050FB28480CF021F895E7EF
:10B50800274B1B931BAB2293042323934FF0020377
:10B518008DF89030234E0122B368304604939DF88D
:10B52800903022A943F002038DF89030049B9F6865
:10B538006A23B847B0F1000B02DA59461A48D9E72E
:10B5480040F61C400EF047F928238DF867300DF1BE
:10B558006703229300238DF890301CAB25930623B4
:10B5680001272693072323978DF89C309DF89C305C
:10B57800022243F002038DF89C30049B3046D3F836
:10B5880008B022A96A23D847B0F1000B10DA59464F
:10B598000648AFE744A401003DBC010004A4010033
:10B5A8001070006404A3010063BC01009CBC01008E
:10B5B800BDF97000FCF748FFAB49FCF799FF049010
:10B5C8002890BDF97200FCF73FFFA749FCF790FFF0
:10B5D80029908346BDF97400FCF736FFA249FCF7B1
:10B5E80087FF0A9B129A059093420B9B139A2A9005
:10B5F80093418DF8AC703AD30C219C4809F022FF96
:10B60800002840F020810C21984822AA09F01DFF4B
:10B618000746002840F017812398FCF715FF944946
:10B62800FDF71AF806462298FCF70EFF0146304649
:10B63800FCF756FE8F49FCF75BFF4FF04741064683
:10B64800FDF7F4F8002840F0FB8030468A49FDF702
:10B658000BF9002800F0F2808748FDF70FF900B2D7
:10B66800B7FA87F77F09ADF8B0008DF8B2700DF121
:10B67800B60300935946059A04982DAB01F0A2F839
:10B68800002C2CD041460498FCF728FE4946044675
:10B698005846FCF723FE294606460598FCF71EFE89
:10B6A800214605462046FCF723FF3146044630462E
:10B6B800FCF71EFF01462046FCF712FE2946044609
:10B6C8002846FCF715FF01462046FCF709FE0EF058
:10B6D8009FFC6A49FDF7C8F8041E18BF0124BDF98C
:10B6E800B430674A11931199B2F902308DF8B84015
:10B6F800CB1A002BB8BF5B42142B00F3A880BDF90E
:10B70800B630B2F904209B1A002BB8BF5B42142B49
:10B71800D4BF002301238DF8B93009F099FE0A9BA4
:10B728000D9A054693420B9B0E9A0E469341CDE91E
:10B73800300180F08E80BDF8B830002B00F08C808E
:10B748000F9BC21A109B61EB0303B2F57A6F73F17A
:10B758000003ACBF4FF001084FF00008494A4A4BBC
:10B7680012688DF8BA8003EBC20153F832204B6897
:10B7780052EA030172D04EF66021AA1A66EB03035F
:10B788008A4273F10003B4BF0123002399460C9346
:10B798000C9B8DF8BB30B8F1000F14D0B9F1000F35
:10B7A80011D1012000F0F2FF0721304809F04AFECC
:10B7B800071E73DA484600F0E9FFADF8DC90012374
:10B7C80033978DF8C83031480BF0BAFEB8F1000F46
:10B7D80040F03481002C00F05082DDE90832134338
:10B7E80000F09C820023A246CDE9063303930A9B0E
:10B7F800129A93420B9B139A9341C0F01A839DF8B7
:10B80800B2400CB1BDF9B04021480DF061FD0028EF
:10B8180040F0B7821E480DF052FD011E80F2B18241
:10B8280011F1780F00F0AD821A4809F0B5F91A48FD
:10B8380009F0C4F9002318461A46CAE230460CE754
:10B848004FF0474009E700206FF0040708E701239D
:10B8580061E74FF0010881E798467FE74FF000095C
:10B86800CDF8309094E700BFE7D01C3A44A401001B
:10B87800002474490000C84200FEFF469A99993E88
:10B8880078160020E01D00202016002004A40100E6
:10B8980024A4010024BD01004EBD010004211EAAFC
:10B8A8005D4809F0D2FD052120AA5B4809F0CDFDCD
:10B8B80022AA0621584809F0C8FD1F98FCF7C4FDC4
:10B8C8005649FCF7C9FE07461E98FCF7BDFD014620
:10B8D8003846FCF705FD5249FCF70AFE34901790EC
:10B8E8002198FCF7B1FD4D49FCF7B6FE07462098B4
:10B8F800FCF7AAFD01463846FCF7F2FC4849FCF77C
:10B90800F7FD359014902398FCF79EFD4349FCF70A
:10B91800A3FE07462298FCF797FD01463846FCF738
:10B92800DFFC3F49FCF7E4FD07463690484600F047
:10B938002DFF179B19461846FCF7DAFD149A814625
:10B9480011461046FCF7D4FD01464846FCF7C8FCF2
:10B95800394681463846FCF7CBFD01464846FCF798
:10B96800BFFC0EF055FB2F49FCF7C2FD00218146B4
:10B97800FCF75CFF002847D148462B49FCF774FFC9
:10B9880000283FD02848FCF79FFFADF8DC0009F0FD
:10B998005FFD264B81461491D3E9000150EA01036B
:10B9A80029D0149BB9EB000063EB0101FCF762FDA1
:10B9B8001C49FCF751FE3946FCF79AFD1C49FCF777
:10B9C80097FD1C4B0746B3F90600FCF73DFD014601
:10B9D8003846FCF785FC4FF047410746FCF726FF41
:10B9E800B0B938461449FCF73FFF78B11248FCF764
:10B9F80045FF104BD8800D4B149A0027C3F80090D0
:10BA08005A60DCE64846BEE70020BCE73846EEE769
:10BA18004FF04740EBE700BF44A4010000247449FD
:10BA2800E12E654200007A4400FF7F47701600202F
:10BA3800000020417816002000FEFF460C9B002BDA
:10BA48007FF4C8AE0A9B0D9A93420B9B0E9A9341C2
:10BA580080F0F880BC4BBD4A002C18BF1346224624
:10BA6800214628A800F00CFF9DF8C830002B00F0F4
:10BA7800EB80DDF8CC900499BDF8DC800846FCF733
:10BA880037FD594607465846FCF732FD0146384609
:10BA9800FCF726FC059907460846FCF729FD0146F0
:10BAA8003846FCF71DFC0EF0B3FAA949FCF720FD57
:10BAB80000210746FCF7BAFE002840F0CA80384645
:10BAC800A449FCF7D1FE002800F0C180A148FCF78A
:10BAD800FBFE87B23B46424649469F4809F05CF860
:10BAE8009E4A049813780133DBB213709C4A97710D
:10BAF80082F809803F0A4FEA182882F80A801371F1
:10BB0800D771FCF75DF88CA3D3E90023FCF7B0F8F4
:10BB18000022944B80468946FCF71CFB002840F025
:10BB28009D8087A3D3E9002340464946FCF730FBB4
:10BB3800002800F0908082A1D1E90001FCF732FBD7
:10BB4800874BC0F307221873000C9873000AD87348
:10BB58005A735846FCF734F877A3D3E90023FCF767
:10BB680087F800227F4B80468946FCF7F3FA0028C5
:10BB78007AD173A3D3E9002340464946FCF708FB72
:10BB880000286ED06EA1D1E90001FCF70BFB744BC5
:10BB9800C0F307225874000CD874000A18759A74F8
:10BBA8000598FCF70DF864A3D3E90023FCF760F8C7
:10BBB80000226C4B80468946FCF7CCFA002859D104
:10BBC8005FA3D3E9002340464946FCF7E1FA002881
:10BBD8004DD05BA1D1E90001FCF7E4FA604BC0F35A
:10BBE80007229875000C1876000A587602215E48DC
:10BBF800DA7500F0A1FD5D4A5D491368574F01EB06
:10BC0800C30041F833500A2101334660B3FBF1F019
:10BC180001FB10331360119B0D9A7B80BDF8B63081
:10BC2800BB800A9B93420B9B0E9A934107D30CF05F
:10BC380010FE169BC01841F10001C7E90401CDE9C7
:10BC48000F56C7E54B4B0AE76FF0040913E7384670
:10BC58003DE700203BE7404649466FE70020414961
:10BC68006CE74046494690E700203E498DE740464C
:10BC78004946B1E700203B49AEE7BAF1000F3FF46F
:10BC8800B6ADDDE90632134352D0039B002B75D1C4
:10BC9800069BE91A66EB020342F21072914273F1B5
:10BCA80000030FDADDE9083213433FF4A0AD089B27
:10BCB800ED1A47F2305366EB02069D4276F1000614
:10BCC800FFF695AD039C294D294E00222A4B1146BB
:10BCD80028A800F0D5FD09F0BBFB2B68013406EB62
:10BCE800C302C2E900010A220133B3FBF2F102FBED
:10BCF8001133032C2B6004D040F6B83009F0B7FBA1
:10BD0800E3E709F0A5FB53464FF0000ACDE90F0120
:10BD1800CDE908AACDE906AA039368E5089BA246DF
:10BD28000693099B0996CDE90735002303935EE541
:10BD3800CDE906565BE500BF0000000080842E4177
:10BD48000000C0FFFFFFDF4140B9010046B9010014
:10BD580000007A4400FF7F47E9BC01007816002004
:10BD6800330900200000E0C1B8040020E01D0020D5
:10BD78002016002036B901001EBD0100DDF80CA018
:10BD880035E54E480DF0A4FA00283FF450AD3621B1
:10BD98004A4809F057FB0028FFF649AD36214748C5
:10BDA80022AA09F052FB0028FFF641AD229B2398F6
:10BDB800C3EB431203EB82034FF47A7290FBF2F069
:10BDC80041F2670200EBC30080B2904203464FDDA8
:10BDD80064223B4E0E2AF0724FEA102030738CBF5B
:10BDE80000200120374DC4F307272978B2710131AB
:10BDF800C9B231713472B0737772642694FBF6F06D
:10BE080006FB104424B2002CB8BF6442A4B22970C7
:10BE1800CDE900042C4808F0BFFE03212B4800F0B0
:10BE28008BFC0CF016FD159BC01841F10001C5E90B
:10BE38000201182123480AF0B7FA224B9861244CD2
:10BE4800A56820462B6898471F2805D9202300217C
:10BE58002046AD681B4AA84747F6122000210DF07E
:10BE68009EFCD9460124059DDDF81080FFF7C2BA73
:10BE780040F6B832904201DC0022AAE70022154DB4
:10BE880029681746884202F1010212DCAE68B04206
:10BE98000FDB104D891B05EBC20205EBC7051279B4
:10BEA8002D79871BAD1A7D4395FBF1F52A44D2B253
:10BEB8008FE7062A05F10805E2D1DDE724A4010091
:10BEC8004D0900207816002089BD0100C804002013
:10BED80064A2010078B2010070B51446064608460F
:10BEE800FCF7B2FA2146FCF703FBFEF7EFFF0EA3BF
:10BEF800D3E900230A4D80FB054520462946FCF777
:10BF080003FD0023074A306029462046FCF7FCFC65
:10BF18000023044AFCF7F8FC726070BDAFF30080A0
:10BF28003AA3950040420F000010A5D4E800000095
:10BF380070B5144606460846FCF786FA2146FCF713
:10BF4800D7FA1349FCF788FBFEF7C0FF0CA3D3E927
:10BF58000023104D80FB054520462946FCF7D4FCFC
:10BF680009A3D3E90023306029462046FCF7CCFC1E
:10BF78000023094AFCF7C8FC726070BDAFF300806B
:10BF880000209BF35E10000080A812010000000052
:10BF980000002041D8EF2F0040420F0000000000B1
:10BFA800032970B504460D4604D0072949D06FF01F
:10BFB800850028E0002A38D0072AF8D158681E687A
:10BFC8000346514AC117C6FB0231012B71F1000229
:10BFD800C0F28D804D48181841F1000146A3D3E9FD
:10BFE8000023FCF791FC022826690DD010280DD0FB
:10BFF80004280DD008287AD1294620460CF01AF8D2
:10C0080040B16FF0040070BD0025F5E70125F3E7A6
:10C018000225F1E73D203E4B33F8151081FB000166
:10C02800FCF728FAF0600020EDE7188804F020F902
:10C03800011E5CDB2046C9B204F048F90028F2D0A2
:10C04800DFE7002A49D0072AB1D1B4255A68196810
:10C058002D4BD017C1FB0320A2FB0531012A05FB9C
:10C06800001170F1000028DB2A48181841F100017E
:10C0780023A3D3E90023FCF747FCFA28266924D038
:10C08800B0F5FA7F23D0B0F57A7F22D0B0F5FA6FF9
:10C0980021D07D282BD10425294620460BF0DAFF34
:10C0A8000028AED141F217101B4B33F8151081FB55
:10C0B8000001FCF7DFF9F061B5E71848181861F1DD
:10C0C80000010FA3D3E90023D5E70025E4E7012504
:10C0D800E2E70225E0E70325DEE7188804F0C8F860
:10C0E800011E04DB2046C9B204F0D2F8A6E76FF0BF
:10C0F800150088E7AFF300803AA395000000000020
:10C10800D8EF2F000000000040420F009DD14A00E8
:10C1180042B80100ECF7170038B801001408E8FF2E
:10C1280013B500246FF009034FF4806214491548D1
:10C13800009406F031FF144912480DF099FA13499A
:10C1480013480DF03EFA224604211C2000F0F0FFAF
:10C158000122104BD3E8EF1FC3E8E02F0028F9D1E4
:10C1680005A3D3E900230C49064806F055FF2046ED
:10C1780002B010BDAFF30080389C1C000000000026
:10C1880058310020981A0020BDBE010045890100E1
:10C19800E820002080200020F80300200000000094
:10C1A80010B50B4BD3E8AF3F53B1F9F781FD06A3A8
:10C1B800D3E90023BDE810400649074806F02CBF24
:10C1C80010BD00BFAFF30080389C1C0000000000C9
:10C1D80080200020F8030020981A002000000000AA
:10C1E8002DE9F04721F00042B34F88B00446BA4227
:10C1F8000D464FEAD17632D9B04FBA4212D9C1F3BF
:10C2080013030246034305D00B46FBF77BFB0446AA
:10C218000D4602E0002E40F01F812046294608B056
:10C22800BDE8F0878EA3D3E90023FBF7B1FF0746EB
:10C2380028B1002008B0BDE8F04708F0C7BF8AA3BE
:10C24800D3E9002320462946FBF784FF002800F0A5
:10C258008580384608B0BDE8F0470DF02BBF984BF5
:10C268009A4240F2A780974B9A4277D8964BF400AF
:10C2780086F0010A03EBC603AAEB060AD3E90023FA
:10C28800FBF73EFB914B804689462344D3E90034B3
:10C29800CDE90034DDE9002340464946FBF730FB91
:10C2A80004460D4622462B4620462946FBF7E0FC6D
:10C2B80006460F466EA3D3E90023FBF7D9FC6EA30D
:10C2C800D3E90023FBF71CFB32463B46FBF7D0FCC7
:10C2D8006BA3D3E90023FBF715FB32463B46FBF77C
:10C2E800C7FC69A3D3E90023FBF70AFB32463B46A8
:10C2F800FBF7BEFC66A3D3E90023FBF703FB32463A
:10C308003B46FBF7B5FC02460B4620462946FBF7A1
:10C31800F7FA02460B4606460F4620462946FBF723
:10C32800A7FCCDE90201BAF1000F5AD100224FF063
:10C33800804330463946FBF7E3FA02460B46DDE90F
:10C348000201FBF7BFFD22462B46FBF7D9FA02464E
:10C358000B4600205E49FBF7D3FA58E75D4B2046B1
:10C36800294603EBC6064CA3D3E90023FBF780FC60
:10C37800D6E90023FBF7C6FAFBF714FF8246FBF762
:10C388000DFC06460F4646A3D3E90023FBF770FCD5
:10C3980002460B4620462946FBF7B2FA80468946F4
:10C3A8003046394640A3D3E90023FBF761FCCDE9C9
:10C3B80000016FE7484B9A420ED83DA3D3E900230A
:10C3C800FBF7A0FA0022424BFBF7E2FE38B100224D
:10C3D8003F4B2046294618E74FF0000A62E782469D
:10C3E80060E732463B4600204FF08041FBF788FA71
:10C3F80002460B46DDE90201FBF764FD02460B46E7
:10C40800DDE90001FBF77CFA42464B46FBF778FA78
:10C4180002460B4600202E49FBF772FA0B460C46E3
:10C428006FF47F7102468A4508DBCDE90423DDE914
:10C43800042304EB0A5314461D46EEE60AF57A7AFD
:10C44800CDE906230022DDE9060103EB0A514FF08E
:10C45800B873FBF70DFCDAE600240025DDE600BF23
:10C46800EF39FAFE422E864051302DD5104987C04B
:10C47800D0A4BE726937663EF16BD2C541BDBB3EE2
:10C488002CDE25AF6A56113F93BDBE166CC1663FC0
:10C498003E5555555555C53FFE822B654715F73F07
:10C4A8000000E0FE422EE63F763C7935EF39EA3D62
:10C4B8009C7500883CE4377E412E8640FFFFEF7F65
:10C4C800422ED63FB1A2F03F58B2010048B2010057
:10C4D8000000F03F68B20100FFFFEF3D00000000E0
:10C4E80030F0004201462DE9F84F034604D10120FF
:10C4F800BDE8F84F08F076BE002803DABDE8F84F2B
:10C5080008F078BEB0F1FF4F03DBFBF7E9FEBDE8AA
:10C51800F88FB0F5000F35DA4FF09841FBF7E8FFD8
:10C528006FF018020346C3F31604DE15764B4FF07E
:10C538007E517F3E2344164403F4000006EBD35695
:10C5480080F07E502043FBF7C9FE04F10F026F4BC9
:10C5580005461340002B3ED10021FCF75DF998B148
:10C56800002E00F0C8803046FBF76EFF684905468C
:10C57800FBF7BEFF044667492846FBF7B9FF0146AB
:10C588002046C2E70022CEE75DA1D1E90001FBF712
:10C5980051FE2946FBF7ACFF01464FF07C50FBF7F4
:10C5A8009DFE044629462846FBF7A2FF0146204681
:10C5B800FBF79EFF04460EB921466FE03046FBF7B5
:10C5C80043FF07465249FBF793FF52490646384650
:10C5D800FBF78EFF72E04FF08041DFF83CB1FBF7CC
:10C5E8007FFE01462846A344FCF736F881463046CC
:10C5F800FBF72AFF494680464846FBF779FF014684
:10C608008246FBF775FF45490746FBF771FF44492A
:10C61800FBF766FE3946FBF76BFF4249FBF760FE06
:10C628003946FBF765FF4049FBF75AFE5146FBF7D1
:10C638005FFF3E4982463846FBF75AFF3C49FBF705
:10C648004FFE3946FBF754FF3A49FBF749FE394696
:10C65800FBF74EFF01465046FBF742FEC4F5571361
:10C66800074603F5227343EA0B03002B30DD4FF036
:10C678007C512846FBF73CFF2946FBF739FF01466A
:10C6880004463846FBF72CFE4946FBF731FF0746C0
:10C6980046B901462046FBF721FE01462846FBF72E
:10C6A8001DFE34E71A494046FBF722FF19490646A2
:10C6B8004046FBF71DFF3946FBF712FE01462046B0
:10C6C800FBF70CFE2946FBF709FE01463046E6E774
:10C6D80001462846FBF702FE4946FBF709FF0446D8
:10C6E800002E3FF469AF0A494046FBF701FF0949AC
:10C6F800064640466CE7002009E700BFAFF300801C
:10C70800555555555555D53F20FB4A00F0FF7F003C
:10C718008071313FD1F71737305CCFFF9788173ECC
:10C7280025333A3E2549923EABAA2A3F4FD01C3EBC
:10C73800298E633ECDCCCC3EF0B5114D89B003AC0B
:10C7480006460F460FCD0FC42B68314623600023E1
:10C758003A46009303A802F0A5F8014620B109481B
:10C7680008F01AFA09B0F0BD4FF42F7008F07FFEF8
:10C7780002F008FA01460028F4D00348F0E700BFA9
:10C7880030AF010062B8010088B8010037B504462F
:10C7980088B10C22094BCDE90023094883681D683C
:10C7A8001DB16B4600220721A84714B1C82008F024
:10C7B8005EFE03B030BD02460346ECE720A1070049
:10C7C80044A401002DE9F0410546084614461E46DA
:10C7D8000F46FBF78DFE214680462046FBF788FE74
:10C7E80001464046FBF77CFD0DF012FC014605F1C1
:10C7F800004008F045FC21460546384608F040FC54
:10C808001C49FBF775FE1B4907462846FBF770FED7
:10C818001949FBF76DFE4FF047410446FCF706F84F
:10C8280000BB20461549FCF71FF8C8B11348FCF7B0
:10C8380025F8114930803846FBF75AFE4FF047413A
:10C848000446FBF7F3FF90B920460C49FCF70CF8B7
:10C8580058B10A48FCF712F8069B1880BDE8F08129
:10C868002046E4E74FF04740E1E72046F2E74FF083
:10C878004740EFE7E12E65420000204100FEFF46F9
:10C888002DE9F0470F4690464FF0000A88B01D4644
:10C898000DF11A030093344E8268416806AB0068B4
:10C8A800FFF790FF3378DFF8C49031480133DBB2EB
:10C8B8000469337089F8043089F8068089F80870AB
:10C8C80089F80AA089F80CA0836807A95B689847CB
:10C8D800011E41D045DA274808F05EF90A22BDF961
:10C8E8001800BDF91A40C0F3072389F81130C4F3C2
:10C8F800072389F81430B6F9063094FBF2F189F869
:10C908001630C3F3072389F8173090FBF2F389F840
:10C91800134002FB114489F8100002FB130024B2F3
:10C92800002C00B2B8BF6442A4B2002889F80EA057
:10C93800B8BF4042CDE90114CDE9037880B2009038
:10C94800294632780C4808F027F902210B4808B02C
:10C95800BDE8F047FFF7F0BE236807995940C1F3D7
:10C9680040215FFA81FAB9E7781600205C090020B7
:10C9780004A20100ADB80100CFB80100E004002016
:10C9880038B504460D4600680CF0A2FC60B10022E0
:10C998002179206808F03BFD021E05DA2946BDE82A
:10C9A8003840024808F0F8B838BD00BF0FB9010098
:10C9B80080B505460E461746984606F049FE0346DA
:10C9C80000F0AAFC0446DFF81890424649F8003007
:10C9D80039463046A84754F8090000F037FC00BF34
:10C9E800080000002DE9F047058B04462807174684
:10C9F8000CD501290CBF45F0100545F0200525830D
:10CA080087F31188BFF36F8FBDE8F087022905F01F
:10CA1800070540F09480204608F09EFF052864D85A
:10CA280001A353F820F000BF09CA000047CB00005B
:10CA3800F3CA0000B5CA0000CFCA0000E1CA00006E
:10CA480001F007035A1F012A1FD8002221F007010D
:10CA5800062BD4F8008089B2C4E9002209D14346E4
:10CA680003E0628B013262831B68002BF9D141F02D
:10CA780002012046218308F06FFF4FF000090028CB
:10CA88006DD041F02001218369E0042B0AD121F007
:10CA9800070189B22046218308F05EFF10B141F0FA
:10CAA800200121834FF00008C14658E02369D3F8DC
:10CAB8000090238B23F0070343F006034FF0000890
:10CAC800238346464BE02369D3F80490238B23F055
:10CAD800070343F00403F1E72369D3F80890238B95
:10CAE80023F0070343F00503E8E74FF00008C146C9
:10CAF800E7E7012243F00803238387F31188BFF394
:10CB08006F8F002A3BD1B8F1000F4AD1B9F1000F5D
:10CB180002D020462C49C847EFF31187402383F3FE
:10CB28001288BFF36F8F238B23F008039BB22383F4
:10CB3800D9063FD523F01002228303F00705666962
:10CB4800218B002EBFF67CAF00239946D4F80080D5
:10CB580021F00701C4E9003341F001012183238B4F
:10CB680003F0070AAA4502D0A268002AC1D1B8F189
:10CB7800000F02D1B9F1000FDAD00022BAE7A1689C
:10CB88000029C0D00D680029BDD033465246204642
:10CB98004F68B8471DB12B6829461D46F3E72B4659
:10CBA800FAE74146334652462046D8F8008008F056
:10CBB800FFFEA8E79A067FF523AF23F02002228321
:10CBC80003F0070527E700BFE5590100014B0360A3
:10CBD80000207047C8B20100024B187880F00100AD
:10CBE800704700BFCB250020F8B5C5690646002D63
:10CBF8005ED00521284609F004F800285BD13046AC
:10CC080008F0A3FF0446002857D10821F06908F06E
:10CC1800F8FFE0B1F569EFF31187402383F3128839
:10CC2800BFF36F8F297931B93046AB689847041E36
:10CC380007DB01232B712B6843F020032B600023B3
:10CC4800EB6087F31188BFF36F8F2046F8BDFFF7BD
:10CC5800C3FF38B94FF0FF324FF0FF3305F118002A
:10CC680008F0D5FF6B692BB915496E6105F13800DD
:10CC78000CF0D9FC2979C9B9AB6868699847041ED2
:10CC88000BDB01232B710023EB60D5E8EF3F43F06A
:10CC98002003C5E8E23F002AF7D1FFF79DFF0028EF
:10CCA800D3D105F1180008F0B4FFCEE70024EAE775
:10CCB8006FF08504C9E70024C7E76FF00F04C4E7E5
:10CCC8001D5F010008B50348034A0021121A09F044
:10CCD80080F908BDC00A0020D0250020074808B503
:10CCE800074A0849121A09F076F9BDE808400648CB
:10CCF800064A0749121A09F06EB900BF6000002001
:10CD0800C00A0020A8BF01006000002060000020C9
:10CD1800A8BF010030BFFFF7FDBF00BF2DE9F041FC
:10CD280005460B4EDFF82C80324606EB0807CC1B75
:10CD3800204609490DF0D2F8A01942460021083CC6
:10CD48000DF0D9F8AC6707F10800BDE8F08100BF25
:10CD5800000000000400000030AF0100154B9A6A83
:10CD680012F0007F9A6A14BF1E201D2012F0807FE7
:10CD78009A6A18BF1F2012F4801F9A6A18BF0220EF
:10CD880012F4002F9A6A18BF212012F4802F9A6A91
:10CD980018BF222012F4003F9A6A18BF232012F409
:10CDA800803F9A6A18BF24206FEA02426FEA124253
:10CDB8009A62704700ED00E010B5184B0246986A79
:10CDC8009C6A10F4805F14BF1720162014F4006FBB
:10CDD8009C6A18BF1820A40508D5986A000404D5D1
:10CDE8001AB19A6A22F400429A6219200B4B9A6A85
:10CDF80012F4806F9A6A18BF1A20D2050CD49B6A65
:10CE080013F4005F18BF1C20044A936A43F47F435D
:10CE1800936200230B7010BD1B20F5E700ED00E0C6
:10CE280010B51C4B0246986A9C6A10F0100F14BF8C
:10CE38001120102014F0080F9C6A18BF1220A407B4
:10CE480009D5586B986A000604D51AB19A6A22F077
:10CE580080029A6213200F4B9A6A12F0010F9A6AA5
:10CE680018BF142012F0200F9A6A18BF1520D40694
:10CE780058BF9B6A074B9A6A920642BF5A6A22F4C5
:10CE880000525A629A6A42F0FF029A6200230B70BB
:10CE980010BD00BF00ED00E0F0B5494B04465B68EB
:10CEA80000258BB0C3F3080385F31188BFF36F8F98
:10CEB80002F07F40B0F17F4F11D102F00C0008283A
:10CEC8000DD010074CBF0C4601250022033B8DF8FE
:10CED8000720032B05D8DFE803F024676B642C4692
:10CEE800F3E700239DF80720CAB902AE04F1200732
:10CEF800324620686168083403C2BC421646F7D13E
:10CF0800099A002D58D0C2F3080121B96FEA5222BC
:10CF18006FEA42220992184602A909F05EF80BB09E
:10CF2800F0BD274BDA6A9107DBD4DA6A002AD8DB2E
:10CF3800DA6A5200D5D55A69A16942F480725A61F9
:10CF4800BFF34F8FBFF36F8F31F8022C596921F46B
:10CF580080715961BFF34F8FBFF36F8F02F47F4326
:10CF6800B3F55F4F04D1D2B2022A01D12368B9E7E1
:10CF7800134B9A6AD2B232B101200DF10701FFF7C3
:10CF88004FFF0346AEE79A6A12F47F4F05D001209F
:10CF98000DF10701FFF710FFF3E79B6AB3F5803F38
:10CFA8009FD3FFF7DBFEECE700200DF10701E6E772
:10CFB80000200DF10701EDE76FF30802AAE700BFB3
:10CFC80000ED00E0064B5A6942F010025A615A69B6
:10CFD80042F480625A615A6922F008025A61704725
:10CFE80000ED00E0EFF30880EFF3098101B5724628
:10CFF800FFF752FF01BD00BF002080F31488BFF384
:10D008006F8F002080F30A8880F30B880F4880F325
:10D01800088804F0A7F900200D490860BFF34F8F76
:10D0280000F02CF8402080F311880A484FF4006182
:10D03800401880F30988EFF314800221084380F335
:10D048001488BFF36F8F00F09BF80000984E002003
:10D0580094ED00E058350020002318460649D1F821
:10D068009020C2F30722934200DB7047C1F8983042
:10D07800C1F8A0000133F6E700ED00E010B572B684
:10D08800002484F31388FFF7E7FF23464FF0FF30AF
:10D098000C4A03F120010133102B42F82100F8D18A
:10D0A80000234FF0FF30074A03F160010133102BD2
:10D0B80042F82100F8D162B6BFF34F8FBFF36F8FEC
:10D0C80010BD00BF00E100E01EF0040F0CBFEFF33D
:10D0D8000880EFF30980816911F8021C0229FFD04A
:10D0E80001B5724608F07FFF01BD00BF00B20028FD
:10D0F80007DB01234109034A00F01F00834042F87F
:10D108002130704700E100E000B200280CDB01226A
:10D118000649430900F01F008240203341F82320CC
:10D12800BFF34F8FBFF36F8F704700BF00E100E080
:10D13800D30748BF002100B258BF02310028ACBF56
:10D1480000F16040064A4FEA4113DBB2ABBF00F57D
:10D15800614000F00F0080F800331354704700BF9F
:10D1680014ED00E0044B054A23F07F039360BFF3FE
:10D178004F8FBFF36F8F70470000000000ED00E095
:10D1880008B5FFF7EFFF074AD2F8883023F4700399
:10D19800C2F88830FFF796FDFFF7A0FD00F09CF875
:10D1A80005F0F4FB00ED00E042F8203C009B0B4941
:10D1B80042F81C3C019B21F0010142F8183C029BFB
:10D1C80042F8081C42F8143C4FF0807342F8043CC3
:10D1D8000023203A0265C367704700BFB9C9000041
:10D1E80000B50D4B15469860826F0C4B0E461A60C1
:10D1F800836E83F30B882C4686F309880020044B42
:10D2080098472046002100220023024C20470000B6
:10D218001B600100B9C900003C210020E41D00206A
:10D228001022014B1A61704700ED00E0054B5A6966
:10D238009B689A421FBF044A536843F08053536067
:10D24800704700BF3C21002000ED00E0084B9B68C0
:10D2580083420BD1EFF3058343B1064B5A6842F082
:10D2680080525A605A6A22F400425A6206F0F6B9AD
:10D278003C21002000ED00E014498A684FF030009E
:10D288001044EFF3098C80E8F01F402080F31288E7
:10D29800BFF36F8F0E4F4FF000664A698A603E6099
:10D2A800906F0C4C2060D06F0023D36780F31188F7
:10D2B80002F1300090E8F01F8CF3098802F10000B9
:10D2C80004B508F09FFEBDE8044070473C210020EB
:10D2D80004ED00E0E41D0020002340210448C218AA
:10D2E8000133B3F5917F82F80013F8D1704700BF7E
:10D2F80000E100E008B5EFF30583064A103B02EBB6
:10D30800C30152F8330049688847BDE80840FFF771
:10D318008DBF00BF84A40100014800687047000069
:10D32800E41D00201FB50121094B0A4A0A4800F0F4
:10D33800F7F80023064A0393084B0121019301A83B
:10D34800D31A029300F0F6F805B05DF804FB00BFAD
:10D3580000EC072000000020C8B20100C00A00202D
:10D368000A7A0B6810B562F304031C46CB685209AD
:10D3780023F01F0343EA4203044A43F00103C2F8BF
:10D388009800C2F89C40C2F8A03010BD00ED00E043
:10D3980010B5074BD3F89030C3F30723013B9842ED
:10D3A80002D8FFF7DDFF10BD6FF01500FBE700BFE7
:10D3B80000ED00E02DE9F04F0F46144606464FF009
:10D3C80000084B4D85B0B84580F28E80D6F80490A1
:10D3D800B9F1000F35D0B9F11F0F40F2838019F071
:10D3E8001F0F7FD1D6F800A01AF01F0F7AD1504630
:10D3F80008F032FE834609EB0A00013808F02CFEDB
:10D4080083456FD11BF1160F6CD05C456ADDC5F8FA
:10D4180098B0D5F89C10C5F898B0D5F8A03021F090
:10D428001F0143F01F0AD6E900321A44994202F15B
:10D43800FF391BD1CA4508D131465FFA8BF008F095
:10D4480014FE08F101080C36BDE73146C5F898B05E
:10D45800D5F89C30E0B263F30402C5F89C2008F0CC
:10D4680004FE10F1160F3DD0441CEAE7C5F898B049
:10D47800D5F8A020013B23F01F0302F01F0213433D
:10D48800CA453146E0B2C5F8A030E8D008F0EDFD55
:10D4980010F1160F26D0C5F898B0D5F89C209DF845
:10D4A80008300AF1FF3A62F304038DF80830D5F822
:10D4B800A0309DF808205B0863F347128DF8082018
:10D4C800D6E900321344009323F01F035344A3EB1F
:10D4D8000903013023F01F036946C0B20393FFF725
:10D4E80057FFBEE76FF01504204605B0BDE8F08F82
:10D4F80000ED00E00522044BC3F89420BFF34F8FE2
:10D50800BFF36F8F704700BF00ED00E0BFF35F8F80
:10D518000022024BC3F89420704700BF00ED00E0E2
:10D5280010B5034C2278FFF745FF207010BD00BFEF
:10D53800F82400202DE9F74F294D8A4606464FF07A
:10D548000008AB46274FD0451BDAD6F80490B9F14E
:10D55800000F3FD031680846019108F07DFD019920
:10D56800044609EB0100013808F076FD84424FF0CB
:10D5780014021D4B08D002FB08F36FF015024BF89C
:10D58800032003B0BDE8F08F14F1160F2C60F8D01B
:10D598001978A142F5DD02FB08B0C7F89840C7F832
:10D5A8009840D7F89C4000F10801007B64F3040020
:10D5B8000871D7F8A0000C79400860F347140C7183
:10D5C800D7F89C1021F01F016960D7F8A01021F04E
:10D5D8001F01296108F1010814350C36B3E700BFB3
:10D5E800E81D002000ED00E0F8240020F0B55349C4
:10D5F800534DD1F890302C68C3F307239C4287B071
:10D6080000F299800020FFF781FF4E4BC1F8C0302F
:10D61800844216D14C4D01A82C70FFF7D7FA00268A
:10D6280007464A4CB74213D100202B784349D1F81A
:10D638009020C2F30722934277DBFFF75BFF0020BD
:10D6480046E0696801EB0011FFF78AFE0130DFE769
:10D658000199300101EB0613DA682240B2F1807FAC
:10D6680052D00AD8B2F5001F34D0B2F5800F3ED0A0
:10D67800B2F5801F12D00136D4E7B2F1006F43D063
:10D68800B2F1805FF7D15A689B680958013B22F0D4
:10D698001F00034423F01F03012032E05A689B68EF
:10D6A8000958013B22F01F0003440120844623F05F
:10D6B8001F0340EA4C10CDE902218DF8100002A9A1
:10D6C80028780593FFF764FE00282ADA6FF0150022
:10D6D80007B0F0BD5A689B680958013B22F01F004B
:10D6E80003444FF0020C012023F01F03E1E75A68BE
:10D6F8009B680958013B22F01F000344022023F0D5
:10D708001F034FF0000CD4E75A689B680958013B87
:10D7180022F01F0003444FF0030C012023F01F03E5
:10D72800C7E72B7801332B70A5E7C1F89830C1F80B
:10D73800A00001337BE74FF0FF30C9E700ED00E0C0
:10D74800D4B20100AAFF4400F82400200000F0FF32
:10D7580008B5024B1B689847002008BDFC1D002037
:10D7680008B50549054A21F007010548521A08F08D
:10D778008DF8002008BD00BFCF5C002000EC07201A
:10D78800001E002070B541690446867A0A4D59B1D9
:10D79800437ADB0706D4242303FB0653DB691B68A3
:10D7A8009B689847002363612420214600FB0650AC
:10D7B800BDE870400BF074BE300A00202422024BF2
:10D7C80002FB0030704700BF300A00202421827A13
:10D7D800054B01FB02331A6A1B7D801A1B3323F0A9
:10D7E8000303B0FBF3F07047300A002038B5242457
:10D7F800827A064B04FB0233DB69D3E901240C600F
:10D808001568FFF7E3FF04FB005038BD300A00201D
:10D818002DE9F04385B00546684690461C460391BD
:10D828000CF0AFF8DDE90067EFF31189402383F3CB
:10D838001288BFF36F8F6B8A002B41D02A8A9A42D5
:10D8480025D900220023284605F0DAF90446F0B16C
:10D8580089F31188BFF36F8F039B002B41D03246A9
:10D868003B4668460CF0B2F82421A27A254B2046A4
:10D8780001FB0233DB6903A91B681D68DDE900238E
:10D88800A847606170BB2046FFF77CFF24E0698AE7
:10D898004B1E6B8289F31188BFF36F8F2B7D2A8A09
:10D8A8002C6A1B3323F00303521A02FB0344154B63
:10D8B800154AEB1A9B105343A3722B7DE372CBE7F7
:10D8C80089F31188BFF36F8F23464246284605F037
:10D8D80097F904460028BFD10024204605B0BDE8CA
:10D8E800F0836361012300252381039B294663821A
:10D8F800E27A656004F118000CF0FDFA636925828C
:10D90800E360EAE7300A0020398EE33870B5242551
:10D918000C4C00B970BD037A4668002BFAD0013B65
:10D92800DBB20372002BF5D1C3604360837A05FB39
:10D9380003439B6913B198473046EAE7FFF722FF94
:10D94800FAE700BF300A002008B5244A244B1A60C1
:10D9580001F04EF94FF47A612248D0F82436C3F327
:10D968000802C3F309434B4382F480721E4988328C
:10D9780001FB02334FF4FA215B00B3FBF1F201FB28
:10D9880012331A49B3F57A3F28BF0132C1F8042986
:10D99800D0F820364FF47A60C3F30802C3F3094382
:10D9A800434342F21C5082F4807202F2172200FBB9
:10D9B80002334FF47A701B0AB3FBF0F200FB123308
:10D9C8000020B3F5FA7F4FF0010328BF0132C1F8F8
:10D9D8001C27C1F80009C1F8003608BD0020A107BE
:10D9E800CC08002000C0FF00F82A00800000125078
:10D9F80048B1054B054A1B68B3FBF2F35843044B87
:10DA080043F0010318477047CC08002040420F003C
:10DA180020B2010001224FF400214FF0005008B558
:10DA280003F012FDBFF34F8F0549064BCA6802F495
:10DA3800E0621343CB60BFF34F8F00BFFDE700BF29
:10DA480000ED00E00400FA0510B508F0B7FB0BF094
:10DA580009FE044608B905F037FD064BD3E8AF3F89
:10DA68000BB10A2098471CB9BDE8104005F040BD2D
:10DA780010BD00BF0C1E002038B50446084808F049
:10DA880018FB054648B1631EDBB21F2B96BF054A3B
:10DA98000021D15C0C3008F052FB284638BD00BF8D
:10DAA800780A002045BF0100034BD3E8EF2FC3E8F5
:10DAB800E10F0029F9D170470C1E00200E3801280B
:10DAC80010B50AD8094808F0F4FA044618B1042138
:10DAD8000C3008F034FB204610BD09B10448F2E7C9
:10DAE8000220BDE81040FFF7C7BF00BF9C0A002016
:10DAF800300A002010B5002486B003AB00934FF421
:10DB080062724FF0FF3305490548CDE90344059497
:10DB180005F042FA204606B010BD00BFD02500200F
:10DB28009816002010B5012104460C3008F028FB97
:10DB38002146BDE810400023014A007808F065BB83
:10DB480078B3010010B5012104460C3008F018FB29
:10DB58002146BDE810400023014A007808F055BB73
:10DB680078B3010010B5012104460C3008F008FB19
:10DB78002146BDE810400023014A007808F045BB63
:10DB880060B301002DE9F047884616468246002812
:10DB980068D00023DFF8D090D9E8EF4FC9E8E23F1A
:10DBA800002AF9D1002C5DD02046FFF70FFE0C2388
:10DBB8002E4D274603FB0050438853450DD0D9E826
:10DBC800EF3FC9E8E27F002AF9D1002B4AD01F466F
:10DBD8003846BDE8F047FFF799BEA64208D0204670
:10DBE80008F062FA328AF16804F10C0008F09EFA33
:10DBF8002046FFF7EBFD0C2606FB00504368ABB14F
:10DC0800B8F1000F12D12046FFF7E0FD012106FB15
:10DC180000504268536803F01F00814010685B0998
:10DC280000EB8300137ACBB108F0E0FA2046FFF747
:10DC3800CDFD0C2606FB00508368002BC8D020467B
:10DC4800FFF7C4FD704305F800802046FFF7BEFDCE
:10DC580006FB0055A86805F005F8B9E7C94308F0C0
:10DC6800EBFAE3E7BDE8F087D0010020101E0020A2
:10DC7800054BD3E8AF2F02F00B02D3E8EF1FC3E840
:10DC8800E02F0028F9D170479C0100202DE9F843C6
:10DC98000C4605F019FCE568B4F810802B78042BC5
:10DCA80066D1B8F1020F08D82046FFF72FFE0024EE
:10DCB80005F01EFC2046BDE8F8836B783E2B09D1A1
:10DCC800B8F1030FF0D0EB78012B01D00A2B40D12B
:10DCD800032705E0052BFBD00E3B012B39D8012784
:10DCE80004F10C0601213046D4F8149008F040FAEB
:10DCF8000221304608F044FA037884463E2B07D1C7
:10DD0800E3681B78012B01D00A2B06D103260DE00E
:10DD1800052BFBD00E3B012B24D9002383F311885C
:10DD2800BFF36F8F0323184602DF02260323214621
:10DD3800124A9CF8000008F068FAB30714D5636922
:10DD4800A5EB090513FA85F5E560A4F81080012F05
:10DD5800ADD021460A4808F0B0F90A490A480BF044
:10DD68004CFCA4E70126E1E72046FFF7CFFDEEE7EC
:10DD78002046FFF7CBFD6FF0150499E748B3010083
:10DD8800D4010020780600204017002038B5184834
:10DD980008F0A8F9044650B300F10C05284608F02D
:10DDA800F7F9042816D12846022108F0E9F9037882
:10DDB80005460E3B012B07D8002383F31188BFF3D8
:10DDC8006F8F0323184602DF03232146094A287868
:10DDD80008F01BFA2046FFF799FD074BD3F80C31E2
:10DDE8002BB1BDE83840054905480BF006BC38BDE5
:10DDF800D401002060B30100C8000020780600208C
:10DE08004017002010B5C1E900239DF808300C46E2
:10DE18000B72FFF7DBFC0C22024B02FB00335C6049
:10DE280010BD00BF101E0020F8B502460B46104872
:10DE380008F03FF90446C0B104210C3008F06CF931
:10DE48002046FFF7C3FC0C2700260A4D07FB0050AD
:10DE580046802046FFF7BAFC07FB00508660204644
:10DE6800FFF7B4FC07FB00556E602046F8BD00BF05
:10DE7800540A0020101E0020034B0146D3F8240149
:10DE880082689268104700BFC8000020042101483A
:10DE980008F0ACB99C010020014902480BF0ADBB69
:10DEA800680600209816002070B505460C4639B162
:10DEB800CB684A699B1A032B0ED86FF0150509E049
:10DEC8004FF0FF304FF0FF31FFF7AEFF044618B9AF
:10DED8006FF06805284670BD2046FFF777FC0C22D6
:10DEE800134BA61802FB0033032130465D8008F06F
:10DEF8002EF90580238A0121033B8370304608F000
:10DF08002EF940F635439D4209D12046FFF7B4FF6C
:10DF180005460028DED02046FFF7F8FCDAE7214660
:10DF280004480BF0B2FA0025FFF7B6FFD2E700BFAE
:10DF3800101E0020DC0100202DE9FF410546174690
:10DF48000C4669B94FF0FF304FF0FF31FFF76CFF17
:10DF5800044658B96FF06805284604B0BDE8F0815A
:10DF6800887AFFF72BFC2A4B83424AD101220021F1
:10DF780068460BF09FFA2046FFF728FC0C23DFF8D1
:10DF8800948003FB0080C0F808D0204608F0C0F851
:10DF980001462846FFF788FF054618B12046FFF7D7
:10DFA800B5FCD9E7002368461B4A04F08FFE30B160
:10DFB80085F31188BFF36F8F0323184602DF2046CD
:10DFC800FFF704FC0C23584318F80060AEB1204654
:10DFD800093EFFF79BFC092E0CD8DFE806F0050B7D
:10DFE8000B08150B0B0B0B126FF06E05B4E76FF0F7
:10DFF8000C05B1E76FF00405AEE7002FCED03C600A
:10E00800AAE76FF01505A7E76FF00B05A4E700BFB7
:10E01800540A0020101E0020B4C40400F7B50022E2
:10E0280040F603401146FFF787FF0446002853D106
:10E03800FFF71EFE214641F2030001AAFFF77CFF0D
:10E048000446002848D1019A994DD16805F1780312
:10E05800D1F80100D1F8051003C31046FFF756FCAC
:10E06800214641F2010001AAFFF766FF044698BB6A
:10E078000198C3685A7885F870205A88A5F87220E4
:10E088001A7985F87120B3F80720A5F87420B3F839
:10E098000530A5F87630FFF739FC214641F2020039
:10E0A80001AAFFF749FF0446B0B9019F05F18006B0
:10E0B800FA68531C4132344618685968083303C457
:10E0C80093422646F7D13846FFF720FC95F87C3076
:10E0D8005C0604D46FF01204204603B0F0BD0021A2
:10E0E80042F2030001AAFFF727FF04460028F3D1F4
:10E0F800019A704BD168D1F80100D1F8051003C31B
:10E108001046FFF703FC1F23A5F8E83095F87C308C
:10E11800980619D44FF0FF304FF0FF31FFF784FE17
:10E128000646002800F0AA8002210C3007F0F8FF0C
:10E138000123447022460370314640F66D40FFF7D4
:10E14800FBFE04460028C7D195F89C30190712D564
:10E15800002142F21C0001AAFFF7EEFE0446002847
:10E16800BAD10198C368D3F80120D3F80530C5E9BE
:10E178003823FFF7CBFB4FF0FF304FF0FF31FFF7AD
:10E1880053FE0446002879D008210C3007F0C8FF58
:10E19800022700222146077042708270C270027105
:10E1A80042718271C27142F20100FFF7C5FE044656
:10E1B800002891D14FF0FF304FF0FF31FFF734FEC8
:10E1C800064600285AD008210C3007F0A9FF802302
:10E1D8004370202304708470047144718471224652
:10E1E800C770C371314640F60140FFF7A5FE0446EB
:10E1F80000287FF471AF014601AA4FF60140FFF7EE
:10E208009BFE044620BB0198FFF780FB21464FF692
:10E21800024001AAFFF790FE0446C8B90198C368F6
:10E22800B3F80130A5F8C130FFF770FB95F8C1309D
:10E238005A070DD521464FF6034001AAFFF77CFE89
:10E2480030B90198C3685B7885F8C030FFF75EFB8A
:10E25800EB7923B903B0BDE8F04000F0E3BA2E78BB
:10E26800002EF7D195F8C1309B061ED54FF0FF3030
:10E278004FF0FF31FFF7D8FD044610B96FF068047E
:10E288002AE706210C3007F04BFFD5F8013021466C
:10E298000360094B32469B8883804FF60640FFF7A0
:10E2A8004BFE04460028D5D016E76FF0850413E727
:10E2B800C8000020A0010020C900002073B5264D29
:10E2C8000646D5F824010BF003F800283DD06FF07E
:10E2D800020105F1D40007F0AFFF012107F086FF26
:10E2E80010EA010434D11D4B1E600A4605F1F800FE
:10E2F8000BF0E0F805F58A700BF0BFF818480BF042
:10E308008CF96FF007034FF4006216491448009423
:10E3180004F042FE144912480BF0AAF9D5F824017A
:10E32800124983681B689847044630B946B9FFF715
:10E3380075FE044608B9FFF7A9FD204602B070BD76
:10E3480005F1C40004F022FEF7E76FF01204F4E7C9
:10E358006FF07704F1E700BFC80000201C1E002002
:10E368004017002058290020D4BD010095DC00008A
:10E3780010B5FFF753FE044608B9FFF787FD044BB5
:10E388001B681BB12046BDE81040184710BD00BFF0
:10E398001C1E002038B5032104460C3007F0F0FE9F
:10E3A80040F635420346B0F8010090420DD01D7882
:10E3B800E36822461978FFF7E5FB35B1034804F016
:10E3C80051FCBDE83840FFF767BD38BDC0010020EB
:10E3D80038B505F079F8234DD5F81431002B3CD029
:10E3E8000022002305F1F80004F070FCA8BB00220D
:10E3F800002305F58A7004F003FC044630B980F365
:10E408001188BFF36F8F0323184602DFD5F8080180
:10E4180020B1FFF77BFA0023C5F80831204607F042
:10E4280077FEC5F808012046FFF726FD98B10E488B
:10E4380004F018FC2046FFF7C9F90C220B4B1F21EA
:10E4480002FB003022464088FFF79CFB2046FFF77E
:10E458005DFAFFF721FDFFF71FFDBDE8384005F025
:10E4680047B800BFC8000020C0010020101E0020CF
:10E4780038B5042104460C3007F082FE457801784F
:10E4880022464088FFF77EFB35B1044804F0EAFBDA
:10E49800BDE83840FFF700BD38BD00BFC00100200F
:10E4A800F8B506460024094DEF79E3B29F4202D839
:10E4B8006FF0010007E02946304607F0C5FE073532
:10E4C800631C08B12046F8BD1C46EEE7C8000020D2
:10E4D80070B5144E0622314604460BF014FDE0B127
:10E4E8004FF0FF304FF0FF31FFF79EFC0546A8B113
:10E4F800062221460C3007F019FE0022294642F276
:10E508000500FFF719FD40B93346226843F8692929
:10E51800A288B280012283F8682070BD6FF068007D
:10E52800FBE700BF3101002073B504460D4689B1F1
:10E538002846174907F088FE60B9164A2968C4EBCF
:10E54800C4041151A318AA889A80AA799A71002044
:10E5580002B070BD6E46304607F022FE0028F7D1A3
:10E568003046FFF79DFF0028F5DA0A4A0098C4EB09
:10E57800C4041051B179B088A31898809971002DFE
:10E58800E5D012592A609A88AA809B79AB71DEE798
:10E5980032BF0100C800002070B5044611B16FF009
:10E5A800150070BDF0B1224907F04EFED0B92046E3
:10E5B800FFF776FF002835DA237863B91D4AD37947
:10E5C80083BB20681060A179A08891710121908097
:10E5D800D1711846E5E7012BE1D1A37903F0C00317
:10E5E800C02BDCD1134DEB79012B1ED005F1D403E0
:10E5F800D3E8AF3FDB0707D4002CD0D020460C4926
:10E6080007F022FE0028CAD1EE792146731C304655
:10E61800EB71FFF789FF08B93046C2E7EB79013B98
:10E62800EB71BEE76FF07700BBE76FF00B00B8E760
:10E6380032BF0100C80000202DE9F3410446D8B1DB
:10E64800002141F2090001AAFFF776FC054698B9B6
:10E65800019E0622D6F80C80104908F101073846B9
:10E668000BF051FC28B1062238460D490BF04BFC43
:10E6780030B93046FFF74AF9002002B0BDE8F08112
:10E68800D8F801303046C4F80130BB882570A4F8AA
:10E698000530FFF73BF90120EFE700BF3FBF01005E
:10E6A80039BF010007B56846FFF7C6FF044BD871AC
:10E6B80018B169460020FFF737FF03B05DF804FB87
:10E6C800C8000020F0B5294D89B0EE79002E46D15A
:10E6D80095F8C230DB0722D56A4631464FF6094025
:10E6E800FFF72AFCD8B9DDF800C0DCF80C406378E5
:10E6F800012B1E4628BF012673B1A31C02AA12349F
:10E70800174618685968083303C7A3423A46F7D131
:10E71800186838609B88BB806046FFF7F7F8EE7191
:10E72800002416260127EB79E0B2984202D3B3B150
:10E73800002012E008AB06FB003353F8182C33F81E
:10E74800143C6946CDF80120ADF805308DF800700D
:10E75800FFF7EAFE01340028E5D009B0F0BD00213A
:10E76800084609B0BDE8F040FFF716BFC800002012
:10E778002DE9F0411D460E4617460346002849D0AC
:10E78800002D47D00A0307D54C0743D407F06CFD8A
:10E7980010BB01232B701FE0B10704781ED020495D
:10E7A8002FB1B20603D591F8D820500635D5C4EB61
:10E7B800C40411F80480B8F1010F08D101341846D7
:10E7C800214407F049FD38B985F8008002E0B8F126
:10E7D800000FF9D0A7B90020BDE8F081720716D55F
:10E7E8000F49C4EBC4040F5D012F07D10134214444
:10E7F80007F032FD0028EFD12F7001E0002FFBD089
:10E80800B306E8D52B7843F002032B70E3E707F053
:10E818002BFDBEE76FF01500DEE76FF08500DBE744
:10E82800C800002010B50A4CE3790BB1002010BDD8
:10E83800FFF738FF0028FAD1E379002BF6D1FFF76C
:10E8480041FF0028F3D1601CBDE81040FFF740BE2F
:10E85800C8000020F7B5CDE90001694642F208007A
:10E8680016461D469DF8207007F019FD044648B964
:10E878005FB90B4BD3E8EF1F41F00401C3E8E21F77
:10E88800002AF7D1204603B0F0BD694642F20900DC
:10E89800CDE9006507F003FD0028EAD00446F1E75A
:10E8A800F00000202DE9F04FD0F8109089B00293C5
:10E8B800B9F1000318BF012305460F469346DFF858
:10E8C800A0A20393DAE8AF3F5A0740F12B814668CC
:10E8D80073050BD56FF01504002340F201119B4519
:10E8E80040F02981204609B0BDE8F08FD0F81080AB
:10E8F800B8F1000F01D0B407ECD09A4C2878E3792E
:10E908008342E7D9C0EBC0000722974920440BF0A7
:10E91800FAFA0028DED0B00706D194F87030082B38
:10E9280002D8AB689F2BD5D916F0300F6DD0B8F14F
:10E93800000FCFD0F1066BD406F46036B6F5603F11
:10E94800C8D0284607F0A7FC80460028C2D0874ECA
:10E95800D6E8AF2FC2F30023D20500F1E680CDE957
:10E968000533CDF81B30AB686A68ADF81030EB683A
:10E9780012F4004FADF8123014BF06230723D0035A
:10E9880048BF03F00503910348BF03F0FB038DF86C
:10E998001D30DAE8EF3F23F48073CAE8E23F002A2B
:10E9A800F7D12B78039A237684F86F30696870481A
:10E9B8000DF11503FFF7DCFE044600288CD16D4BE2
:10E9C800B9F1000F30D02A6911684AF8B31C918850
:10E9D800998092799A716B689A0727D0B9F1000FDC
:10E9E8002BD013F0100F0CBF012304238DF8143023
:10E9F8002B691A68CDF816209A88ADF81A209B79E9
:10EA08008DF81C304FF000081AE0B8F1000F93D1D0
:10EA1800D5E902239A423FF65DAF1F2A7FF65AAF27
:10EA2800B3F5804F88D955E74F4ACDE79C0502D406
:10EA3800029B002B4AD0022300E04B468DF814308D
:10EA48004FF0FF304FF0FF31FFF7EEF90446002892
:10EA58006ED00F2204A90C3007F068FB2146002273
:10EA680042F20600FFF768FA044600287FF434AF44
:10EA7800B9F1000F2ED001213D4807F06AFC044689
:10EA880000287FF429AF6B6898072FD0D6E8EF3FAE
:10EA980043F40073C6E8E23F002AF7D1B8F1000F4B
:10EAA8002DD0D6E8EF3F43F48063C6E8E23F002A62
:10EAB800F7D16B6859072BD5D6E8EF3F43F480535D
:10EAC800C6E8E23F002A3FF407AFF5E703238DF8D5
:10EAD800143097E759463846129B029ACDF80080C1
:10EAE800FFF7B8FE04460028C5D0F5E6D6E8EF3FA4
:10EAF80023F40073C6E8E23F002ACFD0F6E7D6E851
:10EB0800EF3F23F48063C6E8E23F002AD1D0F6E75E
:10EB1800D6E8EF3F23F48053C6E8E23F002A3FF4EB
:10EB2800DBAEF5E76FF00A04D6E66FF07704D3E6BC
:10EB38006FF06804D0E63A888A4204D17A6812B144
:10EB48001278D20702D401330837C8E60A490B48BD
:10EB58000AF069FD00230A4A084804F0BBFAC1E636
:10EB68009C010020C800002032BF0100F0000020F6
:10EB7800E0000020E9000020AD630100F80000205B
:10EB88001C4E0E0008B5094807F009FC084BD3E8ED
:10EB9800AF2FC2F30020D20506D5A3F11000002143
:10EBA800BDE8084007F0D5BB08BD00BFE000002065
:10EBB800F0000020C04330B50C4D0A44914201D109
:10EBC800C04330BD11F8013B83EA000404F00F0490
:10EBD80055F8244084EA101080EA131303F00F0359
:10EBE80055F8233083EA1010E8E700BF8CB3010022
:10EBF8000122024BC3F80424704700BF002008E03C
:10EC0800084B70B5C31A0D4607499B100446594373
:10EC18004022064807F0D8FB2B4601462046BDE8AF
:10EC280070401847341E0020B76DDBB6E4A1010020
:10EC3800402373B50B4C0093041B0B460D460A4941
:10EC4800A41061430646094A094807F0E8FB014653
:10EC580028B130462B4602B0BDE87040184702B0D4
:10EC680070BD00BF341E0020B76DDBB6956401008F
:10EC7800E4A101002DE9F8430022012107464FF4E1
:10EC88008770FEF755FA114802F076FA0446C0B9C3
:10EC980009F092FE25464FF01C094FF00C083E691A
:10ECA8000B4909FB056006F0A6FE031E0CDB0123D9
:10ECB80008FB05661D44032DF365F0D12046BDE829
:10ECC800F8836FF00404F9E71C46F7E705EE000047
:10ECD800CCB301001FB5002201236C46CDE9022305
:10ECE8006B46074ACDE9004407F0C9FB28B943F64B
:10ECF80009520023684603F0E9FF04B010BD00BFC5
:10ED0800B364010010B5EFF31184402383F3128834
:10ED1800BFF36F8F074A136823F00201DB07116006
:10ED280002D4012009F03EFE84F31188BFF36F8FEF
:10ED380010BD00BFAC1E00200C22104B014602FB88
:10ED48000033002030B4D3E915525865EFF3118031
:10ED5800402484F31288BFF36F8FDC6D04F0C00485
:10ED680044F00204DC6580F31188BFF36F8F1DB196
:10ED78002B4630BC0248184730BC7047341E002070
:10ED8800E4A1010010B4EFF31180402282F312884D
:10ED9800BFF36F8F16490B6843F0020413F00103A9
:10EDA8000C6017D0134BD3F80C3413F4803311D004
:10EDB800EFF3118182F31288BFF36F8F0E4AD36D80
:10EDC80003F0C00343F00203D36581F31188BFF356
:10EDD8006F8F012380F31188BFF36F8F1BB1002061
:10EDE80010BCFFF7A9BF012010BC02F0AFB900BFEB
:10EDF800AC1E002000E01050341E0020042804D06F
:10EE0800072809D0022809D07047064BD86D10F0A2
:10EE1800070005D1FFF790BF0220FBE70120F9E7C3
:10EE2800704700BF341E0020C3B21C20014A00FBFB
:10EE380003207047341E00202DE9F041012280464E
:10EE48003549D1E8EF3FC1E8E02F0028F9D133B9BF
:10EE5800324933484B60CB608A6006F0DFFD08F129
:10EE6800FF33012B4CD8B8F1010F06D12D4BD3F845
:10EE7800503403F00303012B42D00AF0F3FB05469C
:10EE880050B1EFF31186402383F31288BFF36F8FDD
:10EE98000125244C244F21E0244B1B78002BF0D073
:10EEA8000422204B0646C3F80823F2E755B3304640
:10EEB80007F0C3F8D4F8403413F0FF030ED1D4F8A8
:10EEC80008215AB1C4F80831D4F808314FF4804207
:10EED8000123C4F84034C7F8A0212361D4F84C2496
:10EEE800D4F84C34D203E1D503F00303012B02D04C
:10EEF800B8F1010FDAD155B186F31188BFF36F8FDE
:10EF0800BDE8F081002120200AF049FCD2E7042264
:10EF1800044BC3F80423F3E7301E0020201E002012
:10EF2800501E002000E0105000E100E0CB2500203A
:10EF38000023024A0020C1E90023704700D01F00C7
:10EF480000487047F0B30100024B0B6001231360C7
:10EF5800704700BFF8B3010008B501220548114603
:10EF68000AF0A8FA02F052F9034B044A0020C3F849
:10EF78000C2508BDB01E002000E004508000008071
:10EF880038B542F201030F4D1446C5F80035A1B15A
:10EF98000AF0A4FFBFF35F8FD5F81834DB0706D457
:10EFA800C4F308041CB10123AB60BFF35F8F4FF4B7
:10EFB8000052044BC3F8002538BDFF210AF09BFF1F
:10EFC800E8E700BF00E00450F0B5051E0F46144600
:10EFD80087B033DB1B4B9D4230D8C5F5FE1303F5D4
:10EFE80080539A422AD8FAB14FF0FF324FF0FF33DC
:10EFF800154803F06BFE09F0E2FC0646B8B10123A0
:10F008008DF81430114B4FF4FA50009302AB04946E
:10F018000193CDE9027502F001F9684602F004F99E
:10F028000446094803F01EFE204607B0F0BD2246FC
:10F0380039462846FFF7A4FF3446F2E76FF0150477
:10F04800F2E700BFFFCF1F00B01E0020EB640100F5
:10F0580010B50C1E10461A460CDB084B9C4209D80A
:10F06800C4F5FE1404F58054A24203D80AF036FF12
:10F07800002010BD6FF01500FBE700BFFFCF1F0099
:10F08800004870474CB401002DE9F34743680F1E50
:10F0980005461646D3F82090C0F28580BB184B452C
:10F0A80000F2818047EA0204C4F30B04002C7AD1F1
:10F0B80006F0D0FD002879DB284607F087FA2146BC
:10F0C800284607F002FB4FF0FF3A0446002E55D0C1
:10F0D800002C53D12346CDE900448022062128463E
:10F0E80007F096FA0446002848D14E4513D1034646
:10F0F800CDE900008022C721284607F089FA0026BA
:10F108000446002C3AD140F21B620023284607F03F
:10F1180018FB0446DAE78046264B5A7882B10AFA89
:10F1280002F137EA01010BD101219140B14207D820
:10F13800B8F1000F1ED098F80110914238BF9846D8
:10F148000134042C03F10203E7D1B8F1000F13D006
:10F158000023812298F800102846CDE900333B4669
:10F1680007F056FA012398F80120044693401F44FB
:10F17800F61AC6E79846E3E76FF01504012128461A
:10F1880007F0A3FA002C14BF26460646284607F0C7
:10F1980012FA40F239120023284606F0F7FE3046EC
:10F1A80002B0BDE8F0876FF01506F8E76FF00406C7
:10F1B800F5E700BF65BF010010B5044600694FF0D0
:10F1C800FF3201210AF076F9636893F84A20520663
:10F1D80015D4636893F94A20002A0ADAD86B0AF032
:10F1E80077F8C0B160684FF4B0113C3007F0BCF953
:10F1F80088B92046BDE81040084906F0B9BC586BEC
:10F208000AF066F838B160684FF4D011343007F06E
:10F21800ABF90028DDD06FF0120010BDCF690100F6
:10F2280070B546680546B068C0B109F01DFE0146D4
:10F23800A0B9B06802F008FA0446A8B902460C4919
:10F24800B06809F0FBFD22460121DB20FDF770FFC5
:10F258002246012140F20D10FDF76AFF2846BDE85D
:10F268007040044906F084BC6FF0040070BD00BF14
:10F27800FDF30000376C01002DE9F04340F206353C
:10F288004768D00648BF4FF0030C3B7C02EA0505EF
:10F2980058BFC2F3401C87B001F01F06B5F5837F45
:10F2A800144646EA43168DF803C045D00DD8062DFE
:10F2B80044D005D8A5B1022D12D06FF0150038E062
:10F2C800B5F5807FF9D101250AE040F20222954286
:10F2D80036D0B5F5407F35D0B5F5007FEDD10425A2
:10F2E800220331D501237A688B405360B86890BBFC
:10F2F8007F2E06F01F034FEA561175D83C4A52F884
:10F308002120C4F3004102EB8302D2F8803081F05F
:10F318000101C4F3404423F4706344EA410423F038
:10F328000F031C4344EA8C0444EA0524C2F88040D5
:10F33800002007B0BDE8F0830925D1E70825CFE70D
:10F348000625CDE70525CBE7630341BF01237A688E
:10F358008B409360CAE731460DF1020209F071FD56
:10F3680014F4403F80460CD13146B86809F082FD5C
:10F37800B8F1000FDCD19DF80210B86802F09CF9D2
:10F38800D6E74FF0000901ABCDE90199CDE9043981
:10F39800CDF80C903146B86803AA09F09BFC4845A3
:10F3A800C6DB14F4003314D09DF80330C4F30044D2
:10F3B80084F001048DF80E308DF80C508DF80D4056
:10F3C8004B463146B86803AA02F0C8F80028CFDADD
:10F3D800AEE7CDE904330DF1030303933146B86872
:10F3E80003AA09F077FCF1E7203350F82330FFDE59
:10F3F80054B401004209022A034670B503D0012A19
:10F4080018D0CAB170BD0E4E326951680029F9D0C2
:10F41800012503F01F030C689D400029F2D08A687B
:10F428002A4002D030464B6898473CB123682146B1
:10F438001C46F2E7034EE7E7034EE5E72346F6E707
:10F4480044A2010024A2010004A20100F0B544680E
:10F458001646A068227C01F01F0587B045EA4215D0
:10F4680000286CD0B6F5001F04D1294609F054FDD8
:10F47800002055E06268607CB6F5800F50624FF05E
:10F48800000001AA0190506039D1B3F1007F14BF88
:10F49800052304238DF804300023CDE904230393C6
:10F4A800E3680DF1030723FA01F111F0010139D1E5
:10F4B800B6F1A07F36D105F01F037F2D4FEA551016
:10F4C80003F120033ED8214A52F8202052F8233075
:10F4D800DB0727D43A462946A06809F0B2FC163063
:10F4E80018D002972946A06803AA09F0F3FB002860
:10F4F80016DB01222946A06809F0BEFCB8E7B3F183
:10F50800C06F05D0B3F1007F14BF01230223C1E708
:10F518000323BFE73946A06802F0D8F80028E0DAEC
:10F5280007B0F0BD3A462946A06809F08AFC0028D1
:10F53800D8D19DF80310A06802F0BEF8D2E76FF0AA
:10F548008500EDE751F82330FFDE00BF54B4010019
:10F55800082913B528BF08210C46084AD2F80433F5
:10F56800D2F808231BBA12BA00920A4669460193D8
:10F578000AF0B4FC204602B010BD00BF00C0FF0076
:10F588001C4BD3F8002602F0010312F0060F18BF37
:10F5980043F01003110648BF43F48073D10548BFF8
:10F5A80043F08003510548BF43F02003510648BF8C
:10F5B80043F00203910548BF43F08003D10448BFDC
:10F5C80043F08003510448BF43F00803110748BFC4
:10F5D80043F02003D10648BF43F02003910648BFFB
:10F5E80043F02003120548BF43F400630360002082
:10F5F800704700BF00E010504FF0FF32024B002070
:10F60800C3F80026704700BF00E0105070B50D46E3
:10F61800036804461B6840689847012D0DD109F01E
:10F628001AF90546054E236860685B68984720B953
:10F6380009F011F9431BB342F5D970BD9F8601004B
:10F6480070B545680469286809F042FE10B96FF082
:10F65800120070BD4FF43021284607F046FC10F127
:10F66800860F04D14FF42021284607F03EFC0028DD
:10F67800EFD1A86805F1080609F02AFE0028E6D0AF
:10F688004FF43021304607F030FC10F1860F04D1DA
:10F698004FF42021304607F028FC0028D9D118491A
:10F6A8002A46204607F019FC2969164B994221D0B1
:10F6B80014D8154B99421FD0144BCB1A59425941B3
:10F6C8008900204641F0100107F049FB0028C0D10D
:10F6D80004F11400BDE8704009F047BE0C4B994294
:10F6E8000CD003F5C31303F5206399420CBF0A211C
:10F6F8000021E6E70621E4E70221E2E70821E0E746
:10F70800B4B4010040420F00A0860100801A060030
:10F7180040E13300044B054A01219362044AC820A2
:10F728001A600022FDF704BD781F0020E0060020C3
:10F7380000800C50054B064A01219362054A4FF49C
:10F7480082701A600022FDF7F3BC00BF241F00205E
:10F758009C0600200040105038B504464568AB6947
:10F7680098470121E86907F05FFD234629462A6981
:10F77800A86A09F04CFD002805DB2046BDE83840A2
:10F78800024906F0F5B96FF0040038BD4F73010067
:10F798002DE9F041456804460669286809F098FD96
:10F7A80018B96FF01200BDE8F081304609F0DDFDB0
:10F7B8007461AB68BBB904220B2120466B7C07F04F
:10F7C80006FE0028EFDB06220B212046AB7C07F063
:10F7D800FEFD0028E7DB01232046BDE8F0411A467C
:10F7E8000B2107F0F4BD0523062120462A7C07F0EB
:10F7F800EEFD0028D7DBA86809F06AFD0028D0D004
:10F80800B5F80EE0A868297B4EF480320127D0F8BD
:10F8180010C01EF0010FDCF8003007FA01F714BF22
:10F828003B43BB43D0F80880CCF80030D8F8003010
:10F8380098470028B7DB01272B7B1A4A07FA03F3FE
:10F84800C6E90723A86806F118018368DB6913B9BC
:10F858006FF05700A7E73A4698470028A3DB124BFA
:10F86800B362EB89A868297B03F0400386680269C4
:10F87800B669002EECD012688F4017420CBF43F0D7
:10F88800B86383F0707323F0794323F47F0323F480
:10F898007F434FF0A07223F0BF03B04700288ADAF5
:10F8A80081E700BF89730100B5F800002623002214
:10F8B8002DE9F04F044650F8100C91B0D0F80490A0
:10F8C8001146009306AB07F05FFD002805DA2046D5
:10F8D80003F05CFB11B0BDE8F08F0026234F97F8CA
:10F8E800008097F801A008F140036B4413F8273C07
:10F8F8001AEA030F13D0216931B1012354F8100C0F
:10F908000D6803FA06FB11BB08F1010253460021FA
:10F9180054F8100CD2B207F05AFD0028D7DB013694
:10F928000E2E07F10207DAD1D9F8080099F80C5021
:10F938000669836805A95B6898470028C7D1059BB5
:10F9480032685A400123AB401A42C3D0BFE78A68E5
:10F958001BEA020203D04B680390984703981DB135
:10F968002B6829461D46CEE72B46FAE76DBF0100F6
:10F97800036803F01F027F2B02604FEA53129ABFFD
:10F98800024B53F822000020704700BF30B5010039
:10F998002DE9F74F154607464FF0010800EB8101A6
:10F9A800B94203D1002003B0BDE8F08F3A68C2F332
:10F9B800C323082BC2F3080400F2AC805748C65C86
:10F9C80040F2FF139C4208BF4FF0FF34B2F1D05F02
:10F9D8004FEA126310D2192B12D8DFE803F0142370
:10F9E8003734282F34111111113A45111111111101
:10F9F8001111111148515457382B4AD04E2B25D08C
:10FA08006FF08500CFE7C5F80446631C36D001A81F
:10FA18000194FFF7ADFF019B4FF0010908FA03F3CA
:10FA2800436054E0C5F80C464FF0000A18E04FF068
:10FA38000009C5F80046631C20D040E04FF00109DA
:10FA4800C5F80446F7E7C5F80846EDE7C5F81046D7
:10FA5800DBE7C5F80046002EE6D14FF0000A08267D
:10FA6800601C0BD0D14634E0C5F80446F3E7C5F86E
:10FA780060457B88621C03F001031CD104378FE7C3
:10FA8800C5F86445F5E7C5F86845F2E7C5F86C457B
:10FA9800EFE701A80194FFF76BFF019B4FF0010A04
:10FAA80000EB8300D0F8803023F0E04343F080433C
:10FAB800C0F88030D4E7002BA9D14FF0010901A884
:10FAC8000194FFF755FF019B08FA03F383604FF099
:10FAD800010AD7F800B001A81BF4004F1CBF4FF073
:10FAE80001094FF0000A0194FFF742FF019B0C4CFB
:10FAF80000EB8300D0F88020CBF3412B330243EA9C
:10FB08008B0343EA0A031440234343EA4903C0F83A
:10FB18008030B3E76FF0150045E700BF89BF0100EB
:10FB2800F0F0FCFF17289FBF054B584300F57420E1
:10FB380000F510709ABF086000206FF0150070473C
:10FB4800A086010010B5134CA1421DDD124B98424E
:10FB58001ADCA04204DC00236FF02100138010BDE2
:10FB6800994201DD1723F7E76FF43A63A0F55B20AC
:10FB780018440A4BB0FBF3F01080584300F574208A
:10FB880000F51070884202D96FF01500E7E70020F1
:10FB9800E5E700BF3F420F00A05A3200A0860100EF
:10FBA800F7B5284E0C467378317805461943174641
:10FBB8000BD07378022F327803F00F030FD0032F86
:10FBC8002CD06FF0850003B0F0BD022300932622ED
:10FBD8003346806A07F0D8FB0028EADAF3E795F89D
:10FBE8002C1001290FD1012A01D80CD15BB10123B6
:10FBF800A340DBB2009308220221A86A07F019FC8F
:10FC080000280FDADFE7012304F108020821A86AB7
:10FC1800D2B203B0BDE8F04007F0D9BB95F82C107C
:10FC2800012903D0002304F10802EFE7012A02D8D2
:10FC3800F8D1002BF6D00123A340DBB200930023B8
:10FC4800D9E700BF19250020054B1B7833B1806820
:10FC58004FF0FF324FF0FF3302F010BF704700BF84
:10FC6800CB250020034B1B7813B1806802F078BFC6
:10FC7800704700BFCB25002037B5472915461C46DD
:10FC8800406806D04F292ED02C2912D06FF085005D
:10FC98000DE00A2AFAD10422032100680DF10703B6
:10FCA80007F08EFB18B99DF80730C4E9003003B09F
:10FCB80030BD022AEAD10522294600680DF1070362
:10FCC80007F07EFB0028F2DB9DF807301BB92360A4
:10FCD80063600020EBE713F00A0318BF01231B4AF7
:10FCE800C4E90032F5E70722022100680DF1070395
:10FCF80007F066FB0028DADBEDB2133D052DC5D809
:10FD0800DFE805F0030A0F14191E9DF8072002F01A
:10FD1800010200232260DBE79DF80720C2F34002BE
:10FD2800F7E79DF80720C2F38002F2E79DF8072065
:10FD3800C2F3C002EDE79DF80720C2F30012E8E71E
:10FD48009DF80720C2F34012E3E700BF20A1070097
:10FD580037B50A2A44681D6830D12C2915D047299F
:10FD68002CD10123206835B90522032103B0BDE851
:10FD7800304007F02CBB0022032107F028FBF8B91C
:10FD88000123042203212068F0E75A680D4B0E482E
:10FD980003FB05220DF10603114608F089F810F15E
:10FDA800160F0DD0012202219DF80630206807F0B9
:10FDB8000EFB28B9012302460221E4E76FF0850013
:10FDC80003B030BD40420F0054B601002DE9F04F9A
:10FDD800446887B0206809F07BFA002800F04E815B
:10FDE8000A22052194F86630206807F0F0FA002806
:10FDF80040F0888010254FF07E5BDFF888A204F180
:10FE080044076FF0004357F8040F98423DD0F8F7C5
:10FE18001BFB9D49F8F720FC5146F8F761FA0146AB
:10FE28005846F8F719FC9949F8F758FA8046B4F893
:10FE38006400F8F705FB01464046F8F759FBF7F769
:10FE4800BFFE266EFCF7CCF9804689463046F7F7A8
:10FE580095FE42464B46F7F70BFFF8F7CBF98302BE
:10FE68000644B3FBF6F6C6F38D0320688DF814300C
:10FE7800022306F0030600932A46032105AB8DF8FA
:10FE8800156007F0BBFA00283CD10235EDB2182DF9
:10FE9800B7D16FF0004704F1540656F8043FBB424F
:10FEA80022D041F28832C3F5C02303F2AE535A433D
:10FEB8004CBF77497749784B4BBF8918891891FB14
:10FEC800F3F3B1FBF3F3C3F38D0203F003032068EC
:10FED8008DF8153002238DF8142000932A4603214B
:10FEE80005AB07F08BFA68B91A2D0ED1626804F1D8
:10FEF8000C051146284605AB08F081F8163006D1E6
:10FF08006FF0150007B0BDE8F08F1A25C5E70C2281
:10FF180003219DF81430206807F059FA0028F1D120
:10FF2800A2682846114605AB08F069F81630E7D0F4
:10FF38000D2203219DF81430206807F048FA0028A4
:10FF4800E0D1626AE16A05AB511A013104F1280077
:10FF580007F0AEFF1630D3D094F840102068FF2980
:10FF6800BDF814209DF8143057D10822032107F05A
:10FF78002EFA0028C6D1626C4848114605AB07F036
:10FF880097FF1630BCD002229DF814301146206825
:10FF980007F01DFA0028B5D10E22032194F8673026
:10FFA800206807F014FA0028ACD10F22032194F836
:10FFB8006830206807F00BFA0028A3D10123242217
:10FFC8000521206807F003FA00289BD101230C22A1
:10FFD8000521206807F0FBF9002893D194F86A30CE
:10FFE800002B3FD194F8662094F86B30002A42D059
:08FFF80006220321206807F036
:020000021000EC
:10000000EAF9002882D194F86930002B3FF47EAFE2
:10001000012304220321206807B0BDE8F04F07F058
:10002000DAB90225520803F001038DF80C208DF88F
:100030000D3008220321009503AB07F0E3F90028F7
:100040007FF464AF94F84020174B206833F81230E7
:1000500003215A0803F001038DF810208DF81130A8
:100060000A22009504AB07F0CDF986E70123502260
:100070000321206807F0AFF90028B7D046E743F026
:100080000203B9E76FF0120040E700BF33938843E3
:1000900000007A440FCF5B3BC4C3E1FF3C3C1E0031
:1000A00078783C0054B6010034B8010070B53A29A4
:1000B00014464568036917D8352905D80C2900F07E
:1000C000B7806FF085003DE036390429F9D801A2E8
:1000D00052F821F021010100D3010100C300010009
:1000E0002D0201004701010047398AB2082AE8D8E9
:1000F0000829E6D801A252F821F000BF2902010028
:10010000C3000100C3000100C3000100C3000100DF
:10011000C30001001B020100250201005B02010077
:10012000188841F2883358434FF47A720023002133
:10013000800AF8F7EDFB4FF47A7312FB03F22060AC
:100140006260002070BD95F86620002AB9D09888BA
:10015000F8F77AF901464FF08940F8F781FA4FF045
:100160007E51F8F7BFF8FCF7BFF90646B5F8640012
:10017000F8F76AF901463046F8F772FA014638484E
:10018000F8F7B0F801464FF07E50F8F769FA3549B4
:10019000F8F7A8F84FF04F410546F8F74BFB002859
:1001A000CFD14FF09E412846F8F758FB0028C8D120
:1001B0002846F8F767FB2060F8F74AF90146284619
:1001C000F8F790F82849F8F797F9F8F75BFB6060C3
:1001D000B7E758889B7A0D2B10D80B2B10D8042B1F
:1001E00013D00023584340F2FF3390FBF3F0002379
:1001F0001E4AC117F8F78CFB2060A1E70F2BF0D146
:100200007D226B6A5343642204E0EB6B6A6B5B42B2
:100210005343AA6B93FBF2F3E4E71B7A23600023BA
:1002200063608EE75B7AF9E7686AE0E7E86BDEE730
:10023000D8880F4B4FF47A7258430E4B90FBF3F073
:1002400000F5C02000F2AE500023C117F8F760FBA4
:100250004FF47A7320605A4372E7DB7ADEE700BF1F
:100260000FCF5B3B339388430024744940420F0017
:1002700078783C0078ECFFFF0023064A32F8021B36
:10028000814201D11846704701330C2BF6D16FF033
:10029000150070474AB8010070B505690B016A6A1C
:1002A0000C46D6681121F02203F0F003B047002875
:1002B0000BDB0B2C88BF41F608234FF000009CBFDE
:1002C000034B33F814306B8570BD6FF00400FBE70F
:1002D0004AB8010070B505690B016A6A0C46D66818
:1002E0001021F02203F0F003B04700280BDB0B2CA9
:1002F00088BF41F608234FF000009CBF034B33F842
:1003000014302B8570BD6FF00400FBE74AB8010084
:10031000F7B5436804461B689847051E0BDB266942
:100320001221736A2046DD6880231A46A8470028F8
:1003300004DA6FF00405284603B0F0BD48F6B800B3
:1003400008F0A0FF736A0F2120469B680DF1070299
:1003500098470028EDDB9DF807306A2BE9D1002192
:10036000204607F06BFE01460028E2D11D4B2046D7
:10037000F360FFF7AFFF0028DBD10421204607F030
:100380006DFE01460028D4D1174B2046F361FFF7DC
:1003900083FF05460028CCD1736A0722DF680A2153
:1003A00003462046B8470028C3DB736A4622DF684D
:1003B000122144232046B8470028BADB736A15216E
:1003C000DF68102320461A46B8470028B1DB736A5D
:1003D0001621DE68802320461A46B0470028AADA94
:1003E000A7E700BF0000744200B8884508B5064979
:1003F000026943685162586808F06EFF00280CBF1C
:100400006FF01200002008BD6CB6010038B504463C
:10041000056908F0E9F9014670B9012205F1B40057
:1004200009F04CF805F15C0008F003F82046BDE83F
:100430003840024905F0A0BB38BD00BF6F870100FE
:100440002DE9F04198468B880F46990406461546DB
:10045000046900F189804FF0FF324FF0FF3304F15F
:100460006C0002F037FC2766002D40F08680C4F84F
:1004700090500023C4F8943004F1A80204F19401D0
:1004800004F1900007F0C2FF0546C4F8A400B8F1DB
:10049000000F7AD1C4F898800023C4F89C3004F18E
:1004A000B00204F19C0104F1980007F0AFFF0023B3
:1004B0001A46D4F894C0C4F8AC00C4F88C30624535
:1004C0006CD100221146D4F89CE071456ED1934264
:1004D0002CBFC4F8A030C4F8A02015B1D4F8A830BF
:1004E0002BB9002878D0D4F8B030002B74D0304627
:1004F00005F0B4FB054648BB3946304600F072F8BB
:100500000546002864D104F15C08E76504F1B405F0
:10051000284602F005FC3046314908F0ECF84FF06F
:10052000FF324FF0FF33284602F0D4FB3946304605
:1005300008F0E2F8304607F0C0FF404607F038FF09
:10054000054600283BD1BB889A040AD4E36D13B159
:100550009B889B0405D40023236604F16C0002F001
:1005600085FB2846BDE8F081636F002B7FF473AFF5
:10057000236E9F427FF46FAF76E72B68C4F890300C
:10058000002B3FF476AF6B6874E7D8F80030C4F8FE
:100590009830002B80D0D8F804307EE7D4F8901043
:1005A00001EBC201496801320B4488E7D4F898C0D6
:1005B0000CEBC10CDCF804C00131624485E710F19A
:1005C000740F05D1304608F0CFF8404607F0F0FE32
:1005D000304605F024FBB9E76FF01505B6E700BF1C
:1005E000CB850100F0B50569034695F828200C4637
:1005F0008BB00AB3E96A226891421DD1296B626807
:10060000914219D195F84020207D904214D1B5F83F
:100610004410228B91420FD16A6BA16800286ED0E2
:10062000914209D1AA6BE1684A4032F47F4003D17C
:10063000E96B2269914260D0A288110574D412F04E
:10064000090674D102F4FC61B1F5807F6FD1206896
:100650003A4988426BD929685868D1F800164F1C6E
:100660000FD012F0020201F01F07DFF8D4C04FEAEA
:10067000511149D103295DD801225CF82110BA40FB
:100680008A604FF0FF320392827F21688DF812203A
:100690008269914294BF05910592A288960702F063
:1006A000040139D500290CBF02210321C2F3001235
:1006B0008DF819204FF0FF32079290F820208DF826
:1006C00018108DF8202001228DF823208DF8242089
:1006D00095F8282012B36946284608F0B1FC60B9A5
:1006E00005F12C0304F11C0254F8041B944243F856
:1006F000041BF9D1012385F828300BB0F0BD9142DD
:100700009AD1A96BE26895E7032915D801225CF814
:100710002110BA404A60B4E78908C7E7694628460D
:10072000084A08F06CFCDAE76FF08500E5E76FF047
:100730001500E2E79260FFDE7660FCE747E8010023
:1007400034B70100C186010070B4104CD4E9001523
:10075000501A63EB0506400940EAC6602026E0FB1C
:100760000615C4E90015002400250949C1E9002344
:10077000084BC3E90045EFF31181402383F312884E
:10078000BFF36F8F70BC03F05BB900BF0818002087
:10079000F01700200018002008B500220121E420F5
:1007A000FCF7CAFC164A0020D2F8183723F440336D
:1007B000C2F8183701F0E6F8002820DB01201149C3
:1007C00001F06CF900281ADB01F0B4F80E4B20F0B0
:1007D0001F00C3E900010D4B0022C3E900014FF0E7
:1007E000FF304FF0FF310A4BC3E90001094B0A49C2
:1007F000187A01F0B1F867220020084B1A6008BD92
:1008000000200E50C808002008180020E81700201B
:10081000F0170020C00800204907010064200020D4
:1008200008B501F087F8064AD2E90032C01A054B34
:1008300061EB0201C3E90001400940EAC16008BD63
:10084000081800200018002010B501F077F90120E9
:10085000FEF7EEFA05F031F9BDE81040054B064A07
:100860001B684FF47A70B3FBF2F35843034B43F029
:1008700001031847CC08002040420F0030B20100AD
:10088000F7B5224B0146224F187A224BD7E9005682
:10089000D3E900239E4208BF954211D1B1F1806F88
:1008A0000ED24901012938BF012101224D1946F11B
:1008B0000006C7E9005603B0BDE8F04001F0CAB930
:1008C000154BDFF858C0D3E90043DCE9002CA4182D
:1008D00043EB0C0C4FF0200E22466346C1FB0E2367
:1008E000954276EB0301C7E900230DD2291B66EB85
:1008F0000C04C82974F10004B4BF01210021009147
:1009000001F072F903B0F0BD0021F8E7C008002043
:10091000F8170020F0170020081800200018002009
:1009200002460B46014802F0ADB800BFF0090020B6
:10093000014802F019B900BFF0090020B0F1005FD2
:1009400007D3064B984206D8054B0344C3F3C73080
:100950007047002070471020704700BFFFFF07203E
:10096000FF7F00E010B5FFF7E9FFB1F1005F1AD398
:100970000D4B99428CBF1021C1F3C731884212D26E
:100980004FF0FF330139C9B2C1F11F01CB404FF025
:10099000FF31064C8140D4F8002503EA010022EA29
:1009A0000002C4F8002510BDFFFF072000F00C5026
:1009B00001490248FFF7D6BF00EC0720C85C0020C1
:1009C00070B5064686B00D461848194908F0FDFD79
:1009D00001A8F8F730F8174808F07EFC00B3164B72
:1009E00068460093F0F728FAE8B94FF0FF304FF06F
:1009F000FF31FFF795FF044638B910491048EFF76B
:100A0000A3FE044620B1FFF793FF204606B070BD59
:100A1000FFF78EFF33690B481D60FDF749F8F4E7D7
:100A20006FF01204F1E76FF01504EEE76C20002080
:100A3000C188010084A20100F10A01001018002001
:100A4000090B0100490C01001FB52848EFF700FE13
:100A50000446002844D1EFF7B5FE0221204601AA42
:100A60008DF80440EFF722FE031E38DB0823072130
:100A7000204601AAADF80430EFF718FE031E2EDB66
:100A80004FF01B13019340F203230321204601AAD8
:100A9000ADF80830EFF70AFE031E20DB0123042126
:100AA000204601AA8DF80430EFF700FE031E16DB86
:100AB0001F230621204601AAADF80430EFF7F6FD0A
:100AC000031E0CDB40F2822293420CD984F311887E
:100AD000BFF36F8F0423184602DF6FF00B031C4631
:100AE000204604B010BD2346F9E700BF6788010027
:100AF00010B403460A46034881680C681946234629
:100B000010BC184784A2010070B5344C94F84730EB
:100B1000FBB194F84730042B3CD120783E282AD1F1
:100B2000A678B31E5E425E4163780233472B3FD8FE
:100B3000002200233146FCF7C5FF0546E8B9CEB1D7
:100B4000002384F8473026492648BDE8704008F065
:100B500058BD4FF0FF304FF0FF31FFF7E1FE48B9CD
:100B6000204604F1470100F053FA0546FFF7E0FE86
:100B7000002DCED070BD0026D6E76278023217492C
:100B800005F10C0005F0D6FA174B29461B681748EB
:100B90009847D5E7022B14D1002200230820FCF748
:100BA0006FFF05460028E5D062880432472AE6D95F
:100BB000002383F31188BFF36F8F0423184602DFED
:100BC000BEE7082BBCD1002200232020FCF758FFF1
:100BD000628805460028E8D1CCE700BF3B2500200D
:100BE0006C200020981A002068200020A4A2010098
:100BF00038B50B8A0D461BB96FF01504204638BD79
:100C000001F10C0005F0C8FA0128F5D14FF0FF30D2
:100C10004FF0FF31FFF784FE04460028EED1E8686C
:100C200000F02EF80446FFF783FE002CE6D10449BD
:100C3000044808F0E6FC2846FCF76CFEDEE700BF3F
:100C40006C200020981A00200A4B93F84730042BA0
:100C500002D1810709D47047022B02D1020704D4C4
:100C60007047082B05D1830603D50349034808F0D4
:100C7000C8BC70473B2500206C200020981A00203B
:100C80002DE9F341A64D07462C78002C40F0B981A0
:100C900004238DF80730A34B0688D3F80080B8F101
:100CA000000F13D1B30A082B00F0848009D8032B5E
:100CB00029D0042B40D040F206439E422ED0012082
:100CC000B3E03F2B00F0FD80012022E10DF106038F
:100CD0000DF10702691CC0470128E3D09DF80630DA
:100CE00013B9012840F083810F236B700423AB708C
:100CF0000123E8702B71A5F80560012300202B70FB
:100D000002B0BDE8F08140F60142B7F900309342ED
:100D100006D040F6034293420BD00124012003E0A9
:100D2000F81CEFF78DFD012484F001048DF80640D6
:100D3000D4E7F7F777FEF6E73B88A3F58053013B4E
:100D4000082B00F25281DFE813F0090012001C00AA
:100D5000500150015001500150012C009DF8073006
:100D6000714808338DF80730F8F7DDF9DBE79DF8B7
:100D700007306D4840338DF8073007F0A3FD0020A1
:100D8000D1E700229DF8073008338DF80730664B15
:100D90001A605A60EB7A23F0600343F06003EB7251
:100DA000EDE79DF80730604806338DF80730F8F717
:100DB000E6F9B8E7384642F21C0130F8033B1AB2B4
:100DC0008A4217DCB2F5005F18DDA3F50053013B42
:100DD0001B2B13D8DFE803F0142F381241441247BD
:100DE0004A4D1212121212121212121212125059EB
:100DF0001212126242F24B039A4259D0012001E0D2
:100E0000EFF730FD42F264039E428DD042F264035C
:100E10009E4200F2DF8042F219039E4200F2CD8032
:100E200042F20C039E4200F2C18040F21D44341B8A
:100E300018BF012478E79DF807303B4803338DF84D
:100E40000730F0F715FADDE79DF80730364808332C
:100E50008DF80730F8F7BCF9D4E7F8F7ACF9D1E72B
:100E6000F0F7C4FACEE7F8F7E0F9CBE7F8F7B8F90E
:100E7000C8E7F0F715FBC5E79DF807302A4910339E
:100E80008DF80730F8F772F9BCE79DF8073026486F
:100E900008338DF80730F8F752F9B3E79DF80730BB
:100EA000002008338DF807300323E872EB71A9E7BF
:100EB0009DF807301C4802338DF80730F8F745F9E4
:100EC000A0E738464FF60B4230F8033B934210D868
:100ED000B3F57C4F7FF6F8AEA3F57C43013B0A2BBC
:100EE00057D8DFE803F00E235656564A5656384177
:100EF0004D004FF60C5293427FF4E6AEF8F7C9F975
:100F000007E09DF8073008480C338DF80730F7F7F5
:100F100094FD4FF6025326F00804E41A88E700BF58
:100F2000832500207C2000208A25002000209DF8B9
:100F3000073040338DF80730334B1880EB7923F0BE
:100F4000230343F02303EB712B7A23F0070343F0D1
:100F500007032B72DDE79DF807302B4817338DF818
:100F60000730F7F785FDD4E79DF807302648203392
:100F70008DF80730F7F7A0FDCBE7F7F777FDC8E767
:100F80009DF80730204801338DF80730F7F7B1FDA1
:100F9000BFE701203AE7A6F50153283B1B4C9BB263
:100FA000DC4004F0010484F00104BDE6A6F5005322
:100FB0000D3B41F241249BB2F2E742F232039E42E2
:100FC0003FF4B2AEA6F50154033C012C94BF0024BB
:100FD0000124A9E642F285039E429AD842F26703B1
:100FE0009E42D8D842F2660421E701209BE69DF894
:100FF00007300E22AB7001236A70EB70AE80A871CF
:101000007BE64FF0FF307BE68A2500202F804020D2
:1010100038B5094C0D4623781BB9BDE83840F7F7C1
:1010200043BEA278611C023208F05CFF002004235A
:1010300020702B7038BD00BF8325002070B5054699
:101040000E46084C204608F047F938B1A3682946F7
:101050002046B2B21B68BDE8704018476FF012001E
:1010600070BD00BF84A20100322337B50125ADF861
:10107000043000231C216846134A8DF80630ADF871
:1010800000508DF80230F6F7DDF90446C8B905F0D6
:1010900017FA80B2F4F78EFE29460C48F9F72BFDBB
:1010A000044670B901462A468520FCF745F82A46D1
:1010B0002146E520FCF740F82A4621468A20FCF725
:1010C0003BF8204603B030BD198901008420002080
:1010D0000149024808F095BAE8200020981A00203B
:1010E0000122054B05491A63A3F54023D3F81805DF
:1010F0000860C3F81825704700E01050E420002075
:101100000122044B5A63044B1A68044BC3F8182598
:10111000704700BF00E01050E420002000E00450C1
:1011200001280AD0022801D020B170470420054BC5
:101130001B681847034B1B68FBE7024B07201B6823
:10114000F7E700BFF8200020014B02201B6818477A
:10115000F8200020012803D0022805D038B17047BC
:1011600000200549F4F730BD01200349FAE7034B9D
:1011700002201B68184700BF21110100F820002041
:10118000014B186000207047F820002010B51D4862
:10119000D0E8AF3F23B9062904D8042926D839B1AD
:1011A000002010BD0729FBD1383801F05FFDF7E7BB
:1011B00050F8203CA0F13804D3E9002090470128E2
:1011C00008D0114B984203D00223606384F82C307E
:1011D0000E48E6E742F21073A362032384F82C3032
:1011E00004F11C0384F821002363F1E700F8173CA5
:1011F000074BA0F11C0140F8103C3838007CF9F78F
:10120000BBFCCDE7342100201F64660228210020AA
:10121000FF3F420F01220021014808F04FB900BFF3
:10122000FC200020014B5861704700BFFC200020CB
:1012300038B54FF0FF3105464FF0FF30FFF770FB38
:1012400029492A48F6F73EF80446FFF771FB002CBF
:1012500046DB40F20113264C002223846369A5611A
:101260006433636242F21073A3626FF073032277F8
:10127000636304F13805D5E8EF3FC5E8E12F0029A5
:10128000F9D14FF0FF314FF0FF30FFF749FB04F188
:101290001C01207CF9F770FCFFF74AFB0023204675
:1012A000144A01F017FD00282B4606DA0122D3E884
:1012B000EF1FC3E8E02F0028F9D14FF0FF314FF0C6
:1012C000FF30FFF72DFB207CF9F738FCFFF730FBF0
:1012D000D5E8AF3F13B1064801F022FD606B38BD81
:1012E0006FF00B00FBE700BF0C2100208D11010007
:1012F000FC2000200E720B0010B50C29036915D1DB
:1013000018680C4C80EAE0730028A3EBE0734FF000
:1013100000004FEA930103F0030304FB03F3BDBF96
:1013200049425B4211601160536010BD6FF085004F
:10133000FBE700BF90D0030003689A070CD5036851
:10134000DB070DD50922074BC3F80C250F22C3F884
:10135000042501221A60FEE7034B0360EF3B0360A4
:10136000704700BF00801050F000FA5008B501230C
:101370002F4A3048C2F80038A2F55722D2F800248C
:101380002D4AD2F84023292A04BF2C4AC2F80C3433
:10139000FFF7D2FF0830FFF7CFFF0830FFF7CCFF91
:1013A0000830FFF7C9FF00F5F470FFF7C5FF244AC6
:1013B000D2F88C3043F44063C2F88C300022D30062
:1013C00003F57F0303F54043D3F8001401310AD03D
:1013D000D3F8001439B1D3F800140132D3F804342F
:1013E000402A0B60EBD1174BD3F80026D2071AD452
:1013F000154B1349D3F8182522F00302C3F818251A
:10140000D3F81825C3F81825D1F88C2042F440628F
:10141000C1F88C200022C3F8A0250C4AD2F8003471
:10142000012BFBD008BD6FF00102C3F80026DFE7F7
:101430000000125000F50E5000C0FF0000300550B3
:1014400000ED00E000E0105000E004500090045077
:10145000014B07F00FBB00BFA98A0100036803F02E
:101460001F027F2B02604FEA53129ABF024B53F8C0
:1014700022000020704700BF50B70100034A430913
:10148000D35C00F01F001844C0B2704792BF010047
:10149000F0B58446002587B0DFF848E0124F01918F
:1014A00002AE1EF8013B06AA02EBD30212F8144C5E
:1014B00003F00703DC4014F0010406D10135042DCC
:1014C000EFD10024204607B0F0BD97E80F0086E872
:1014D0000F0056F82520136A4CF825301362002BB4
:1014E000ECD0EFE7A2BF010044AF0100F7B504461E
:1014F0000846FFF7C3FF04EB4006B38A0D46DB073F
:101500002AD5204607F0C8FB2946204607F035FBC0
:1015100050B1204607F047FB0023276807EB800007
:10152000C0F81035C0F810352946204607F064FB96
:10153000002101A8B1820195FFF790FF019B00EB0C
:101540008300D0F88020064B134043F00203C0F81C
:101550008030084603B0F0BD6FF01500FAE700BF19
:10156000F0F0FCFF2DE9F043044685B0084615462F
:101570001F46FFF783FF0E46804625B3204607F03F
:1015800007FB18B9204607F0F8FA18BB04EB480926
:10159000B9F8143003F01C0313B16B78012B19D088
:1015A00001238DF80F3000233046CDE900536A1C2B
:1015B000AB1C0DF10F0107F088FAB9F8143043F0B5
:1015C0000303A9F81430002F3ED03146204607F01F
:1015D000DFFA20B96FF0150005B0BDE8F0830022F6
:1015E000397823684FEA810C03EB8103C3F8102597
:1015F000C3F8102504EB4802938A23F4604323F0D8
:10160000200393827D78FDB12468B8786444D4F8CF
:1016100010750E4B2D043B40C4F8103541F6F073A5
:1016200005F4403503EA06130005D4F810752B4382
:1016300000F4801003433B43C4F81035938A43EA17
:10164000413343F0200393820020C5E70FE0ECFF15
:1016500070B590F8B040054690F8B1604CBB84225C
:101660002146143008F04BFC2146134A2B6852F8EF
:1016700036608E4213D1002440F20D10C3F844416D
:10168000D3F844210D4A934208BFDB20FBF732FD1B
:101690000123204685F8B030C5F89C3070BDCAB231
:1016A000920002F58070442A04BF1C501A58013180
:1016B000DFE76FF07700F1E760B7010000A00D50A1
:1016C00090F8B100024B03EB800007F0BAB900BFFD
:1016D000D008002010B5064B90F8B1000C4603EB83
:1016E000800007F094F90028A4BF2070002010BDEE
:1016F000D00800202DE9F04F804658F804BB90F840
:10170000B140DBF814136B4BC9B253F834200746D1
:101710008DB0584641F4003107F097FA8203054630
:101720003AD51022002108A808F0E9FB614BE60039
:1017300003EBC404636808A819460093FFF7A8FEEA
:10174000331D03934FF0000A5B4B0DF12009029308
:10175000029A584912F8013B0292039A02EBD30213
:101760008A5C03F0070322FA03F3DB071AD40AF1B9
:10177000010ABAF1040F09F10409E9D14FF400316B
:101780000022584607F061FA009908A8FFF780FE8A
:101790000028D7D125F400350124002D73D10DB0D8
:1017A000BDE8F08F454B53440493D9F80060002EF8
:1017B000DDD096FAA6F6B6FA86F6049B1C7846EAC1
:1017C00044142046FFF75AFE07EB4000818AF208D6
:1017D000C1F3820305930193012319F8020006F077
:1017E000070603FA06F620EA060009F8020007A831
:1017F0000794FFF733FE079A11F0100F02F1200251
:1018000050F82260059BC6F3014623D04046019A5A
:10181000214607F0D2F907A80794FFF71FFE079BA0
:10182000F6B2203350F82330C3F301439E4207D170
:101830000021204607F092F93146204607F08EF944
:1018400007A80794FFF70AFE0122079B02FA03F399
:101850000362AAE7022E14BF02210321204605934A
:1018600007F07CF9059B032B03D0022E07D1012B37
:10187000E6D121464046019A07F09FF9E0E7032EA2
:10188000DED1022BF4E795FAA5F3B3FA83F304FA59
:1018900003F225EA020503F5A2725BF8222007EBAA
:1018A00043034046B3F8A010C2F3014207F085F9A4
:1018B00073E700BF60B70100A2BF0100A2BF010033
:1018C0000123034A03FA00F09368034393607047CF
:1018D000280400200123044A03FA00F0936823EA55
:1018E00000039360704700BF2804002073B50446CE
:1018F0000191EFF31186402383F31288BFF36F8FBA
:101900000B4D019B6A6801A81340019307F07FF813
:10191000002807DB01226B68824023EA02036B6028
:101920002070002086F31188BFF36F8F02B070BD66
:10193000280400204FF0FF306FF0404130B5054CD7
:10194000D4E90023904271EB0305F9D31046C3F3A9
:10195000130130BD40270E5030B50C25074B1C1825
:1019600094F8544005FB0433C3E9031218750123AE
:10197000034A8340C2F8243330BD00BF280400204E
:1019800000200E50F8B53E4C2278002A72D13D4B13
:10199000D3F8101521F00201C3F81015D3F8101573
:1019A00041F00101C3F810150521C3F8A416042164
:1019B000C3F8AC160723672101F001000244013B84
:1019C000D2B24FEA5101F7D1052A56D119464FF04C
:1019D000010C2B4E00256720CFB204E00CFA02F276
:1019E00020EA0200013590FAA0F25FFA85FEBE45BA
:1019F000B2FA82F2F2D3013132750529224482F81B
:101A0000547006F10C06E5D1012100251E489A0804
:101A100001FA02F212F0670F18BF1D500433302B89
:101A2000F5D1E420FBF766FB164B1849D3F81025D7
:101A300003F5C07322F00202C3F8902340F6FF7250
:101A4000C3F8A82100221A60A3F5807004338B42EA
:101A50000260F8D101250B4B0D4A1D660D4B5D2030
:101A60001B68B3FBF2F358430B4B2B439847002002
:101A70002570F8BD6FF07700FBE76FF08B00F8E79B
:101A80002804002000200E5000210E50B0210E50DE
:101A900040420F00CC08002040B2010038B5244B72
:101AA0000D46D3F8102594073CD4D3F8102542F006
:101AB0000202C3F81025C0B1D3F8482712F0010282
:101AC00002BFD3F8481741F00101C3F84817184B7B
:101AD000D3F84017D3F844174800F9D42AB9D3F8FB
:101AE000482722F00102C3F84827124B124A1B680C
:101AF000B3FBF2F30E4A03EB4313B3B1D2F8401732
:101B0000D2F8441749000BD44FF0FF312846FFF7B5
:101B1000EDFE044610B92878FFF7D2FE204638BD06
:101B2000013BEAE76FF07704F8E76FF07304F5E73D
:101B300000200E50CC08002040420F002DE9F04755
:101B4000DFF89C9067234E4656F8044F0025E44387
:101B50004FF00108234F04F06704C7F82833E9B2B7
:101B6000E4B9E420FBF7D4FA1E4BD3F8482722F05F
:101B70000102C3F84827D3F8102522F00102C3F868
:101B80001025D3F8102522F00202C3F810250122F7
:101B90005A669A6689F80040BDE8F087D9F808309F
:101BA00008FA05FA0AEA030313F0670F02D00846A1
:101BB000FFF790FED9F80430DB4303F0670313EA24
:101BC0000A0F09D0002207EB0513C3F82C25E30701
:101BD00002D5304606F035FF64080135BFE700BF87
:101BE0002804002000200E5070B51E461546174AE6
:101BF0009DF81010131893F854300C3302EBC30403
:101C000042F833506660C6F313020401A1B104F137
:101C1000A04404F56224C4F82055C4F824250C4CD3
:101C200080000444236833B1FFF784FEA842B14129
:101C300001D20023236070BD04F1A04303F56223A9
:101C4000C3F82055C3F82425F5E700BF2804002079
:101C500000210E50F0B50E4D2B1893F854300001B2
:101C60000C3355F8334005EBC3077E68641800F168
:101C7000A04021F0004146F1000641EAC27100F5A2
:101C8000622045F833407E60C0F82815F0BD00BFE3
:101C900028040020F7B5284B284CD3F82C6304F116
:101CA00088070EB903B0F0BD96FAA6F00123B0FA8A
:101CB00080F08340DA43224926EA0306231893F88A
:101CC0005450830019440C2303FB0543DB6873B3B2
:101CD000D7E8EF3F03EA020CC7E8EECFBEF1000FF2
:101CE000F6D1C340DB0719D5020102F1A04202F58B
:101CF0006222D2F82435D2F82025D1F800C0BCF1F8
:101D0000000FCED04FF0000CC1F800C00C2101FB39
:101D1000054529690091E9688847C2E705F10C0388
:101D200004EBC30C54F83320DCF80430E5E70A6810
:101D3000002AB6D00B60B4E700200E502804002023
:101D400000210E50044B40EA0120C3F80005D3F8EF
:101D50000024D207FBD5704700E00450036803F06D
:101D60001F027F2B02604FEA53129ABF024B53F8B7
:101D700022000020704700BF70B7010010B50B4B68
:101D800004680B4A0B48844208BF1346B3FBF1F0CA
:101D900001FB1033834206D2C30704D47E288CBFD4
:101DA0000020012010BD0020FCE700BF0024F4004B
:101DB0000020A10700D0045070B54B7F04460D46AB
:101DC0007BB101236426436000220221204607F0F4
:101DD000C0F820B9012006F018FE013EF4D100231E
:101DE0006B770023064AC4F80035D2F84023292A2D
:101DF00004D1044A944208BFC4F8043C70BD00BF3B
:101E000000C0FF0000D0045073B51646421C1C46AB
:101E10000546069B18D0012902D1BBB107F0D7F8BF
:101E200001A80195FFF79AFF019B240200EB8300B4
:101E3000D0F88020074B44EA86040C4313401C432F
:101E400044EA4101C0F8801002B070BD07F0CBF841
:101E5000E6E700BFF0F0FCFF431C07B50ED0019091
:101E600001A8FFF77BFF019B00EB8300D0F88020E7
:101E7000044B134043F00203C0F8803003B05DF818
:101E800004FB00BFF0F0FCFF2DE9F04F91F821308A
:101E900005460C4685B0002B00F0C58091F82270F5
:101EA0006F4A29686F4E70486369914208BF0646C1
:101EB000B6FBF3F66D4BD3F84033292B02BF95F8F0
:101EC000223043F0080385F8223094F8232095F857
:101ED000223062F3000385F82230227CDBB262F309
:101EE000410385F8223094F82380B8F1000F34D1F3
:101EF00062695F4B01219A4214BF4FF005094FF010
:101F00000F09237E4246012B94BF00230123009337
:101F100020684B46FFF778FFCDF800804B464246DD
:101F200001216068FFF770FFCDF800804B46414605
:101F3000A27EA068FFF768FF237C424683F001037E
:101F4000009301214B46E068FFF75EFF01210091FD
:101F50004B464246E069FFF757FF94F82130002BCB
:101F600063D04FF0FF336B62637E94F8211094F8D6
:101F70001280207E0393002961D0D4F80CC0217C0C
:101F800094F8249094F820E02B68B9F1000F12D156
:101F9000D4E901BAD4F81C902268C3F80026C3F82B
:101FA00004B6C3F808A6C3F80C96C3F810C6C3F865
:101FB000B815C3F8B075039AC3F8C085003A18BFC6
:101FC00001220228C3F82C653CD003283DD001280B
:101FD00001D142F00202C3F85425C3F8ACE5234B0B
:101FE000D3F84033292B14D1022E31D9237E13F09C
:101FF000FD0F2DD176080136F6B2BE4238BF3E46FF
:102000002B68C3F8B06595F8223043F0040385F8D7
:1020100022306B680BB32868C0F3083005B0BDE808
:10202000F04FFBF767B802273AE7E3686B62227C60
:1020300095F8223062F3410385F8223094E74FF09F
:10204000FF3C9DE742F00402C5E742F00602C2E70A
:1020500095F8223023F00403D9E705B0BDE8F08FEE
:1020600000D004500024F4000020A10700C0FF00AD
:102070000048E80138B504460068C0F30830FBF7B3
:1020800047F8636843B12146154A51F8043BC3F849
:1020900008232068FFF790FE2368D3F80006D3F8E2
:1020A0000416D3F8085694F82230DB0714D4FFF74F
:1020B000D3FE2846FFF7D0FE0846FFF7CDFE606A44
:1020C000FFF7CAFE2368D3F80C06D3F81016FFF703
:1020D000C3FE0846FFF7C0FE002384F8203038BD59
:1020E0000700F81FF0B590F8213005460E46174658
:1020F00085B0002B40F0B58043682BB112F0140F6F
:1021000004BF012380F8213005F1100496E80F0088
:1021100084E80F00686A431C05D095F822309C07BC
:1021200017D506F054FF33682C6823B103F06043E1
:10213000B3F1005F06D1B36873B103F06043B3F14C
:10214000005F09D000236FF00C0085F8213005B046
:10215000F0BD06F048FFE6E717F0010318BF0123C2
:10216000C4F84C3717F0020318BF01230020C4F84D
:102170001437D6E900C1D6E90223C4F83CC7C4F835
:102180004017C4F80427C4F80837C4F80801D4F885
:1021900008013548D0F84003292805D13348844246
:1021A00004BF0220C4F8040C0720C4F8000595F809
:1021B0002200000744BF8220C4F8800C95F822005A
:1021C00046070CD58220C4F8840C686838B100201A
:1021D000C4F80001D4F800010120C4F8040317F08A
:1021E000080605D14FF0010E6868C4F800E0F0B1B0
:1021F0006B686BBB95F82220100748BFC4F8803C81
:1022000095F82230590744BF0023C4F8843C686A1B
:10221000421C05D095F822309B0716D506F0E3FE48
:102220001EB92046291DFFF7C7FD00208FE7D4F80F
:1022300008010028FBD0CDE900C1CDE9022304212B
:102240006A46204606F085FED2E706F0C0FEE7E7C4
:10225000042317F0040F14BFC4F80833C4F8043380
:10226000E3E76FF00F0072E700C0FF0000D00450FA
:1022700070B5847B2CBB02687F2A02F01F034FEAF3
:1022800052111FD840F60C05104E56F82120104967
:1022900002EB8302D2F880300B402B43C2F880302F
:1022A00042687F2A02F01F034FEA52100AD856F8FC
:1022B000202002EB8302D2F880300B402B43C2F87F
:1022C000803070BD203354F82330FFDE80B701002A
:1022D000F0F0FCFF00210268094BC160C2F808332E
:1022E000D2F8003223F0FF5323F4BC53C2F800327B
:1022F0000123C2F8001580F8263080F828107047B6
:102300002264F81F00232DE9F04780F827304B683E
:1023100005460E461746046833B1CB6803F06043A8
:10232000B3F1005F40F042813378023B012B06D8C5
:10233000336903F06043B3F1005F40F037819D4B98
:10234000C4F8083395F8283003F0FF023BB16FF072
:102350000F08EB68C4F804334046BDE8F08707F087
:102360001403B3FA83F35B0985F82830337885F8D2
:102370002430737885F82530F3682B6173686B61BE
:102380003369AB61B3682F62EB61C7F3001385F863
:1023900029307378C4F88835C4F83821D4F8383136
:1023A000C4F82821D4F82831C4F81421D4F8143101
:1023B000C4F80421D4F8043117F0010318BF012335
:1023C000C4F84C3717F0020318BF0123C4F81437C0
:1023D0003378032B00F28180DFE803F05E764A0257
:1023E0004FF48073C4F80032D5E90423C4F83C27C5
:1023F000C4F84037012323654FF00061204606F002
:10240000C9FE0028F8D1D5E90623C4F83C27C4F852
:1024100040374FF48063EB604FF0000817F0080975
:1024200010D13378032B0DD0012B6A686CD1A362D5
:10243000002A55D073682BB96B68002B00F094808C
:10244000012363606B68002B00F08E80780744BF27
:102450000023EB6079065EBFEB6843F00203EB609C
:10246000EB6843F02003EB60EB68C4F8043373E7D8
:10247000D5E90423C4F83C27C4F84037D5E906233E
:10248000C4F80427C4F808374FF48453C4F8003262
:10249000012323610223BEE7B806D5E90423C4F86B
:1024A0003C27C4F840374BBF4FF480734FF40073A0
:1024B000C4F80032C4F800324CBF4FF480630223EA
:1024C000EB6001232361A7E7D5E90423C4F80427BF
:1024D000C4F808374FF48053D8E76FF015089DE72C
:1024E0006A6902B963604FF0010A40F2024940F2A2
:1024F0002241204606F04EFE810601D5C4F804A014
:1025000010EA090FF3D095E701232365002A91D142
:102510006A693AB340F2024A19EA0A0F8AD140F2D4
:102520002241204606F036FE10F0200F8146F3D0FF
:102530004FF48041204606F02DFED4F8003208B159
:102540009A0505D401222261626040B14FF0000972
:10255000DB05E1D54FF48061204606F01BFE4FF00D
:102560000009D9E76360D5E70022D4F8C434C4F881
:10257000C43485F828206BB19A0756BF03F00108D0
:102580006FF00D08A8F18C0813F0040F18BF6FF05E
:102590000A08E1E67B063FF5DFAE2046291D06F07E
:1025A000B7FD002808BF6FF08B08D5E66FF00C0868
:1025B000D2E600BF2264F81F70B50568022186B01C
:1025C0000446284606F0E6FD20210646284606F089
:1025D000E1FDD0B1D6B9E3684FF48041C5F80833C6
:1025E0000223E360E3682846C5F8043306F0D2FD11
:1025F00018B1D5F800329B0502D401232B616B6022
:10260000012384F8273006B070BD8EB3236A5E06BE
:102610000AD494F827303BB92846211D06F078FDEE
:1026200080F0010084F82700236A13F0040337D1F7
:10263000C5F83831D5F83821C5F83431D5F83431FA
:1026400094F8293013B194F82730F3B10023012214
:10265000C5F80032E3602E4BC5F30431C5F80833EA
:102660008A40C5F343432B49603341F823200CE0F3
:102670004FF48061284606F08DFD94F82430002B3D
:102680002FD194F82930002BE1D0A38CADF8043081
:102690002369049363690293A3690593E369039330
:1026A000D5F8C4349807C5F8C4342AD459072AD4B5
:1026B000DA072AD494F827309B00DBB28DF800307B
:1026C00094F829300BB984F82830236A5B0703D5C6
:1026D00094F82730002B96D0D4E90131684698470A
:1026E00091E74FF40073C5F800322223E360084BF2
:1026F000C5F80833E368C5F8043301232B652B6163
:1027000081E70123DAE70223D8E70323D6E700BFF6
:102710002264F81F00E100E0036803F01F027F2B32
:1027200002604FEA53129ABF024B53F82200002076
:10273000704700BF90B70100F7B5064606F096FD5A
:10274000084606F093FD01A80196FFF7E5FF40F665
:102750000D050C46019B2C4900EB8300D0F880301E
:1027600001940B402B43C0F8803001A8FFF7D4FF41
:10277000019B012700EB8300D0F880300B402B43F6
:10278000C0F88030042006F040F9092501A8019422
:10279000FFF7C2FF019AC368D340DB0714D401A836
:1027A0000196FFF7B9FF019B013D07FA03F3836030
:1027B000042006F02AF9304606F058FD042006F001
:1027C00024F915F0FF05E1D101A80194FFF7A4FF5A
:1027D0000123019A93408360042006F016F92046F5
:1027E00006F044FD042006F010F901A80194FFF75B
:1027F00093FF019AC368D34013F0010F0CBF6FF031
:102800008B00002003B0F0BDF0F0FCFF38B5EFF313
:102810001185402383F31288BFF36F8F064B9C68AA
:1028200006F06DFD85F31188BFF36F8F2046BDE87C
:102830003840FAF70FBD00BF3C21002038B50A4BE5
:1028400053F82040013053F82050A54200D838BD3D
:10285000606830B1037EDB0701D406F017FD083451
:10286000F3E723689847FAE7A0B70100012270B5A3
:10287000294B86B003201A70FFF7E0FF07F045F9F7
:102880000420FFF7DBFF254C254D2646AE4204F120
:1028900030040FD300F01CFE204CAC4226D300F0D5
:1028A0002BFEF8F789FC1F4A938923F001039381DB
:1028B00006B070BD54F80C3C059354F8103C0493DA
:1028C00054F8143C039354F8183C029354F81C3CFD
:1028D000019354F8203C009354E90A2354E90C0175
:1028E00000F002FC54F8303C5E65CEE7D4E90A23E0
:1028F000B3F1FF3F08BFB2F1FF3F05D052EA030139
:10290000206803D106F078FF3034C6E70649183056
:1029100001F006F8F8E700BFCB25002094AD0100D8
:1029200094AD0100C81B002035970100882370B5C5
:10293000134E012203FB0066002386B0CDE9042379
:102940000F220193CDE9023214234FF4A0720D4DF2
:102950000D4903FB0055044602FB00110B4B3046AA
:10296000009500F0C1FB337C2C7423F00403337416
:10297000074B013403EBC423EE606B6006B070BDFF
:10298000401B00203C210020583D00204D930100B9
:10299000583500207FB50020FFF750FF284B03F586
:1029A000006282F3088883F30A88E023254C00251F
:1029B00084F822302023E37725766576A57684F89F
:1029C0002050636A43F4E023636284F82350FAF7EB
:1029D000FDFAFAF729FC4FF0FF33A362E362FAF73E
:1029E00009FEFAF7A3FC184800F0E8FB0120FFF706
:1029F00025FF0220154CFFF721FF00F0A7FD144B27
:102A00004FF480525C61134B134905930123204618
:102A1000CDE90353CDE90155104B009500F064FB5F
:102A20000646237C204623F00403237406F05FFE51
:102A30002846FFF77BFF31462046084AFAF7D4FBC9
:102A40005835002000ED00E0501C0020C81B00207D
:102A50003C210020D2BE0100983E00206D280100DC
:102A600038B5064C064DAC4201D3002038BD204697
:102A7000D4E9011206F046FC1434F4E7A009002062
:102A8000A00900202DE9F341044617461E46EFF346
:102A90001188402383F31288BFF36F8F304BC268D5
:102AA0009B6872B18068984217D057EA060216D127
:102AB00088F31188BFF36F8F6FF00F0002B0BDE88D
:102AC000F08193F90E1001322161C4E9023288F3DA
:102AD0001188BFF36F8F0020F0E72169F3E793F9C6
:102AE0000E1090F90E30994230DA9942A8BF19467B
:102AF00006F037FC054622464146CDE900761948E6
:102B000000F044FC0028E6D0EFF31186402383F365
:102B10001288BFF36F8FA068D0B1236821699C42EF
:102B20000AD04BB193F90E309942A8BF19466FF005
:102B30007F039942B8BF194606F013FC40B13146F5
:102B4000084806F007FE6FF00A00B7E70025D2E755
:102B5000002DF4D186F31188BFF36F8FF3E700BF28
:102B60003C210020CC250020F8B583680546002BC9
:102B700040D0234A926893423FD1C368012B03D9C6
:102B8000013BC3600020F8BDEFF31187402383F3BE
:102B90001288BFF36F8F0169806806F0E2FB2C6832
:102BA000A54207D10023C5E9023387F31188BFF39B
:102BB0006F8FE7E7002CF5D0D4E9003200261360D0
:102BC0005A60237CC4E9006623F002032374A660E4
:102BD00004F1180006F09EFEAC6094F90E30204619
:102BE0002B61C4F8806006F082FD3946054806F086
:102BF000B1FDC7E76FF01500C5E74FF0FF30C2E742
:102C00003C210020CC25002037B51146EFF311857B
:102C1000402282F31288BFF36F8F04689CB123684F
:102C2000426823F003039442036008BF436001211C
:102C3000204606F01AFC044685F31188BFF36F8F17
:102C4000204603B030BD51EA0302F5D000F108027E
:102C5000CDE900131046294600F098FB0028EFD17B
:102C6000014B9B685C69EBE73C21002070B5EFF3FA
:102C70001186402383F31288BFF36F8F0468A0424C
:102C80001BD0D4B1D4E90032002513605A60237CF4
:102C9000C4E9005523F002032374A56004F1180071
:102CA00006F038FE2046C4F8805006F020FD31467C
:102CB000BDE87040064806F04DBDD0E902329A42A8
:102CC00018BF0133836086F31188BFF36F8F70BD27
:102CD000CC25002013B5EFF31181402484F3128832
:102CE000BFF36F8F846844B1013C846081F3118825
:102CF000BFF36F8F002002B010BD52EA030406D16B
:102D000081F31188BFF36F8F6FF00F00F3E7CDE908
:102D100000230246014800F039FBECE7CC250020F7
:102D200070B50546EFF31186402383F31288BFF395
:102D30006F8F00232C68A54219D0C4B1D4E90032AA
:102D400013605A600023227CC4E9003322F002029F
:102D50002274A36004F1180006F0DCFD6FF00A0392
:102D60002046C4F8803006F0C2FC0123E2E70022CE
:102D7000AA6023B986F31188BFF36F8F70BD314607
:102D8000BDE87040014806F0E5BC00BFCC2500203E
:102D90002DE9FF4104464027534EEFF3118887F396
:102DA0001288BFF36F8FD4F88C50F5B9022104F16B
:102DB000A40006F08FFB002870D004F19C050022CF
:102DC0000121284606F038FD0028F8D100234FF0F5
:102DD000FF3202934FF0FF334146CDE900234348D1
:102DE00004F1940200F0DCFCD7E7D4F890202B68C3
:102DF0009542C4F88C3008BFC4F89030D4F8A430A1
:102E000043F00203C4F8A430EB6823F0040343F05A
:102E10000103EB606B6888F31188BFF36F8F28465E
:102E20009847EFF3118887F31288BFF36F8FEB6831
:102E3000D80623F001023ED4EA60EB689A0717D562
:102E4000306823F00203EB6090B10021036878B191
:102E5000426895423DD10368002934D172683360DD
:102E6000904200D17360002340F8083BFFF7FEFE5C
:102E7000D4F8A43023F00203C4F8A430DB0530D426
:102E8000D4F88C30003B18BF012388F31188BFF3BE
:102E90006F8F002B81D000F061FB7EE7D4F8A43067
:102EA000D90693D5C4F8A40088F31188BFF36F8FB7
:102EB00004B0BDE8F08123F01103EB6005F11000D0
:102EC000FFF7D4FEB9E70B607368984208BF7160E2
:102ED000C9E701461BB11A6818461346B7E71A46F8
:102EE000FAE70023D1E700BF5C210020CC250020B9
:102EF000F8B5C36804469A070E46C3F3400542D4AA
:102F00005F0742D40B680BB983680B60E368D8078E
:102F100042BFA36802253360376858BF012557B305
:102F20001B4B9A68D7F888309A421ED106F09EFB58
:102F300080F00100C0B2D7F8A430D907C3F38002F3
:102F40001CD5F2B1F8B100232360D7F8903073B9E3
:102F5000C7E92344384606F0D7FAE36843F0040390
:102F6000E3603368A3602846F8BD0020E3E71C60F7
:102F7000C7F89040EEE76FF0150506E06FF0120518
:102F800003E01B07DFD56FF00F0500233360EAE78E
:102F90003C2100200146014806F033BBF81C00200C
:102FA000F0B50446002089B00E9DC4E9230004F169
:102FB0009400C4E9250004F19C00C4E9270055B33E
:102FC0002879002840F2011008BF0120C4F8A400AD
:102FD00000204FF0FF364FF0FF37CDE90330CDE949
:102FE0000100CDE9066720460C4B009400F0BAF8CA
:102FF00055B1296811B1204606F03EFB6B791BB133
:10300000A38943F00103A381204606F0F5FBC4F831
:10301000884009B0F0BD0120D8E700BF912D010024
:1030200037B501900846EFF31184402181F31288EF
:10303000BFF36F8FC16811F01E0F16D153EA02055E
:1030400008D101A9FFF754FF84F31188BFF36F8FF4
:1030500003B030BD41F00801C160019910308161B9
:10306000034900F05DFC0120EEE70020ECE700BF23
:103070007D95010001460148FFF7D2BFF81C0020F2
:10308000F7B50C4616461D460190EFF31187402315
:1030900083F31288BFF36F8F084606F026FA55EACD
:1030A000060309D1204601A9FFF722FF87F3118803
:1030B000BFF36F8F03B0F0BDE368324643F00803FF
:1030C000E360019B0449A36204F110002B4600F069
:1030D00027FC0120EAE700BF7D9501000146014879
:1030E000FFF7CEBFF81C00202DE9F043984685B0CD
:1030F00000F15803C0E91633109B00268381042396
:10310000073222F0070503740F9B01EB05090F46F8
:1031100083734946C0E906668660C6730446F9F7BC
:1031200001FE0E9B073020F007002067C4E91A75E6
:1031300002930D9BA9EB000901930C9B4A46009357
:10314000394643462046FAF733F8054B66659B68D7
:1031500003B15B6F4846636705B0BDE8F08300BF0D
:103160003C210020F0B5002587B00595109DDDE9D4
:10317000127604950F9D044603950E9D02950D9DB4
:1031800001950C9D0095FFF7AFFFB6F1FF3F08BF1B
:10319000B7F1FF3F05D056EA070305D1204606F0F8
:1031A0002BFB204607B0F0BD3A46334604F1180029
:1031B000014900F0B5FBF4E73597010001230374E2
:1031C00083810023C0E91A334367014B986070473D
:1031D0003C2100206FF00A01094A9368C3F880106F
:1031E0000849D8674B6843F080534B60002383F352
:1031F0001188BFF36F8F9368D3F88000704700BFCA
:103200003C21002000ED00E070B590F91020037C17
:10321000002A2FDBD9062DD11A4C63F07F032246FA
:10322000037452F8183FE169934207D1C0E90021C5
:103230000860E0610FE09942F8D01B68002BF5D0E0
:1032400093F90E6090F90E50AE42F4DD5968C0E972
:10325000003108605860A569954200D005B9E5685D
:10326000A3681A7CD20606D1DA897F2A03D9AA6913
:103270000AB9636170BDAB4202D0284600F0D2FAB1
:103280006561F7E73C21002038B590F91020014630
:10329000002A037C04DA03F07F03037406F0EFF9DD
:1032A0000D4D2A4652F8184FAB68944200D004B92D
:1032B000EC688B4207D01A7CD20604D1DA897F2AC7
:1032C00001D9A2692AB1A34202D0204600F0AAFA8D
:1032D00023466B6138BD00BF3C210020B3F1FF3FA6
:1032E00008BFB2F1FF3F03D00249183000F018BB0D
:1032F000704700BF35970100034648B9EFF30582D8
:1033000032B9064A51699268914201D0FFF762BF13
:1033100083F31188BFF36F8F704700BF3C210020FB
:1033200038B5184CA168E0690B68814214BF1A4691
:10333000002249680B605960A368E1692AB9124A02
:10334000C3E900210B60E3610AE092F90E5093F9A2
:103350000E00854212DD5168C3E900210B60536005
:10336000A569094B9D4200D005B9E568A3689D4257
:1033700002D0284600F056FA656138BD8A42DED098
:103380001268DBE73C21002054210020F8B5DDE97C
:1033900006670D4B0C46986811460C4A1060EFF317
:1033A0001182402282F31288BFF36F8F9D682846F6
:1033B00006F077F9284632463B46FFF78FFF204656
:1033C000BDE8F840FFF706BF3C2100206421002043
:1033D000F8B50446EFF31187402383F31288BFF357
:1033E0006F8F037C49B203F01F02002A0CBF012635
:1033F000002635D103F07F032A4D037406F03FF910
:103400002A46037C817363F07F03037452F8183FEC
:10341000E869934207D1C4E900200460EC610DE043
:103420009842F8D01B68002BF5D093F90EC08C455C
:10343000F6DD5968C4E900310C605C60AC69944207
:1034400000D004B9EC68AB689C4202D0204600F082
:10345000E9F96C6187F31188BFF36F8F3046F8BDCF
:103460009B071CD5856806F00AF981732B689D427D
:1034700009D16B68C4E900531C606C60EAE76A68B4
:103480009A42F6D01B68002BF3D093F90E208A42A3
:10349000F5DD5A68C4E9003214605C60DAE78173D4
:1034A000D8E700BF3C210020034648B9EFF305826E
:1034B00032B9064A51699268914201D0FFF78ABE3B
:1034C00083F31188BFF36F8F704700BF3C2100204A
:1034D000EFF31181402383F31288BFF36F8F054B05
:1034E0009A68D37B013BD37381F31188BFF36F8F4D
:1034F000704700BF3C21002070B5EFF311864023D8
:1035000083F31288BFF36F8F0F4DAB68DA7B013204
:10351000DA732A4652F8184F944200D004B9EC6886
:103520001A7CD20604D1DA897F2A01D9A2692AB18C
:103530009C4202D0204600F075F923466B6130466C
:10354000BDE87040FFF7D8BE3C210020024B03F1DC
:103550001802C3E9062270473C21002070B5EFF342
:103560001186402383F31288BFF36F8F1A4CA16832
:10357000E0690B68814214BF1A46002249680B605B
:103580005960A368E1692AB9144AC3E900210B60B4
:10359000E3610AE092F90E5093F90E00854216DDC0
:1035A0005168C3E900210B605360A5690B4B9D4234
:1035B00000D005B9E568A3689D4202D0284600F016
:1035C00031F965613046BDE87040FFF703BE8A42BD
:1035D000DAD01268D7E700BF3C2100205421002038
:1035E000F8B550EA010306460C4603D1FFF7B6FFD3
:1035F0000020F8BDEFF31187402383F31288BFF357
:103600006F8F124D124BA8681860FFF73DFEA86837
:10361000234632460F49183000F082F9AA68044662
:10362000137C384643F004031374FFF7D3FDAB68F3
:10363000D3E90A23B3F1004F08BF002AD8D106F01E
:103640009EF9201A20EAE070D3E700BF3C21002059
:103650006421002035970100014B9868704700BF36
:103660003C2100202DE9F84304468789EFF31186B9
:10367000402383F31288BFF36F8F037C190705D5AE
:1036800086F31188BFF36F8FBDE8F883D90943F043
:1036900008026FD10274A36813B1204605F0F7FF4A
:1036A00004F1180006F036F9A56D04F15808A84594
:1036B00011D04FF0000975B1284605F0E8FF05F17B
:1036C000180006F027F92846C5F88090FFF79CFD02
:1036D000A56DA845EFD1DFF8BC80D8F808309C4232
:1036E00050D1EFF30589B9F1000918BF4FF0010976
:1036F000D8F81850284A954200D00DB9D8F80C5087
:10370000AB4202D0284600F08DF82046C8F814508D
:1037100002F080FCB9F1000F02D02048FFF74EFD07
:10372000D8F808309C4230D1EFF305836BBBA289F7
:10373000D20711D586F31188BFF36F8F83F31188F9
:10374000BFF36F8F0423184602DFEFF31186402387
:1037500083F31288BFF36F8F3046FFF73BFDFB0703
:1037600092D5002383F31188BFF36F8F042318468B
:1037700002DF89E703F07F0343F00803037405F0D9
:103780007EFF88E74FF00009B2E786F31188BFF3A8
:103790006F8FE4E73C21002054210020501C0020C2
:1037A000D3B5DDE90667089CCDE90067FFF7EEFDBC
:1037B0001CB1034B9B685B69236002B0D0BD00BFA6
:1037C0003C210020027C034612F01F0210D10A495E
:1037D00088420DD00949086868B1D9897F2909D87C
:1037E00093F90E20064B1B689A42B8BF0020704721
:1037F0000020704710467047401B0020D80800206A
:10380000682100200122044BC01A044BC010584309
:10381000034B1A54704700BFD81C0020ABAAAAAAB9
:10382000CC25002070B50C4B0C4D1E7CFFF7CAFF59
:10383000182303FB06550446284606F06BF80022C1
:10384000074B9A553CB1621E2846BDE870400549B9
:10385000D31700F065B870BD3C210020D81C0020B3
:10386000CC2500200538010038B5EFF31185402341
:1038700083F31288BFF36F8F0F4B104A9C68106858
:10388000A04206D1FFF7CEFF85F31188BFF36F8FFB
:1038900038BD00211B7C1160094AD35C002BF3D09A
:1038A0002046FFF78FFF0028EED0237CDB0601D1F6
:1038B000FFF736FD2046E5E73C210020642100208B
:1038C000CC250020024B1868984208BF00207047A2
:1038D000DC080020034B1B680BB9FCF7A1BF0020DC
:1038E000704700BF6C21002030B570B10B4B5B6896
:1038F00098420AD0036843B1D3E90421D0E90445D2
:10390000121941EB0501C3E90421D0E9003213602B
:103910005A600023C0E9003330BD00BFDC0800203E
:10392000B3F1FF3F08BFB2F1FF3F2DE9F84F044666
:10393000994615461F467AD08160EFF311884023DF
:1039400083F31288BFF36F8FB9F1000FDFF8E4A0A3
:1039500020DBFFF7BFFFDAE90027013549F1000955
:103960002D1849EBE07306464FF00109C4E90453F2
:10397000AD1843EB0707FFF7A5FF0346DFF8B8E0F4
:10398000DEF804A0EBB9C4E900EACAF80040CEF8BA
:10399000044028E06FF00103DAE900125B1A4FF0EF
:1039A000FF3161EB02025B1B62EB0902012B72F13A
:1039B0000001BCBF012300224FF00009C0E904321E
:1039C000D9E7D3E9041CD4E904208A4270EB0C0B3C
:1039D00024DA891A5A686CEB0000C3E90410C4E9C0
:1039E000003214605C60FFF76DFF84420ED1134B10
:1039F0001B685BB9B9F1000F02D1FFF76BFF0646F8
:103A0000304605F070FF0021FCF73AFF88F311887B
:103A1000BFF36F8F28463946BDE8F88F521A60EB26
:103A20000C005345C4E90420ADD01B68AAE700256B
:103A30002F46EFE7F01C0020DC0800206C2100205E
:103A40002DE9F047DFF8A8900246C9F800000D46BE
:103A5000FFF738FF00260027DFF898804FEAE27E64
:103A6000D8E9001350B1D0E9044CA2427EEB0C0A15
:103A70001ADAA41A6CEB0E06C0E9044600245218A8
:103A800043EB0E032046C8E90023C9F8004005F0C7
:103A90002AFF2146FCF7F4FE85F31188BFF36F8FF0
:103AA000BDE8F047FFF7E0BE611843EBE473C0E9FF
:103AB0000467C8E90013FFF717FF01224FF0004326
:103AC000C0E9042385F31188BFF36F8F836898479B
:103AD000EFF31185402383F31288BFF36F8FD9F87A
:103AE0000020121BC9F80020FFF7ECFEB6E700BF6C
:103AF0006C210020F01C002010B5EFF3118440234E
:103B000083F31288BFF36F8FFFF7E4FE0346054A85
:103B1000D2E90001181841EBE37184F31188BFF377
:103B20006F8F10BDF01C002073B50446EFF31186B3
:103B3000402383F31288BFF36F8F8368594003EAF1
:103B400002050A4053400022009309496B46019246
:103B500005F095FEDDE9003223EA020304F10C00D2
:103B60003146A36005F0F6FD284602B070BD00BFE7
:103B70009D9A0100F8B507460C46164605F076FDFD
:103B800008B10020F8BD0D4B9B685D6F002DF8D08B
:103B9000221DF6D2EFF31184402383F31288BFF382
:103BA0006F8F284647F00401B04784F31188BFF3B4
:103BB0006F8F0028E5D040F8045BE3E73C2100204C
:103BC0000146024A0020FFF7D5BF00BF8F58010011
:103BD00007B5074B4FF40062009306494FF0FF33DF
:103BE0000548FFF7DDF9002003B05DF804FB00BFD6
:103BF000B8B70100984E0020F81C002038B50C4CD6
:103C00000C4805F0B7FF65780A4805F0B9FF0A4887
:103C100005F0B0FF022D08D12478E31F5C425C411F
:103C2000054805F0ADFF204638BD0024F8E700BF89
:103C300070210020E4080020FC08002038B504466C
:103C40000D46FFF7DBFF30B12A462146BDE838407C
:103C5000024805F089BF6FF0880038BD742100204C
:103C600010B51B4C1B4805F085FF2378590744BF4E
:103C700003F0FB0323709A0705D500F0B1F8237811
:103C800023F002032370134805F07AFF124805F071
:103C900071FF637813B1114805F069FF0023042117
:103CA0000E48637000F0B6F80B4805F069FF09484C
:103CB00005F060FF2378DB0705D505F051FF237879
:103CC00023F0010323700348BDE8104005F058BFFE
:103CD00070210020FC080020E4080020742100204E
:103CE00070B5FFF78BFF10B10024204670BD34483B
:103CF00005F040FF044620B16FF08F04FFF7B0FFDE
:103D0000F3E7304D2B789E0706D400F061F80446A7
:103D10002B7843F002032B70294805F031FF10B1D6
:103D2000002CE9D0EAE7002CE8D1254805F022FF75
:103D300004460028E0D12B78D80706D405F00EFF02
:103D400004462B7843F001032B701D4805F018FF43
:103D50000028E5D1002CD1D1194805F00BFF00282F
:103D6000CAD117482E7805F00BFF0028C4D1164899
:103D700005F000FF04460028BED16B783BB9F1077F
:103D800005D5124805F0EDFE022304466B700E487F
:103D900005F0F6FE0028C3D1002CAFD1084805F08D
:103DA000E9FE0028A8D12B7805485A075CBF43F0EC
:103DB00004032B7005F0E4FE002895D09CE700BFBB
:103DC000FC08002070210020E4080020742100205D
:103DD0000122024B002083F8C02270477821002086
:103DE0002DE9F0410A4C002526464FF00108032733
:103DF0002046C4F820802777013505F092FE102D6B
:103E000004F12C04F4D1002386F8C032BDE8F0811F
:103E10007821002010B50A46044619B1024B002152
:103E20001B68984710BD00BFC4B7010010B50D4C0A
:103E3000206806F023F80C4A1368591C11605BB91E
:103E40000A4A5920D2F8003443F00703C2F800347C
:103E5000F9F750F900F052FC2068BDE8104006F078
:103E600013B800BF180900203C2400200090055022
:103E700038B5164D286806F001F8154B1C68013C52
:103E80001C60ECB95920F9F743F90722114BC3F82C
:103E90000823D3F8002422F00702C3F80024C3F853
:103EA0000041D3F80021C3F80441D3F804214FF0B6
:103EB0000072C3F80841D3F80831074BC3F88821D2
:103EC0002868BDE8384005F0DFBF00BF18090020B2
:103ED0003C2400200090055000E100E070B5104D3A
:103EE000104E2B68B34219D0FFF7A0FF00F056FD2B
:103EF00000F0E8FD38B105F045FE0446FFF7B8FFD5
:103F00003CB92E6005E000F007FB044618B1FFF74E
:103F1000AFFF204670BD05F01AFFEEE70024F8E77A
:103F200014090020117365000022074BC3F810210B
:103F3000C3F80C21C3F80021C3F80421C3F80821F9
:103F4000C3F81821704700BF0090045008B5FFF770
:103F5000EBFF01230360104B0A6832B9D3F80C2140
:103F60001AB9D3F80821002AF6D00B687BB90B4B9D
:103F700099420ED0A3F58473D3F80831002B14BFF7
:103F80006FF002004FF0FF30FFF7CEFF08BD0020BA
:103F9000FAE74FF0FF30F7E7009004500891045023
:103FA00038B505460C4691B10021012004F0BAFF56
:103FB00008480949C0F80055C0F80445FFF7C6FF96
:103FC00000210446084604F0ADFF204638BD6FF0DE
:103FD0000104FAE70090045000910450034B044997
:103FE000C3F800050348FFF7B1BF00BF00900450BD
:103FF000049104500490045010B50446002101209F
:1040000004F090FF064B0749C3F800450648FFF748
:104010009DFF00210446084604F084FF204610BDA1
:1040200000900450089104500890045038B50C4694
:1040300059B1074D0749C5F800050748FFF786FF46
:1040400010B9D5F80835236038BD6FF00100FBE7E3
:1040500000900450109104500C90045000212DE960
:10406000F043064695B0084600F028FC0DF1270500
:10407000044625F01F0520B115B0BDE8F04305F05A
:1040800081BD4FF01009DFF88080012210211F4808
:1040900005F0E4FD1D4A2B19009320211023CDF8D3
:1040A0000490A2F1200000F075FA074650B10020FC
:1040B00000F02EFC384605F065FD0746384615B081
:1040C000BDE8F083D8E90C321034013342F100022C
:1040D000302CC8E90C32D8D100F01AFC26B12246A7
:1040E0003146284605F0ADFD2E46074C0FCE0FC4D5
:1040F00096E80F00203584E80F0095E80F00103493
:1041000084E80F00DAE700BFA01D0020C01D0020DA
:10411000F0B5194D194FAB6B8DB0BB4229D0184E7D
:10412000306805F0ABFE402300221946284605F012
:10413000C2FE3021684605F0A5FD044678B9684600
:10414000FFF78CFF044690B93023024619466846B3
:1041500005F0B1FE01220023C5E90C23AF633068EE
:1041600005F092FE204605F00DFD0DB0F0BD0E24C9
:10417000F5E70020F9E700BFA01D0020B4A5B4A515
:104180001C0900202DE9F04F99B00DF1570902F1FB
:104190000F0A04468846154629F01F094FEA1A1AE5
:1041A00032B1002900F08780B2F5005F00F2838011
:1041B000424F434E386805F061FED6E90C32134396
:1041C00008D12046FFF7A4FF044618B1386805F06F
:1041D0005BFE5CE0D6E90C231AEB020A43F1000314
:1041E000BAF5803F73F1000314D3302102A805F023
:1041F00049FDF8B902A8FFF731FF04460028E5D1D0
:1042000030230246194602A805F055FE002200237D
:10421000C6E90C230021084600F050FB044660B9B3
:1042200010249DB9284600F073FB2846FFF716FFBF
:104230000446CBE76FF09204C8E7386805F024FE27
:10424000204619B0BDE8F04F05F09CBC102D4FF092
:1042500001024FF010011B48AB4628BF4FF0100B76
:1042600005F0FCFC174A10232021CDE90094A2F1AF
:10427000200000F08FF9824668B1002000F048FB72
:10428000386805F001FE504605F07CFC04462046E7
:1042900019B0BDE8F08F5A464046494605F022FE67
:1042A000D6E90C32013342F10002C6E90C32A5EB2B
:1042B0000B05D844B5E76FF08604E8E71C09002039
:1042C000A01D0020C01D00202DE9F04F89B01C4624
:1042D00007460D46164605F017FD0346002840F038
:1042E000F8807A690090C2F3013161F305138DF80B
:1042F000003013F0300308D1B868800710D06FF099
:104300008608404609B0BDE8F08F102B08D1BDF8F3
:10431000023023F4F87343F4A873ADF8023053E08D
:10432000D2B2F82A2ED100224FF0010B904610464F
:104330009446D7F808E0DFF8D09159F804AB1EEAAC
:104340000A0F08D00BFA0CF242EA080202F07F08CA
:10435000012240EA0A000CF1010CBCF1070FECD17C
:104360002AB19DF8032068F347028DF803203EEA46
:10437000000007D17A88FF2A0FD006D8802A35D0CE
:10438000C02A35D06FF08508BBE7B2F5807F31D009
:10439000B2F5C07FF6D1062200E003229DF80200AC
:1043A00062F306108DF8020013B91EF0030FA6D1B8
:1043B0003B79022B2BD01FD8012BA0D1BDF80220B6
:1043C00063F3C812ADF80220012938D0032923D0A5
:1043D000002994D13B88B3F5105FD3D1182C03D0BA
:1043E000202C01D0102C8AD1484F2CE00122D5E797
:1043F0000222D3E70422D1E7032B02D0FF2B7FF464
:104400007EAF0222BDF8023062F3C81385E7BDF823
:10441000023043F4C07380E7202C05D006D8102C5E
:1044200002D0182C7FF46BAF394F0CE024F020033E
:10443000412B01D0302CF5E70136013CF4E7302C5C
:104440007FF45DAF334F4FF000080F344FEA14197B
:1044500005EB080005F00CFC002852D008F101081B
:10446000C145F5D11F2C2ED11C22002101A805F039
:1044700046FD4FF0000B4FF0FF3A07EB0B124FEAEF
:104480000B130692BBF1000F26D1009A0792BDF8DC
:1044900002203344C2F3C11205920DF1040C03F162
:1044A000100E624618685968083303C27345944673
:1044B000F7D101A905EB0B00FFF772FD804670B143
:1044C00005F022FC05E04946284605F005FC0028D9
:1044D000CAD06FF0920814E7CDF81CA0D7E71C21D2
:1044E00001A80BF1010B05F0F1FCD945C5D11F2C3A
:1044F0003FF407AFBA20FFF77FFD00283FF401AF7C
:10450000E7E76FF08A08FCE6C8B7010000FF072064
:10451000000000201094055010B590B01C2200211E
:1045200001A805F0ECFCF82005F0A2FB00B3202266
:1045300000200DEB0201FFF725FE0446F0B94FF411
:104540008071104A104B01A8CDE901230F4BCDE932
:1045500003130F4BF821069320230DEB0302FFF703
:10456000B3FE202104460DEB010005F0AFFC05E091
:10457000F92005F07DFB0028D9D10446204610B073
:1045800010BD00BF00240001014B4E800010C0048C
:10459000F800FF7F37B54FF480740194214C41F04F
:1045A0000051A16140F6110143F00053A3622123A1
:1045B000E16104F12001616101212262E362069A56
:1045C000194B01AD1A60079A256042F0005211257F
:1045D000C3E901122022DFF854C02061C4E902C5FA
:1045E00004F1100565606162DA60BFF35F8F104A05
:1045F0001460BFF35F8FBFF35F8F1361BFF35F8FF3
:10460000BFF35F8F03235363BFF35F8FBFF35F8FEE
:104610009363BFF35F8F00F033F8431CFBD003B00C
:1046200030BD00BF502400204024002004000020A2
:104630000000015038B5BFF35F8F104CE569BFF340
:104640005F8FBFF35F8F10236363BFF35F8F012022
:1046500005F02FFCBFF35F8F00236363BFF35F8F11
:10466000BFF35F8FE36BBFF35F8F5B06F8D425B1B9
:10467000BFF35F8FE561BFF35F8F38BD000001506E
:1046800008B500F09FF9104A20B9BFF35F8F906A18
:10469000BFF35F8FBFF35F8FD36BBFF35F8F10F0FC
:1046A000240F03F0230304D0FFF7C4FF6FF01F00B3
:1046B00008BD4FF0FF30002BFAD1BFF35F8F1063BE
:1046C000BFF35F8F1846F3E700000150BFF35F8F21
:1046D000094A1368BFF35F8F43F48071BFF35F8FA4
:1046E0001160BFF35F8F23F48073BFF35F8F13609C
:1046F000BFF35F8F704700BF00100150BFF35F8FA3
:104700001522064B5A62BFF35F8FBFF35F8F40F2F3
:1047100037129A62BFF35F8F704700BF00100150DD
:1047200008B5FFF7D3FFBFF35F8F064A1368BFF3E7
:104730005F8F43F00103BFF35F8F1360BFF35F8FA1
:1047400008BD00BF0010015070B50026C0E900662A
:1047500005460C46FFF76AFB01232B70FFF7B6FFF7
:10476000BFF35F8F204BDB68BFF35F8F9B08013B7C
:10477000ACB3226842B19A4205D9FFF779FB6FF0DA
:104780003F002E7070BD1346D4E90115E068002982
:1047900008BF4FF40071002808BFF1202469BFF35F
:1047A0005F8F114A9360BFF35F8FBFF35F8F156414
:1047B000BFF35F8FBFF35F8F5064BFF35F8FBFF3B3
:1047C0005F8F5163BFF35F8F44F4802444F0010492
:1047D000BFF35F8F1460BFF35F8F0020D2E74FF409
:1047E0000071F1202546DAE70010015070B503781A
:1047F0000D461446002B52D0BFF35F8F2C4A136B2B
:10480000BFF35F8F03F00E010A294BD013F00C0F9A
:1048100002D14FF0FF3070BD4368D3B9BFF35F8F53
:104820005368BFF35F8F032BF3D9224B2249BFF3A9
:104830005F8FD2F88060BFF35F8FBFF35F8F43F865
:10484000046BBFF35F8F8B42F1D1FFF769FF012348
:104850004360BFF35F8F164B9A68BFF35F8F0132DF
:10486000B4EB021F21D8BFF35F8F5A68BFF35F8F8D
:10487000B4EB820FCDD884B1BFF35F8FD3F8802023
:10488000BFF35F8F291D05F8012BA9424FEA1222C1
:1048900004F1FF34EFD0002CF5D10020BBE76FF01E
:1048A0002000B8E76FF05100B5E76FF03F00B2E7C6
:1048B00000100150101001502010015010B5044696
:1048C000FFF7B4FA104B186805F0D8FA0CB10123C1
:1048D0002370BFF35F8F00200C4BD861BFF35F8F55
:1048E000BFF35F8F4FF0FF321A63BFF35F8FBFF3E9
:1048F0005F8F3422DA61BFF35F8F012203F59223C9
:10490000C3F8042310BD00BF20090020000001509F
:1049100010B5044608B1037843B1FFF7A9FA044B78
:10492000186805F0B1FA0CB10023237010BD00BF68
:104930002009002038B5154CD4F80051BDB1BFF3A3
:104940005F8F134B996ABFF35F8FBFF35F8F4FF099
:10495000FF321A63BFF35F8F0023C4F80031D4F82D
:1049600000310C4B1868BDE8384005F0A0BAD4F807
:10497000083153B100F076F805F019FAC4F808517F
:10498000D4F808310121044BECE738BD0090055004
:1049900000000150280900202409002008B5074B19
:1049A000186805F073FA064B186805F06FFABDE851
:1049B0000840002259201146F8F7BEBB2809002004
:1049C0002409002038B5094B1C7864B1084B4FF01E
:1049D000FF311D68284605F05BFA4FF0FF310446B1
:1049E000284605F062FA204638BD00BFCB250020DE
:1049F0002809002010B5064CE36C3BB9214651F85C
:104A00004C3B986905F014FA0123E364014810BD9A
:104A100080240020CC24002010B504460E4B1868DA
:104A200005F02CFA0D4B1A68236122605A68626007
:104A30009A68A2600A4A12689A660023A364FFF784
:104A4000F5F9204605F0A4F90028FAD1204605F032
:104A5000A4F90028F5D110BD2C09002080240020E5
:104A6000E4B70100004870478024002010B50446D8
:104A7000054A036912689A6605F0CDF92046BDE83B
:104A8000104005F09CB900BFFCB7010010B504460A
:104A9000FFF7ECFF0422084BC3F80823FFF7E8F9FF
:104AA000064A236912689A6600236364044BBDE8D2
:104AB0001040186805F0E8B900900550E4B701000F
:104AC0002C09002010B50E4B0E4C236003F5C0439B
:104AD00063602461FFF78EFF236D2046B3F5007FEE
:104AE000CCBF4FF480634FF40073A360FFF794FFD3
:104AF0002046FFF7BBFF2046FFF7C8FF002010BD90
:104B00000020015080240020244B0340B3F5806F27
:104B100030D016DC402B2FD008DC102B2ED0202BD1
:104B20002ED0181E18BF012040007047B3F5807FBB
:104B300028D0B3F5007F27D0802B14BF02200B2094
:104B40007047B3F5804F21D00BDCB3F5805F1FD0E9
:104B5000B3F5005F1ED0B3F5006F14BF022006202E
:104B60007047B3F5004F17D0B3F5803F14BF022054
:104B700003207047112070470A2070470C207047AF
:104B8000092070470820704707207047142070479D
:104B900005207047042070470F207047F0FF010088
:104BA0000FB407B504AA064B52F8041B186801920B
:104BB00000F028F803B05DF804EB04B0704700BFC4
:104BC000FCB20100F8B50E4B06461D68AB789B079A
:104BD00012D56F6816F8014B29462CB90A20B84740
:104BE000002805DB204609E02046B8470028F1DA16
:104BF000AB7843F00403AB704FF0FF30F8BD00BF5B
:104C0000FCB201002DE9F04F43688BB0804692461C
:104C1000009383789C0740F1F980002508780028EC
:104C200000F0F68025280AD04B1C0193013541463F
:104C3000009B98470028C0F2E3800199EEE74E7888
:104C40008B1C252E0193F1D000270A22B9463C4641
:104C50001F2C22D8A6F12003102B20D8DFE803F068
:104C6000141F1F1A1F1F1F0B1F1F1F121F171F1F8D
:104C7000090044F00104019B13F8016B0193002E1D
:104C8000E6D13AE044F0020444F00404F3E744F0CF
:104C90000804F0E744F01004EDE77F2C24D8A6F1D7
:104CA0003003092B08D860064EBF02FB073744F0DB
:104CB000200402FB0939DEE72A2E0DD161065AF8DD
:104CC000043B53D4002BA7BF44F020049946C3F102
:104CD000000944F02804CEE72E2E05D1630600F12A
:104CE000978044F04004C6E76C2E2ED028D8682E5A
:104CF00032D06A2E37D04C2E35D0002F46F020030C
:104D0000B8BF24F04004A3F16502BCBF0027A4B2E1
:104D1000022A01D9612B2BD10AF1070A07279D4EE0
:104D20002AF0070A0AF1080A210760D506EB070BEB
:104D300034465C455DD1AE1BA9EB0709A21959E1C8
:104D4000742E98D07A2E96D0D7E7260648BF44F422
:104D5000007444F080048EE7E00548BF44F400741A
:104D600044F4807487E744F4207484E71F4682E7A4
:104D7000A6F16302122A00F2D880DFE812F01300D5
:104D80004D00D600D600D600D6004D00D600D60085
:104D9000D600D600D600E800D100D600D6001A0012
:104DA000D600A0005AF8043B012704AE8DF810305D
:104DB000BAE75AF8046B784B002E08BF1E4614F071
:104DC000400F304614BF39464FF0FF3105F0C2F8AE
:104DD0000746A9E741462020009B984700280FDBA3
:104DE000013CA742F6D34D44A1462D1B9EE74C46FD
:104DF000F7E7414614F8010B009B9847002898DA22
:104E000098F8023043F0040388F802304FF0FF3581
:104E100028460BB0BDE8F08F220630D5A3052AD571
:104E20000AF1070A2AF007039A4659685AF8080B4C
:104E300024F0100B00291FFA8BFB2FDA40424BF4B1
:104E4000806B61EB410104AC0A23224605F08EF829
:104E50001BF0400FA0EB040200F08E802BF0010449
:104E60009742A4B240F38F80002E40F08E802BF04A
:104E70001104A4B21DE05AF8040BC117D8E7E005ED
:104E80005AF8041B01D40846F7E7A20547BF48B209
:104E900041F3C01108B241F3C031C9E750EA010340
:104EA000D1D16306CFD5002FCDD124F011043A46DD
:104EB000A4B23B4640F206410C4262D124E024F009
:104EC00010040A23A4B214F0800243D014F4007139
:104ED00017BF0AF1070A5AF8040B2AF00702924694
:104EE0001CBF51685AF8080B50EA01023ED124F069
:104EF000160B62061FFA8BFB3CD5002F3AD124F02B
:104F000017043A463B46A4B221075AD4E10705D517
:104F1000994572DDA9EB03039F184B469B464AE077
:104F200044F0100410237826CDE7782B04D1C6F185
:104F3000780343F01003C6E741462520009B9847BD
:104F40000028FFF65DAF02354146304670E6082383
:104F50000026B8E714F480715AF8040BC4D014F496
:104F600000711ABFC0B2114680B2BDE724F006043A
:104F70001FFA84FB04AC68E713465C46E10699D54A
:104F80002EB90133C0E71346F8E73B46F6E7023394
:104F9000BAE700BF2ABF010023BF0100CDE90232FA
:104FA00041462020009B98470028FFF629AF0BF1CF
:104FB000010BDDE90232D945F0DCEB1A03EB0B05FE
:104FC0005B46E10627D541463020CDE90232009B01
:104FD00098470028FFF614AFDDE902327EB90135AB
:104FE0002F44791B8A4229DB144604AE94BB2A4421
:104FF000A9EB03091546914440E017468EE70235B8
:1050000041463046CDE90232009B98470028DDE951
:105010000232E5DAF4E640F206410C42E0D014F048
:10502000020F05F10105414614BF2B20202014F486
:10503000806FCDE9023218BF2D20E5E7CDE90232BD
:105040004146009B3020013598470028DDE90232B7
:10505000C7DAD5E6013C4146CDE90232305D009B1E
:1050600098470028DDE90232C0DAC9E6414620202F
:10507000009B013598470028FFF6C2AEA9EB050357
:10508000002BF3DCD9E500BFF8B521F0004603465C
:10509000B6F1FF4F05D820F000420746B2F1FF4FAE
:1050A00004D91846F3F720F9034610E0B1F17E5F0A
:1050B00003D1BDE8F84000F0A9B88C1704F0020451
:1050C00044EAD0746AB9022C03D0032C04D01846E9
:1050D000F8BD35493548E5E733493548F3F702F976
:1050E000E2E736B9002F304901DA3248F6E73248B4
:1050F000D8E7B6F1FF4F21D1B2F1FF4F16D1022C04
:1051000008D0032C0CD0012C274901D02B48C9E72B
:105110002B48E3E72B492948F3F7EEF92249C1E789
:1051200029492648F3F7E8F91F49D7E7022CD0D0E0
:10513000032CD1D0012C33D00023C8E7B2F1FF4FAC
:10514000D0D0921BB2F1F45F4FEAE25010DB1F495E
:105150001948F3F7C7F80346012C17D0022C18D0D2
:10516000002CB4D01A491846F3F7BEF80F49B5E73A
:10517000002901DA3C3007DB1846F3F771FA20F01A
:10518000004000F043F8E6E70023E5E703F10043C1
:105190009DE70F491846F3F7A7F8014603489DE736
:1051A0004FF0004393E700BF6042A20DDB0F494080
:1051B000DB0F49C0DB0FC9BFDB0FC93FDB0F493F26
:1051C000DB0F49BF00004040000040C02EBD3B3314
:1051D0002EBDBB3310B100200249704700200249A8
:1051E000704700BF0000F0FF0000F07F08B10248E8
:1051F00070474FF0FF407047000080FF08B504F093
:1052000065FF014808BD00BF0000C07F20F00043DB
:10521000B3F1A14F2DE9F0410446804612D3B3F11A
:10522000FF4F06D90146F3F75FF804462046BDE874
:10523000F0810028634901DD6348F4E76348F3F730
:1052400051F8F2E7624A934257D8B3F1445FEDD385
:105250004FF0FF3621462046F3F74EF90146074648
:10526000F3F74AF95B490546F3F746F95A49F3F76C
:105270003BF82946F3F740F95849F3F735F8294642
:10528000F3F73AF95649F3F72FF82946F3F734F9CB
:105290005449F3F729F82946F3F72EF95249F3F761
:1052A00023F83946F3F728F9504907462846F3F71B
:1052B00023F94F49F3F716F82946F3F71DF94D493D
:1052C000F3F710F82946F3F717F94B49F3F70AF803
:1052D0002946F3F711F94949F3F704F82946F3F79A
:1052E0000BF901463846F2F7FFFF2146F3F704F9C0
:1052F000731C014651D12046A1E7414A20F00044E9
:1053000093422AD8A2F5D002934214D821462046CF
:10531000F2F7EAFF4FF07E51F2F7E4FF05464FF057
:1053200080412046F2F7E0FF014628460026F3F7C9
:1053300097F904468EE74FF07E512046F2F7D2FFF0
:1053400005464FF07E512046F2F7CEFF0146284633
:105350000126F3F785F904467CE72A4A934215D8DB
:105360004FF07F512046F2F7BDFF4FF07F510546C9
:105370002046F3F7C1F84FF07E51F2F7B5FF014632
:1053800028460226F3F76CF9044663E721461E48D7
:10539000F3F766F9032604465CE71C4B53F8261026
:1053A000F2F7A0FF2146F2F79DFF194B014653F893
:1053B0002600F2F797FFB8F1000F0446B8BF00F1DE
:1053C000004433E76821A233DA0FC93FDA0FC9BFBF
:1053D000FFFFDF3ED769853C59DA4B3D356B883D91
:1053E0006E2EBA3D2549123EABAAAA3E21A215BD9A
:1053F0006BF16E3D95879D3D388EE33DCDCC4C3EA7
:10540000FFFF973FFFFF1B40000080BF14B8010063
:1054100024B8010070471346F0B4DA0287680669C1
:1054200007D513F4402F1EBF43F3000202F44022BD
:105430005340012534688D4023F48012DB074CBFB4
:105440002C43AC4334603B68F0BC18478368DB688E
:10545000184783681B69184738B504F094FA4FF46D
:105460007A74A0FB040547F61222002304FB0151C5
:10547000F3F79EFA38BD10B547F6122C044600210A
:1054800040F2E7304FF47A720023E4FB0C01F3F7AB
:105490008FFABDE8104004F086B9836800EBC101C3
:1054A000B3F5004F2CBF51F8220031F812007047BD
:1054B00000EBC1018068B0F5004F2CBF41F82230ED
:1054C00021F812307047012208B5FFF7E6FFD040FF
:1054D00008BD836800EBC101B3F5004F08D34B68EA
:1054E0001AB143F001034B60704723F00103FAE760
:1054F0004B881AB143F001034B80704723F001033E
:10550000FAE753000122FFF7D3BF08B58368B3F56C
:10551000004F06D3FFF7D7FF01288CBF00200120E2
:1055200008BD0020FCE78368B3F5004F34BF0423B7
:105530000823C91A081AC00870478368B3F5004FDA
:1055400028BF0139B1FA81F0C0F11F0070472DE981
:10555000F041174603220E460446FFF79EFF86429F
:10556000054607F104080AD10122E368BA4023EA9C
:105570000203E360002344F82830BDE8F08131469F
:1055800002222046FFF789FF06462B4601460322EA
:10559000204644F82850FFF78BFF33462946204623
:1055A000BDE8F0410222FFF783BF38B504460D463F
:1055B000FFF7ABFF70B929462046FFF784FF01468D
:1055C0002046FFF7BAFF294602462046BDE838408C
:1055D000FFF7BDBF38BD2DE9F04705468946FFF707
:1055E000ACFF05EB800ADAF81070064677B94FF089
:1055F000FF34EB680136B4401C4015D094FAA4F295
:10560000B2FA82F2131D55F8234009E03C464FF0F0
:10561000030821462846FFF756FF484507D3324680
:1056200021462846FFF793FF2046BDE8F087214634
:1056300003222846FFF731FFB8F101080446CAF8F3
:105640001000D4D08742E4D1D1E72DE9F0411446CF
:105650000E460546FFF737FFA4EB0608371B074445
:10566000424631462846FFF74CFF3A462146284637
:10567000FFF747FF4346002221462846FFF718FF61
:1056800021462846FFF71FFF3B46211800222846E7
:10569000BDE8F041FFF70CBF2DE9F0411646044686
:1056A0000F46FFF710FF314605462046FFF70BFF78
:1056B00005442A4639462046FFF723FF3146204657
:1056C000FFF701FF2B46311800222046BDE8F041CC
:1056D000FFF7EEBE2DE9F04104460D46FFF715FF3A
:1056E000B8BB29462046FFF7EEFE01462046FFF7ED
:1056F00024FF04EB80010E6996B90122E368824021
:105700001343E36002220D612B4629462046FFF732
:10571000CFFE032229462046BDE8F041FFF7C8BE70
:10572000022231462046FFF7B8FE074603462946C7
:105730002046FFF7BDFE0322334629462046FFF7E9
:10574000B7FE39462B462046FFF7B2FE022231460D
:10575000E1E7BDE8F08170B500295CD00568012261
:105760002846FFF7E0FE014604462846FFF795FE6F
:10577000104006D180F31188BFF36F8F04231846C1
:1057800002DF21462846FFF79EFE261831460022FA
:105790002846FFF782FE361AB44206D082F31188FB
:1057A000BFF36F8F0423184602DF002221462846EC
:1057B000FFF78FFE2146FFF786FE261801223146AD
:1057C0002846FFF76AFEC20708D431462846FFF78D
:1057D000ECFE324621462846FFF75EFF00222146B6
:1057E0002846FFF75AFE261A012231462846FFF7BF
:1057F00054FEC30709D431462846FFF7D6FE224699
:1058000031462846FFF748FF344621462846BDE882
:105810007040FFF75FBF70BD70B5056809B9002023
:1058200070BDAB6801F00704B3F5004F34BF04222C
:10583000082207341444E40804EBD1049C4228BF36
:105840001C4628462146FFF7C6FE06460028E6D03D
:1058500001462846FFF737FEA04209D934443146B5
:1058600028462246FFF7F1FE21462846FFF732FF81
:10587000284601223146FFF72CFEAB68B3F5004FF6
:1058800034BF0423082303EBC6031844C8E71146BA
:10589000FFF7C2BFB2F5802F34BF042308232DE9E0
:1058A000F0410026D21A8C18CD1D25F0070524F0F2
:1058B0000704641BE408056021462846AC60EE60DE
:1058C000FFF73BFE820002F11B07FF08314604325E
:1058D00005F1100004F013FB3A4631462846FFF765
:1058E00010FE3346324631462846FFF7E1FDA4EB71
:1058F0000708284631460122FFF7EBFD42463946AC
:10590000FFF7FFFD3B46324639462846FFF7D0FDFC
:1059100021462846FFF7F5FD4346324621462846F4
:10592000FFF7C6FD214628460122FFF7D2FD394682
:10593000BDE8F041FFF7CEBE044608B5EFF3118392
:10594000402383F31288BFF36F8FEFF3108372B697
:10595000FAF77AFF2046F8F761F800F065FBFCE7FC
:10596000038B13F0070306D10368002B18BF032035
:1059700008BF00207047022B05D1408BB0FA80F0A1
:10598000400980007047012B04D10368002B18BF29
:105990000520EDE70020704710B50C4600B111B9A5
:1059A0006FF0150010BD081D00F0ABF80028F9D10C
:1059B000A368032BF6D9F3E72DE9F0410D4607461E
:1059C0001946281D90461E4600F0ACF8044638B132
:1059D0003346424629463846A446BDE8F041604772
:1059E000BDE8F08110B4EFF31182402484F31288F3
:1059F000BFF36F8F416110BC0121F6F7F7BF38B5D7
:105A00000C46054658B151B10B6843B14B6833B1F0
:105A10001C22002104F073FA00202C6138BD6FF0C5
:105A20001500FBE7F8B504460E46FFF7B5FF051E67
:105A30003BDBEFF31182402383F31288BFF36F8FB8
:105A40004FF6FF71638B278B8B4207F007072ED031
:105A5000062F2FD8DFE807F0182E082E180418009C
:105A60006FF08505002303E00133638302250123E2
:105A700082F31188BFF36F8FBBB100233A463146E2
:105A80002046FFF799FF10E000233360636823B9D5
:105A9000C4E9006627B13D46E4E71E606660F9E7A9
:105AA00002212046F6F7A2FF3D462846F8BD6FF0DA
:105AB0000A05D7E76FF00405D4E710B5EFF31182BC
:105AC000402383F31288BFF36F8F048B04F0070425
:105AD000022C0AD0012C0CBF6FF004006FF085007F
:105AE00082F31188BFF36F8F08E0438B013B9BB2B9
:105AF000438323B92146F6F779FF204610BD20469F
:105B0000EEE7034658B1426802F00302012A03D0CF
:105B1000032A04D1026812B10020986070476FF028
:105B2000150070474268034602F00302032A4FF053
:105B30000002816014BF104600685A6070477047C9
:105B4000C3691BB11B7900200B7070476FF05700C1
:105B50007047C06918B1D0E8AF0F00F0010070477E
:105B6000C3693BB11B692BB1DB691879B0FA80F0CE
:105B7000400970470120704770B5C56904460E465C
:105B80000DB103232B712046FFF7EAFF80B10321FB
:105B90002046B047002802DA10F1860F09D12DB94E
:105BA00020463346BDE870400121184701232B7180
:105BB000002070BD38B5C4692568A90601D400204D
:105BC00038BDE168D9B10139E1600029F7D1A36896
:105BD0009847002803DAE3680133E360F0E7012324
:105BE0006A072371ECD52069C3691B68DB0509D5F9
:105BF000FFF7E0FF236823F004032360E0E76FF082
:105C00007700DDE76FF00A00DAE7D0E8AF0F084170
:105C100000F001007047FDF75DB8FDF727B870B5DB
:105C20000446C06990B10821FFF7EFFF014670B14B
:105C3000EFF31185402383F31288BFF36F8F204663
:105C4000FFF7B8FF85F31188BFF36F8F70BD204653
:105C5000BDE870400022002300F0ECB82DE9F74FBA
:105C6000C569064625B90024204603B0BDE8F08F7B
:105C700005212846FFF7C9FF02460028F3D0082176
:105C8000F069FFF7C2FF044678B3EFF311874023B2
:105C900083F31288BFF36F8FF569EB6803BB2B6842
:105CA0005A070DD4286958B1C3691B68DB0519D59B
:105CB000FFF7D4FF041E0EDB2B6843F004032B60B8
:105CC00001213046AB689847041E04DB00232B718A
:105CD000EB680133EB6087F31188BFF36F8FC3E785
:105CE0000024F5E76FF00A04F5E7F6F779FF0746B9
:105CF000F0B9EFF31181402383F31288BFF36F8F64
:105D0000EB6823B1287910B917460133EB6081F3B2
:105D10001188BFF36F8F002FA5D103F0A7FC421E9F
:105D200067F1000305F11800FFF775FF041E7EDB25
:105D300003F09CFC10B12B79022B13D02F692FB3E9
:105D40000221F069FFF761FF00BB3846FFF786FFCD
:105D5000044648B901212846FFF757FF70B138467D
:105D6000FFF75DFF6FF00A04F6F73AFF00287FF4B3
:105D70007BAF05F11800FFF750FF75E7D5E8EF3F5F
:105D800043F00403C5E8E23F002AF7D1EB68013392
:105D9000EB602B79022B08D105F1380003F053FC9E
:105DA00010F0010001D12871DEE7F6F719FF40B9C4
:105DB0004FF0FF384FF0FF3905F1280A2B79022BFD
:105DC0001AD0EB68012BCFD80121AB6868699847DE
:105DD000041E29DAEB68013BEB60002FC4D0384683
:105DE000FFF71DFFF369D3E8EF1F21F00401C3E8BB
:105DF000E21F002AB8D0F6E70321504605F1180B40
:105E000003F075FE5846FFF708FF002203215046B5
:105E1000CDE9008903F06FFE4FF0FF324FF0FF3302
:105E20005846FFF7F8FEC9E700232B719CE76FF097
:105E30000A0419E72DE9F047C46907468A46204657
:105E40000521FFF7E2FE91469846064618B900255F
:105E50002846BDE8F087EFF31182402383F31288D0
:105E6000BFF36F8FE368012B8ABF03F1FF33002676
:105E7000E36082F31188BFF36F8F002EE7D1F6F74E
:105E8000AFFE18BB03F0F2FB421E66F1000304F103
:105E90001800FFF7C0FE051E3DDB5646E368002BE9
:105EA00036D0013BE36043B996B102234A462371E1
:105EB00004F138004346FDF7DDF8F6F791FE0028BF
:105EC000C6D104F11800FFF7A8FEC1E73546E5E7A3
:105ED0003146A36860699847051E03DAE368013319
:105EE000E360EAE7012323710221F869FFF78DFEE1
:105EF0000028E2D0FB691869FFF791FEFB69D3E83F
:105F0000EF1F21F00401C3E8E21F002AD5D0F6E715
:105F10006FF07705D1E76FF00F0599E7F8B500212D
:105F2000044650F8303C50F8240C98470546A4F13C
:105F300020074FF0FF334FF0FF323846FFF76BFE7C
:105F4000002DB7BF54F82C3C0123013344F82C3CFE
:105F5000B8BF002304F8343C0121A4F1100099409B
:105F600003F0C1FD3846A4F13806FFF756FE85B9A7
:105F700002213046FFF749FE58B154F8280CFFF7CC
:105F80004EFED6E8EF3F23F00403C6E8E23F002AC6
:105F9000F7D1F8BD70B50446C06988B10821FFF794
:105FA00034FE70B1EFF31185402383F31288BFF301
:105FB0006F8F2046FFF7FEFD85F31188BFF36F8FCB
:105FC00070BD2046BDE870400121FFF733BFC369B3
:105FD0000BB1F6F70DBE1846704703F090BF03F003
:105FE00081BF012801D1EFF30583FCF70FBC014607
:105FF0000068FFF7F6BF08B5F6F790FEBDE8084069
:10600000F7F718B900210120FFF7EBBF836E83F388
:106010000B8870476FF08500704761B662B680F3F9
:106020001188BFF36F8F704772B6002383F3118816
:10603000BFF36F8FBFF34F8F30BF62B6BFF36F8F69
:10604000704772B6002383F31188BFF36F8FBFF3DD
:106050004F8F20BF80F31188BFF36F8F62B67047F8
:1060600040E800F313F4803FD8B208BF6FF015008A
:10607000704730B50C684B6885B00A894D8900942B
:10608000013B24F01F04234402F01F0242EA4512A0
:1060900023F01F0369468DF808200393F7F77CF976
:1060A00005B030BD08B5F7F757FB002008BD7047B5
:1060B000002303824369C3607047C1698968F7F7A9
:1060C000ABBBEFF31182402383F31288BFF36F8FD2
:1060D00000230B60436833B9C0E9001182F31188D3
:1060E000BFF36F8F704719604160F7E7034610B543
:1060F000EFF31181402282F31288BFF36F8F0068A3
:1061000028B15C680268A0421A6008BF5A6081F337
:106110001188BFF36F8F10BD027A0132027270478F
:1061200083680B4403607047838802681944818048
:10613000D018704730B484880568A3188380281964
:1061400030BC03F0CFBE10B5838802685C1C84802D
:10615000D154D01810BD034600689A88401A1144E3
:106160001860998070470268531E0360838801336A
:10617000838002F8011C704703468288521A82808D
:106180000068084418607047034600689A88521AED
:1061900001449A801960704710B5036801211C788A
:1061A000FFF7EAFF204610BD012310B50621044683
:1061B00000F8013BFAF742FF18B9A37963F03F03F7
:1061C000A37110BD38B50446807AF7F7FBFA616910
:1061D000054649B1637ADB0704D4C36920461B68CE
:1061E0009B6898470023636121462846BDE83840F4
:1061F00003F05AB9034610B5D3E8EF0F40EA0102A5
:10620000C3E8E42F002CF7D110BD01210C30FFF7BB
:10621000BBBF30B40446084602EBC3039A4201D127
:1062200030BC7047114611F8085BA54206D1018ABF
:1062300053789942F4D330BC536818470A46EDE7C7
:10624000D0E8EF3F0B40C0E8E23F002AF8D17047AA
:10625000072208B503F05BFEB0FA80F0400908BDE4
:1062600018B111B10846F8F737B96FF0150070474B
:1062700013B5044680B106216846FAF7DFFE48B937
:106280009DF80530694603F03F0320468DF8053040
:10629000FFF7E6FF02B010BD6FF01500FAE7003817
:1062A00018BF012070472DE9F74F884601904FF045
:1062B000FF314FF0FF30F7F7BBFD0446002849D00F
:1062C00020210C30FFF730FF002706460021202256
:1062D00003F015FE3946D8F8005006F1010BD8F846
:1062E00004309F4208D3317000222146019803B048
:1062F000BDE8F04FF7F724BE6A78881C13181F2BEF
:1063000095F800C05FFA80F908D9BCF1090FC9F10E
:106310001F0217D1002A15DD4FF0080C5FFA82FA30
:106320000AF1010E0BF801E00131C9B20BF801C00E
:1063300069685844D14403F0D5FD01375FFA89F10B
:106340000835CCE72046F7F7E5FA6FF0150003B003
:10635000BDE8F08F6FF06800F9E770B506460D46AE
:106360004FF0FF304FF0FF3186B0F7F761FD044684
:10637000B0B10C3095B10121FFF7E5FE204606F1E2
:10638000100203A908230095F7F740FD00222146DB
:1063900042F20A00F7F7D4FD06B070BD2946EBE7DC
:1063A0006FF06800F8E7183003F04DB9F8F7EEBB6E
:1063B00008B50A4601460020F8F700FC08BD0C228B
:1063C0000369C9B202FB0133D86D00F007007047C2
:1063D00070B50346C9B20069EFF31186402484F317
:1063E0001288BFF36F8F0C2505FB0104E46D14F0D8
:1063F000C00401D0A24210D1012205FB0100C265F8
:10640000002086F31188BFF36F8F28B95B6803EB18
:10641000C1035B689847002070BD4FF0FF30F0E784
:106420008022FFF7D5BFF8B5069F05460469C9B2BB
:10643000EFF3118C402080F31288BFF36F8F0C268E
:1064400006FB0146F06D00F0070EBEF1010F11D101
:10645000F76500268CF31188BFF36F8F46B90C20C7
:1064600000FB0144C4E915236B6853F831309847A9
:106470003046F8BD00F0C00087420CBF6FF07706D1
:106480004FF0FF36E6E713B580240094FFF7CBFF0B
:1064900002B010BD10B41C240069CBB204FB030091
:1064A000002110BC10470220FAF754BE022002F06F
:1064B0007DBA1046FCF7DABB02F077BAFAF744BEB1
:1064C00040F272607047084608B51146FDF7B6FB0A
:1064D000002818BF6FF0040008BD08B5FDF700FCE8
:1064E000002818BF6FF0040008BD70B5037B044698
:1064F0000BB102F074FA0026A06800B970BDB0F5C7
:10650000007F28BF4FF4007005460246D4E9001012
:10651000F8F73AFD63682B44636023680BB12B44A2
:106520002360A3685B1BA360002BE5D0237B0136AF
:10653000002BE1D0304602F053FA0028DCD00120D5
:10654000DCE741EA02030846C3F30B0109B9F8F797
:106550003FBD6FF015007047084611461A4621B13D
:1065600003431B0701D1F8F733BD6FF015007047E7
:106570000346F0B40C46DA880068197922430125F5
:10658000066942F3000303F44023346853408D400E
:1065900023F48012DB0787684CBF2C43AC43346084
:1065A0003B68F0BC1847436824330B600123136039
:1065B0007047436800201B6AC1E90030704710B57E
:1065C000044643681868FFF72AFB2069BDE81040BD
:1065D000FCF74CBB10B5446800694FF0FF324FF038
:1065E000FF33FCF777FB2068BDE81040FFF736BBB0
:1065F00003460A4619790123006803FA01F1036989
:106600001B68194218BF82F0010212B18368DB686F
:10661000184783681B69FBE78C462DE9F0418EB073
:106620008DF800C04FF0010CDDE914154468D0F876
:1066300010800020CDE907C1CDE90BC10DF10107A4
:10664000D107CDF80100CDE9095002F0800602F033
:10665000080E3871CDF818D00D9513D598F8142080
:106660001BBAD207049357BFBDF81130CDF80130E3
:10667000ADF801309DF813304EBF0523BB700423E5
:1066800007930B93BEF1000F05D0079B01330793CF
:106690000B9B01330B9306AB0293A6B1002D14BFE5
:1066A0000223012303930AAB04930223214605939B
:1066B00051F8040B4EB183681C68002302AAA0475E
:1066C0000EB0BDE8F0810123ECE783681C6804ABE1
:1066D000F4E773B5064640680D4690F84A305A060E
:1066E00003D511B93430FFF783FF736893F84A403C
:1066F00014F0200409D0ADB92B46802298213046F1
:10670000CDE90055FFF788FF0446706890F84A30DD
:106710005B0604D51DB101213430FFF769FF204627
:1067200002B070BD0024F0E71FB5012301930DF105
:106730000F030093002305211A46FFF76DFF08B9E8
:106740009DF80F0005B05DF804FB2DE9FF410646FA
:1067500015461C4601270DF10F08002305211A4696
:106760003046CDE90087FFF757FF40B99DF80F305D
:10677000DB0704D52846214603F015F8EDE704B001
:10678000BDE8F0812DE9F3471F4643680C1E05461E
:1067900090461B6A62DBE2199A425FD8FFF75EFA05
:1067A00000285EDB2846FFF715FF00212846FFF78B
:1067B00090FF064600283CD18146D7B3B7F5807FCD
:1067C000BA4628BF4FF4807A224604EB0A03002C15
:1067D00003F1FF334FEA1323B8BF04F1FF02B3EB19
:1067E000222F08D06342DBB25FFA84FA58BFC3F1AC
:1067F000000ACAF5807A0023802206212846CDE9C6
:106800000099FFF709FF98B9234681220221284603
:10681000CDE9008AFFF700FF50B901220023284686
:10682000A7EB0A07D0445444FFF78FFF0028C4D0D9
:10683000064601212846FFF74CFF002E14BF3446C0
:1068400004462846FFF7BBFE40F2391200232846D3
:10685000FFF7A0FB204602B0BDE8F0876FF01504FB
:10686000F8E76FF00404F5E72DE9F341D0F8048070
:106870000C1E1E4605461746D8F8203027DBA21905
:106880009A4224D8FFF7EAF9002823DB2846FFF7CD
:10689000A1FE98F84B30284613F0020F18BF0922CA
:1068A00023460ABF01220B210321CDE90076FFF721
:1068B000B3FE04462846FFF782FE40F23912002359
:1068C0002846FFF767FB204602B0BDE8F0816FF075
:1068D0001504F8E76FF00404F5E7F7B544680546DA
:1068E00094F84A309A0749D5076903F04CF84FF4F9
:1068F0007A76A0FB060C002347F6122206FB01C1A4
:10690000F2F756F83B69C31A15D4B4F84420B4F82A
:1069100046609B1AB3420EDA47F6122740F2E73080
:106920000021F61A4FF47A720023E6FB0701F2F712
:106930003FF802F038FF94F84A3013F004031DD1F9
:106940008022AB212846CDE90033FFF765FEB0B9C0
:1069500094F84A309B0711D540F2E7310D460146C5
:1069600047F61220B4F848404FF47A72E4FB005125
:1069700000232846F2F71CF802F015FF002003B0B0
:10698000F0BD73B54368044693F84A309A071BD5A7
:1069900000238022B921CDE90033FFF73DFEA0B9E5
:1069A000636893F84A309B070ED5256902F0EBFF28
:1069B0004FF47A74A0FB040647F61222002304FB6E
:1069C0000161F1F7F5FF2861002002B070BD2DE9EB
:1069D000FF410446032900F2DD80DFE801F099075A
:1069E00002110025284604B0BDE8F081FFF7F2FD52
:1069F0002046FFF772FF05462046FFF7E0FDF1E76E
:106A00004668306802F068FC80B1337E1BB1F068E4
:106A100002F062FC50B12046FFF7DCFD2046FFF794
:106A20005CFF0028204604DAFFF7C9FD6FF012056D
:106A3000D8E7FFF779FE051E07DDE90705D5002237
:106A400000232046FFF781FE05462046FFF7B7FDED
:106A5000002DEBDB2046FFF701F90028E6DB20469E
:106A6000FFF7B8FD4FF00308002303AF1A469F213C
:106A70002046CDF804800097FFF7CEFD054620465E
:106A8000FFF79DFD40F2391200232046FFF782FAFE
:106A9000002DCBD13846424606F12C0103F037FADF
:106AA0000746002873D196F8303073B32046FFF7BD
:106AB00091FD2046FFF738FE051E21DD96F83030A7
:106AC000802225EA030506213B462046CDE90077D2
:106AD0008DF80B50FFF7A0FD054688B901210DF197
:106AE0000B0300938022034601912046FFF794FD9B
:106AF000054628B9002200232046FFF726FE05465A
:106B00002046FFF75CFD002D90D196F82F5035B947
:106B10002046FFF75FFD2046FFF733FF6BE7FF2DB1
:106B2000F6D015F00B0F81D02046FFF753FD15F07E
:106B3000080314D00123802201930DF10B0300936D
:106B4000172100238DF80B202046FFF765FD054631
:106B5000B8B92269137D43F00103137511E0AA0748
:106B600005D400238022B721CDE90033ECE7802251
:106B700006212046CDE90033FFF74EFD05460028EB
:106B8000EFD02046FFF71BFD002DC1D04EE76FF080
:106B9000150527E76FF0570524E7436800205B6879
:106BA000DB680B607047436802EA01005B6821EA1A
:106BB00002015860002099607047436800205B68BC
:106BC00059607047436800205B689960704743686C
:106BD0005B681A6821EA0200114058600020996041
:106BE000704730B50369586800B30024884219D152
:106BF00008688CB99C685860A14200D19860002058
:106C000008602AB15A680A609A68596002B99960A6
:106C100000200FE02846E9E720609868814208BF1D
:106C20009C60ECE705680446002DF3D1002AE9D109
:106C30006FF0150030BD00207047FAF75BBD0368A8
:106C400040689B68184703684068DB68184738B598
:106C5000044601F004FE054601F001FE431BA34279
:106C6000FAD338BD10B50446FFF7EDFF014660B911
:106C70002046F8F7CFFCA068FFF7E9FF2046012186
:106C8000F8F7C8FCA068FFF7E2FF00212046FFF7F5
:106C9000D6FFE068FFF7DBFF20460021F8F7BAFCDB
:106CA000A068BDE81040FFF7D2BF10B5044601212F
:106CB000FFF7C5FF01212046F8F7ACFCE068FFF7BD
:106CC000C6FFA068FFF7C3FF2046BDE81040FFF7EE
:106CD000C9BF38B504460121FFF7B1FF01212046A5
:106CE000F8F798FCE068FFF7B2FF2046FFF7ABFF2C
:106CF000054600212046F8F78DFCA068FFF7A7FFA6
:106D0000281E18BF012038BD10B50446FFF797FFB5
:106D100001212046F8F77EFCE068FFF798FF204647
:106D20000021F8F777FCA068BDE81040FFF78FBF9F
:106D300010B504460021FFF782FFA068FFF787FF28
:106D400001212046F8F766FCE068FFF780FFE06865
:106D5000FFF77DFF20460121FFF771FFA068BDE826
:106D60001040FFF774BFCB070ED4C1F34203012BD1
:106D700007D0022B08D10122C0E9023201610020B4
:106D8000704705231A46F7E76FF0850070470369DF
:106D900013B100200B6070476FF0040070472DE9BD
:106DA000F74F06468846994614469AB30121F8F7EC
:106DB00031FC062708F10C084FEA4909BD0702D546
:106DC0003046FFF7B5FF17F0040727D03046FFF72E
:106DD00049FF18F8043C1F43790729D54FF0080AEA
:106DE0004FF0800B07F0010545EA0905EDB205EA11
:106DF0000B013046FFF788FFBAF1010A4FEA5B0B3F
:106E0000F5D13046FFF765FF80B16FF004043046DE
:106E1000FFF78EFF204603B0BDE8F08F18F8043C62
:106E20005807D6D53046FFF740FFD2E727F00407D2
:106E300017F0010B58E9035305EB030A34D055450D
:106E400006D3013C14F0FF0408F10C08B6D1DEE7CC
:106E50005846430030460093FFF73BFF009B184322
:106E6000C205F6D505F8010BAAEB050359423046D9
:106E70005941FFF749FFE2E74FF0080B802315F86F
:106E8000012B02EA03013046CDE90023FFF73CFF66
:106E9000019BBBF1010B009A4FEA5303F1D130463D
:106EA000FFF717FF0028B0D15545E5D3C9E738B53E
:106EB00004460925FFF7D6FE01212046FFF724FFEF
:106EC000013DF9D12046FFF7F0FE2046FFF730FFE5
:106ED0002046FFF7B8FE00280CBF6FF00F0000201F
:106EE00038BD0523C0E902330223C0E90012036163
:106EF0007047034670B40C46DA880068197922435B
:106F0000012405698C402B6812F0010F866814BFBC
:106F10002343A3432B60336870BC184737B50C4636
:106F20000569836801A95B68984748B92B6801988F
:106F30005840012303FA04F10840003818BF01202B
:106F400003B030BD08B5017B8068FFF7E7FF00386C
:106F500018BF012008BD012303FA01F103691B6872
:106F6000194203D022B183681B6903E0002AFAD0DA
:106F70008368DB6818470A46017B8068FFF7EBBF30
:106F8000FBF7F2BD38B5046904F114054FF0FF3288
:106F90004FF0FF332846FBF775FD2046FFF787FFCC
:106FA00004462846FFF7ECFF204638BD08B50179B6
:106FB0000068FFF7B3FF003818BF012008BD0A467C
:106FC00001790068FFF7C7BF70B506690C4606F186
:106FD00014054FF0FF324FF0FF332846FBF752FD08
:106FE00021463046FFF7BFFE04462846FFF7C8FF9C
:106FF000204670BD70B506690C4606F114054FF0C9
:10700000FF324FF0FF332846FBF73CFD2146304668
:10701000FFF7BDFE04462846FFF7B2FF204670BDCD
:107020002DE9F041D0F810800C4615461E4608F1B7
:1070300014074FF0FF324FF0FF333846FBF722FDC5
:10704000214633462A464046FFF7A9FE0446384605
:10705000FFF796FF2046BDE8F08102780B69012A10
:1070600007D0022A08D052B9DA6403F13C00FBF7DA
:10707000FDBD6FF00D02F7E76FF00A02F4E76FF065
:107080000402F1E738B504460569012205F12C0038
:10709000114602F013FA012205F13C00002102F032
:1070A0000DFA2046BDE83840F8F75ABB38B505461A
:1070B00000692C30FBF70EFE044610B92846FEF797
:1070C000CDFD204638BD10B50469FEF7A8FD04F1DA
:1070D0002C00BDE81040FBF7C9BD2DE9F04F87B08B
:1070E00004934368D0F810B0D3F820809B8A1746E9
:1070F00003934FF0FF324FF0FF3305460C46FFF786
:10710000D5FF0BF13C0302930026002300220BF174
:107110003C00FBF7DFFD3346BE4201D3002335E0E0
:10712000207A01077BD40136BE4221680BD2820748
:1071300009D4227D80EA020C0CF0010C02F004025A
:107140005CEA020C2BD0002B45D101F06042B2F179
:10715000005F43D14FF00009D4F800A0A388049A3F
:10716000CBF850A0009228465246217A00F0B2F89F
:10717000031E0BDB43F6095200230298FBF7AAFD1E
:1071800070B3284600F063F86FF07303284602934B
:10719000FFF799FF029B184607B0BDE8F08F4FF04C
:1071A00001096268DDF80CE003EB020CF44539D804
:1071B000C00705D408EB0300059302F093FE059B7E
:1071C00062681A4493B2B9F1000F11D1002BC1D0FB
:1071D0009946C246C3E74FF00009E2E79946E0E767
:1071E000DBF84C30002B20DB237ADB0702D40023B2
:1071F0000C3491E7C245FAD1A24609E0A9EB02019D
:107200001FFA81F9DAF80C0018FA81F102F06AFE2F
:10721000DAF80420AAF10C0A9145EFD2E7E76FF003
:107220008503B3E76FF01B03B0E76FF00403ADE72E
:1072300013B501AA044600F031F9002805DB019BD3
:10724000226819791868F8F7A7FB02B010BD73B56A
:1072500044680DF10701A36A1B68D3F80056D3F800
:107260000466FEF76DFC9DF8073013B9A06AFBF7C2
:1072700031F831462846FBF75FFA9DF807100546BE
:1072800029B9E069FFF7D4FFA06A01F0E7FF2846BB
:1072900002B070BDCA07436819D4C1F34201022984
:1072A0000BD003290ED0012911D14FF0CC729B6A6B
:1072B0001B680020C3F8242570479B6A4FF0C86202
:1072C0001B68F6E79B6A4FF07F621B68F1E76FF07F
:1072D00015007047F0B50C461D46164687B0476846
:1072E000122200210DF1060002F009FE04F0010354
:1072F0008DF80430BDF8303002958DF80530BB8C28
:107300000496AB420AD3C4F3400282F00102B86A89
:10731000520101A9FAF7F6FF07B0F0BD6FF01B00AC
:10732000FAE710B544680021E069FFF781FFA06A21
:10733000BDE8104001F092BF10B54468A06AFAF7AA
:10734000C9FFE0690121BDE81040FFF771BF08B532
:1073500029B1012906D1FFF7E4FF002008BDFFF79E
:10736000EBFFFAE76FF08500F8E7F0B40C2707FBB6
:10737000021414F8045C866845F0020504F8045C05
:10738000B468A446F0BC604701F10C00FBF702BEF4
:1073900030B589B08DF80410002144681D4620687E
:1073A000A3888DF810100C998DF80520069101AA7C
:1073B0000721029202228DF81C1002A90392059562
:1073C000FFF7D3FF09B030BD13B501240094FFF7D8
:1073D000DFFF02B010BD1FB58DF801200322446805
:1073E0008DF802302068A388029202228DF80010E6
:1073F0008DF80C2001A90122CDF804D0FFF7B5FFCC
:1074000004B010BD00B589B08DF8052001AA029224
:107410008DF804100222002105930A9B40688DF824
:107420001010039206938DF81C20838802A900682F
:10743000FFF79BFF09B05DF804FB2DE9F347054614
:107440000E4617469A469DF82890D0F810804FF0C7
:10745000FF324FF0FF334046FBF714FB3A4631460C
:1074600028460DF10703FFF7AFFF044678B99DF8F2
:1074700007303A4623EA090309EA0A0943EA0903FD
:10748000314628468DF80730FFF7A5FF04464046F1
:10749000FBF76AFB204602B0BDE8F08730B54368D1
:1074A0001360057A446804EBC504A34202D36FF06D
:1074B000010030BD5C7908338C42F1D10020F8E73F
:1074C00048B11F302CBF01210021400940EAC160B2
:1074D000490902F068B9704710B50469204601F007
:1074E00048FF0023636110BD2DE9F041D0F808800A
:1074F0000646D8F80040F4B1476897F8264014F0E3
:1075000001041FD105694FF0FF334FF0FF322846C9
:10751000FBF7B8FA6B690133012B6B6108D1304678
:10752000D8F800309847041E08DA6B69013B6B619C
:107530002846FBF719FB2046BDE8F081F869FFF704
:10754000BFFFF5E70024F6E7F8B5876806467C68D4
:107550009CB1436893F82630DB071DD405694FF0D2
:10756000FF334FF0FF322846FBF78CFA6B69002B94
:1075700005DC00242846FBF7F7FA2046F8BD013B5E
:107580006B61002BF5D17B6830469847041EBEBF67
:107590006B6901336B61EDE70024EEE7F0B4D0E9ED
:1075A00001631B693BB177688F4208DB3568954200
:1075B00005DCF0BC18476FF05700F0BC70476FF067
:1075C0001500FAE7F0B4D0E901631B6A3BB13769F3
:1075D0008F4208DBF568954205DCF0BC18476FF078
:1075E0005700F0BC70476FF01500FAE770B4D0E9AF
:1075F0000162956A03460C46A5B196F8242012B99B
:107600002B4670BC1847306A024410F8011BA14297
:1076100002D121461846F3E79042F6D16FF085007B
:1076200070BC70476FF05700FAE72DE9F3410E4642
:10763000D0E9014794F825108046FF2905690FD14C
:1076400094F8261001F00C01082914D0D8F808305D
:1076500000391B6B18BF01214BB96FF0570003E0D5
:10766000FFF7C4FF0028EBDA02B0BDE8F081404626
:1076700098470028F8DBA268B2F1004F05D0114608
:107680004046FFF78BFF0028EEDB6269B2F1004F46
:1076900005D011464046FFF795FF0028E4DB23683C
:1076A000B3F1004F14D0D8F808305B69002BD4D068
:1076B000404601A998470028D6DB2268019B9A42E0
:1076C0001CDD11464046FFF769FF002805DACBE7CD
:1076D0006FF0004362689A42E5D19EB994F8263073
:1076E0009B0716D040463B6898470028BCDBA06942
:1076F000FFF7E6FE6B6901336B610AE06268934253
:10770000EBDDDEE76B6901336B6194F82630DA0656
:1077100001D40020A8E74046FFF716FFA4E70123A5
:1077200003FA01F103691B68194218BF82F00102D4
:1077300012B18368DB68184783681B69FBE708B5EB
:107740004368986A38B1012293F82C10FFF7E7FFDD
:1077500000EAE07008BD6FF08500FBE743681B6836
:10776000B3F1004F14BF00206FF00100B0FA80F0B9
:10777000400970470346084631B95B681B68B3F19E
:10778000004F01D0136070476FF0150070474368D9
:107790001B68B3F1004F1ABF00200B606FF00100AF
:1077A0007047F8B54668044696F8267007F0030758
:1077B0003D1E18BF0125FFF78FFEB06A28B9294684
:1077C0002046BDE8F840FFF730BF01F085FD28B343
:1077D000002F0CBF4FF4B0134FF4D013F28DB06AEA
:1077E00096F82C101A430127D0F810C042F300037A
:1077F00003F44023DCF80060534023F480128F40F0
:10780000DB07D0F808E04CBF3E43BE43CCF8006035
:10781000DEF8003098470028D1DAF8BD6FF012008A
:10782000FBE74368986A20B1002293F82C10FFF719
:1078300076BF6FF085007047436893F82D30032BB7
:1078400094BF182000207047F8B50C46002701258A
:107850004668706830B90137052F06F10806F8D17F
:107860000020F8BD337A44FA07F205FA03F1036900
:1078700002F001021B68194218BF82F001022AB10E
:107880008368DB6898470028E5D0EAE783681B69CE
:10789000F8E7406890F82D30032B13D8DFE803F0A9
:1078A00002080B0F01231A460421806AFFF793BDDB
:1078B00001230322F8E701231A460821F5E70123F3
:1078C0000322FAE7002070474068012302220B21BF
:1078D0000068FFF780BD0B461146426892F82D20E4
:1078E000032A02D898B2F8F721B96FF01500704753
:1078F00013B51C46806A0DF10703FFF765FD0028EC
:1079000008DB9DF8073000201C40003C18BF012414
:10791000049B1C7002B010BD10B401320129D2B218
:1079200008BFD2009DF8044015BF42EA831342EA23
:10793000C3134722B82214BFDBB2DBB2012C0CD038
:10794000022C07D064B901920C220421806A10BC79
:10795000FFF773BD01920E22F7E701920D22F4E7C3
:107960006FF0850010BC7047F7B50124012A04FAB6
:1079700001F405460E461346E4B204D0042A17D09B
:10798000C2B9052701E00427002300941522042131
:10799000A86AFFF752FD00280EDB0123042107EB44
:1079A0004602A86AD2B203B0BDE8F040FFF713BDAB
:1079B0002346E6E76FF0850003B0F0BD40680A4655
:1079C00090F82D30032B0DD8DFE803F00205070AED
:1079D0000021FFF7C9BF0121FBE70021F8F7E4B858
:1079E0000121FBE76FF08500704713B5144601F1E4
:1079F0000C02806A08210DF10703D2B2FFF7E4FC04
:107A0000002807DB21469DF8070002B0BDE81040C2
:107A1000F8F78CB802B010BD37B505460C461046D5
:107A200019460DF10602F8F791F810F1160F0BD078
:107A3000082104F10C029DF80630A86AD2B203B006
:107A4000BDE83040FFF7C7BC03B030BD73B5054695
:107A50000C46164604210F22806A0DF10703FFF73A
:107A6000B3FC002812DB9DF8073004212341DB071B
:107A700045BF043464001034334658BF3346A86A07
:107A80004CBF04F0FE02E2B2FFF79EFC02B070BDF4
:107A900030B5044685B010460D460DF10E0219466C
:107AA0006468F8F753F810F1160F21D029462046E4
:107AB0000DF10D02FFF7CAFF002819DBBDF80E30EB
:107AC0009DF80D209A4213D02A1D52000421A06A6D
:107AD000DBB202F0FE02FFF77EFC002808DB012388
:107AE000AB40DBB200930F220421A06AFFF7A5FC94
:107AF00005B030BD30B44468134694F82D20032AF5
:107B000014D8DFE802F002070A100A46002130BC50
:107B1000FFF7BEBF0A460121F9E70A4600212046C9
:107B200030BCFFF779BF0A460121F8E76FF0120079
:107B300030BC704713B5446894F82D30032B2AD815
:107B4000DFE803F0020B0E26012300220421A06AC5
:107B500002B0BDE81040FFF73EBC01230222F5E76A
:107B6000012300220821A06AFFF735FC00280DDB65
:107B700094F83C3053B900213F2001F014FE042258
:107B80000821A06A0DF10703FFF71EFC02B010BD2B
:107B900001230222E6E70020F8E72DE9F041012663
:107BA000446804F12805606828B90834A542FAD170
:107BB0000020BDE8F08101F08FFBC8B1B4F80AE005
:107BC0006068217A4EF4003207691EF0010F3B68AD
:107BD00006FA01FC14BF4CEA030323EA0C03D0F8B5
:107BE00008803B60D8F8003098470028DDD0E0E7F7
:107BF0006FF01200DDE713B540680C4690F82D30A9
:107C0000032B20D8DFE803F00211151C00210DF131
:107C10000702FFF71BFF002817DB21469DF807002E
:107C200002B0BDE81040F7F781BF01210DF1070256
:107C3000EFE70A46002102B0BDE81040FFF7D5BECD
:107C40000A460121F7E76FF0120002B010BD37B508
:107C500013460A78FF2A29D0406890F82D40032C5B
:107C600026D8DFE804F002090D1B00934B780021B1
:107C7000FFF752FE03B030BD00934B780121F7E7C8
:107C80004978C3B9013242EAC1030522DBB20821B7
:107C9000806A03B0BDE83040FFF79DBB497853B917
:107CA000013242EAC103DBB20622F0E70020E1E73D
:107CB0006FF01200DEE76FF08500DBE7F0B5456896
:107CC000044685B0A86A01F007FB18B96FF01200EE
:107CD00005B0F0BD606890F82D30032BF6D8DFE8D2
:107CE00003F0022429300DF10D0300930423342204
:107CF0000421FFF7FDFD0028EAD120469DF80D1074
:107D0000FFF793FC0028E3DB296BF9B995F83A30CB
:107D1000FF2B38D1606895F83B3090F82D20032A6E
:107D2000D4D8DFE802F04A7179810DF10D03009398
:107D30004023DCE70DF10D03009303230422082107
:107D4000D7E70DF10D0300930C23F7E7676897F869
:107D50002D6026B1012E02D06FF08500B8E70846ED
:107D60000DF10E02F7F7F2FE10F1160FB0D072000F
:107D7000093204219DF80E30B86AD2B2FFF72BFB0E
:107D80000028C3D0A4E7606890F82D20022A07D00D
:107D9000032AE1D130221B01009203F0F00304E03A
:107DA0000C229B00009203F0FC0307220821806A4A
:107DB000FFF743FB0028ADD08AE7042115229B0082
:107DC000009103F0FC03806AFFF737FB00287FF483
:107DD0007FAF024605F134012046FFF738FF002847
:107DE0007FF476AF0122204605F13601FFF72FFF21
:107DF00000287FF46DAF0222204605F1380105B05E
:107E0000BDE8F040FFF723BF0822DB000092042109
:107E1000152203F0F803D6E740229B01009203F0FD
:107E2000C00307220821CEE78022DB010092134025
:107E3000F7E74368586870472DE9F0411F460E4642
:107E400015460446D0F804804046F7F701FFD8F8FD
:107E500000103A463144284602F044F86068F7F7CB
:107E600005FF0020BDE8F0812DE9F0411F460D46D9
:107E700016460446D0F804804046F7F7E9FED8F8E5
:107E800000003A463146284402F02CF86068F7F7C3
:107E9000EDFE0020BDE8F08138B50446456828466F
:107EA000F7F7D6FE00216A68286802F028F86068B3
:107EB000F7F7DCFE002038BDF0B5B0F80AC0048941
:107EC000D0E90065ACEB0407B24205FB076701DBB4
:107ED000B94202DD6FF01500F0BDB14203DA1C803B
:107EE0006FF02100F8E7BA4202DDA3F800C0F7E71F
:107EF00015B91C800020EFE7891B6E1E3144B1FBD1
:107F0000F5F10C44A4B21C800389E41AD0E90031D5
:107F100001FB04339342EDD9DCE740F201132DE974
:107F2000F04188B04FF00308ADF8103001234568E8
:107F300004698DF81230286800220521CDF80080F0
:107F400004ABFFF75FFA00285AD12022002302A8D1
:107F500001F01BFDDDE9026734224146286804F187
:107F60000803FFF731FA00284AD136224146286833
:107F700004F10903FFF728FA002841D10722022162
:107F8000286804F10B03FFF71FFA002838D102A874
:107F900032463B4601F01EFDDDE9020101F003FC23
:107FA0000B23009310220521286805ABFFF7F0F999
:107FB00030BB9DF819309DF8152003EA080343EA09
:107FC000820323809DF819309DF81620C3F38103A6
:107FD00043EA8203A3809DF819309DF81720C3F36C
:107FE000011343EA8203E3809DF81E309DF81C20B4
:107FF000C3F3011343EA820363809DF81430A37234
:1080000008B0BDE8F08170B4048945892D1BD0E922
:10801000004606FB0544A14209DD848AC58A2D1B62
:10802000D0E9034606FB0544A14203DC0C3070BCDA
:10803000FFF742BF6FF0150070BC704710B50269C2
:108040008B00526A1021D46803F0FC030C22A04775
:108050000028B4BF6FF00400002010BD10B5036904
:1080600004295B6ADC6809D102230E221121A04792
:108070000028B4BF6FF00400002010BD890001F09B
:10808000FC03F2E737B504696A46636A28211D6874
:108090000623A8470028A9BF00206FF00400BDF9FF
:1080A00000302360A1BFBDF902306360BDF9043028
:1080B000A36003B030BD37B504696A46636A222104
:1080C0001D680623A8470028A9BF00206FF0040000
:1080D000BDF900302361A1BFBDF902306361BDF974
:1080E0000430A36103B030BD37B504692021636A51
:1080F00001AA1D680223A8470028A9BF00206FF02D
:108100000400BDF90430236203B030BD0C2910B562
:1081100004461DD006D803290CD007290ED06FF0D5
:10812000850010BD4C29FAD1FFF7ACFF50B16FF0BC
:108130000400F6E7BDE81040FFF7A4BFBDE810401B
:10814000FFF7B9BF2046FFF7B6FF0028EFD1204662
:10815000BDE81040FFF7C8BF70B507291446056990
:108160000FD8032912D9EE69062932462ED00729E5
:108170002ED0052914BF296969692046F3F7DCFE72
:1081800011E00C2933D06FF0850070BDEE68022934
:1081900032460AD003290AD0012914BF2968696828
:1081A0002046F3F79DFE0020EFE7A968F8E7204698
:1081B0002968F3F795FE3246696804F10800F3F781
:1081C0008FFE3246A96804F11000EAE7A969D4E7F6
:1081D00020462969F3F7B0FE3246696904F10800C8
:1081E000F3F7AAFE3246A96904F11000C6E72B6A2C
:1081F000002BB8BFFF331B12193313602B6A5A428E
:10820000D2B2DBB258BF534240F64272534363606E
:10821000C9E72DE9F04104460D46066991B10129EF
:1082200022D1308DF8F728F8C1B22046F8F752F87D
:10823000F0B9708DF8F720F8C1B22046BDE8F041E2
:10824000F8F72AB8736AF022DF680B461021B847A6
:1082500000280BDB736A2046DE68F0222B46B4460A
:10826000BDE8F041112160476FF08500BDE8F08165
:108270006FF00400FAE7F0B40C2707FB021414F8BF
:10828000045C866845F0020504F8045CB468A44602
:10829000F0BC604730B589B08DF807100DF10701CB
:1082A000029101211D4644686068039100212389E1
:1082B000CDE9052502228DF8101002A98DF81C20A9
:1082C000FFF7D9FF09B030BD30B589B08DF8071080
:1082D0000DF107011D460291012144686068238960
:1082E0000391CDE90525002107228DF810108DF8A6
:1082F0001C2002A90222FFF7BEFF09B030BD10B555
:1083000088B08DF807100DF1070102910121436833
:10831000002458681B89CDE90521072203918DF8B7
:108320001C2002A902228DF81040FFF7A4FF08B01C
:1083300010BD2DE9F0471F4643680126D3F804809D
:1083400093F808A0002388B08DF810300DF10303D6
:10835000CDE9053607230D4614468DF804100DF1BE
:1083600004098DF81C3002225346404602A9CDF87C
:1083700008900396FFF77FFFB8B99DF8032022EA23
:1083800004033C401C43A2420FD002233246039315
:108390008DF810304046534602A98DF804508DF8F0
:1083A0000540CDF80890FFF766FF08B0BDE8F087FC
:1083B00070B54FF4FA530646446C47F6122C5C43F2
:1083C00056F8203B05461B6840F2E730B4FBF3F457
:1083D0000021C8344FF47A720023E4FB0C01F0F75B
:1083E000E7FA02460B463046FAF774FC08B9286BE8
:1083F00070BD6FF07300FBE7002201214D20F4F700
:108400009BBE00220121ED20F4F796BE10B50B684B
:1084100013B91846136005E003685C681CB114606A
:108420000368186810BD083303600B68013B0B60DC
:10843000EDE710B5036804468BB11A7D7AB118696F
:1084400000F020FF0121236898681B7B9940036995
:108450001B68194283680CBF1B69DB689847A369D6
:1084600033B9636004F11000BDE81040FAF7FEBBB9
:1084700010BD08B50069C36D8B4204D15C30FFF7B5
:10848000D8FF002008BD4FF0FF30FBE7F8B50C46E1
:1084900006690546F76DFDF7C2FB14B9BB88DB041E
:1084A00003D43946284600F03DF9C6F88C4006F161
:1084B0007C00BDE8F840FAF7D9BB37B5036905463B
:1084C000D3F8A820D3F8B010A2B9C9B10C46D3F89C
:1084D000A400E0B1EAB91046D3F8AC30DBB1002912
:1084E00004BF0C46234601460094284600F02EF9AE
:1084F00003B030BD49B191420C4628BF1446E6E7AF
:1085000003B0BDE83040FFF7C1BF1446DFE70246C5
:10851000E2E72246E0E71C46E5E770B50D1E064699
:10852000046903DABDE87040FFF7B0BFD4F8A830A3
:10853000CBB19D4217D85B1BC4F8A830ABBBD4F8B5
:10854000903004F1A8020833C4F89030D4F8943085
:1085500004F19401013BC4F8943004F19000FFF75A
:1085600055FFC4F8A400D4F8B030CBB19D4217D861
:108570005B1BC4F8B03003BBD4F8983004F1B002F0
:108580000833C4F89830D4F89C3004F19C01013BC6
:10859000C4F89C3004F19800FFF738FFC4F8AC0031
:1085A0003046BDE87040FFF788BFD4F8A430002BF8
:1085B000D9D02B44C4F8A430D5E7D4F8AC30002B84
:1085C000EED02B44C4F8AC30EAE70069B430FAF7D7
:1085D0004DBB13B501AA0446FEF760FF002805DB7A
:1085E000019B226819791868F7F7D6F902B010BD17
:1085F00003460A4619790123006803FA01F1036969
:108600001B68194218BF82F0010212B18368DB684F
:10861000184783681B69FBE7F0B504690646D4E98F
:1086200015128B1A476885B004D1BB6805B0BDE848
:10863000F0401847BD8BE16C9D4228BF1D4621B11B
:1086400001F06043B3F1005F06D1236D3BB103F04D
:108650006043B3F1005F02D0082D28BF0825002336
:10866000A36451B1114401F06043B3F1005F04D041
:108670002A46386901F036FC3969236D43B1A26D91
:10868000134403F06042B2F1005F1CBF7B69A36436
:10869000002914BF2A460022002B08BF0025CDE97F
:1086A000012300910022694620460395F9F71AFD3F
:1086B000014618B1736830469B68984705B0F0BD15
:1086C00070B50C690E46A16C054639B1A36D206DDD
:1086D0002A69184401F006FC0023A3642969AA68EA
:1086E000A36D304691422CBF5B189B18A365BDE873
:1086F0007040FFF791BF0847072210B503690C4689
:108700001B68C3F800250B7D5BB1012104F1080053
:10871000FFF76EFF237D23B12069BDE8104000F014
:10872000B1BD10BD38B503690C461D680B7D4BB15A
:10873000086900F0A7FD237D23B1002104F10800A2
:10874000FFF756FF0023C5F8003538BD10B40469A3
:10875000C4E91313019B93422CBF63656265002338
:10876000A36510BCFFF758BF006900F087BC012962
:10877000F8B5044627D007D9023901298CBF6FF01C
:1087800015006FF08500F8BD0569466895F828303A
:108790002BB12846F9F76EFC002385F82830636872
:1087A0000024DF68DD7FAC4205D301217068BDE89D
:1087B000F840FFF70EBF57F83400FDF730FA0028F5
:1087C000E1D10134EFE700244568EF68EE7FB44261
:1087D00002D300216868EAE757F83400FDF73EFA53
:1087E0000028D0D10134F2E72DE9F84304460025F2
:1087F000012743681B6898476368DE7FDC68B542E1
:1088000002D30020BDE8F88320682179E388D0F8FE
:1088100010E0DA0754BF43F4B01383F4D013DEF84A
:1088200000C023F4801207FA01F8DB07D0F80890A3
:108830004CBF48EA0C032CEA0803CEF80030D9F804
:108840000030984708340028DCD10135D7E708B557
:108850000220F6F7F5FA002008BDF9F76BB808B565
:10886000F9F768F808BD1FB500240A2201940294A4
:10887000CDF80B400091014601A801F058FB009B88
:1088800084F31188BFF36F8F0323184602DF04B00F
:1088900010BD10B54FF0FF304FF0FF31F8F740F842
:1088A000044628B9E7F77EFF044618B1F8F740F808
:1088B000204610BDF8F73CF82046F5F7F9F8F7E741
:1088C000F8F722B910B532220021044601F017FB57
:1088D0006FF03F0363712823A3730223E3736FF0E8
:1088E000480363760323A3766FF03F03E376082300
:1088F0002377802384F8263010BD08B5FBF7F0F904
:1089000048B1002383F31188BFF36F8F0423184607
:1089100002DF6FF0040008BD1FB500240A22019495
:108920000294CDF80B400091014601A801F0FFFA36
:10893000009B84F31188BFF36F8F0323184602DF77
:1089400004B010BD08B54FF0FF314FF0FF30F7F71E
:10895000E7FFF2F700FABDE80840F7F7E9BF68461D
:1089600020F007018D4601B5EEF76AF8BDE8014039
:1089700085467047684620F007018D4601B5EEF741
:1089800051F8BDE8014085467047684620F0070170
:108990008D4601B5EEF784FBBDE801408546704782
:1089A00008B5F1F7FDFD002008BD7047012802D091
:1089B000022803D070470020EDF726B90120FBE71D
:1089C0007047ECF757BF08B5EEF7A0FD30B1EFF3F5
:1089D00005800338032894BF0020012008BD70479C
:1089E000012070470020704710B521F040010C298C
:1089F000046904D1EEF724FE2060002010BD6FF062
:108A00008500FBE703460020184700F03BBC024608
:108A100010B5116891B1B1FA81F3C3F11F000123C0
:108A2000834021EA0303D2E8EF4F8C4204D1C2E82D
:108A3000EC3FBCF1000FF6D1EBD110BD6FF00B0095
:108A4000FBE710B50368CB40DB0710D401238B4054
:108A5000026843EA0201D0E8EF4F944204D1C0E833
:108A6000EC1FBCF1000FF6D1F2D1002010BD6FF069
:108A70001500FBE72DE9F04116461F464FF00108AF
:108A800000F160404C1E0444C50BE40BA54201D923
:108A9000BDE8F08105F00F01C5F30710324608FA72
:108AA00001F1B8470135F1E7000100F1A04000F500
:108AB0004F20D0F800351AB11943C0F8001570479F
:108AC00023EA0103C0F800357047F7B51646DDE923
:108AD0000847019001A81D46F8F7C0FC019BB6F1BC
:108AE000000C18BF4FF0010C00EB83000B1E18BFE9
:108AF0000123002D43EA4C030CBF4FF0000C4FF054
:108B00000C0C002C43EA0C030CBF4FF0000C4FF48C
:108B1000706C002F43EA0C030CBF4FF0000C4FF4B5
:108B2000403CD0F8802043EA0C0322EA030301B161
:108B300009780EB13678760019430DB12D78AD0065
:108B400031430CB12478240229430FB13F783F040C
:108B50000C433C43C0F8804003B0F0BD1FB50DF19D
:108B60000F03019300238DF80F101A461946009346
:108B7000FFF7ABFF05B05DF804FB10B504460846EF
:108B8000F8F77CFC04EB4004207DC0F3401010BDDE
:108B900010B504460846F8F771FC04EB4004207D4C
:108BA000C0F3400010BD10B504460846F8F766FC57
:108BB00004EB4004A08A400B10BD70B50446084683
:108BC0001646F8F75BFC083034F810300D46DA052D
:108BD00009D5C3F3432304EBC3023146284654F8B6
:108BE000333052689847A3682BB131462846E26873
:108BF000BDE87040184770BD10B504460846F8F748
:108C00003DFC04EB4000838ADA051DD5C3F3432104
:108C100023F4F853838204F1120204F1960032F82F
:108C2000023F13F4807F03D0C3F3432399420BD058
:108C30008242F4D1002204EBC1035A6004F19C008B
:108C4000BDE81040FFF7FDBE10BDF0B504460020A2
:108C500001270546844695420AD1D4F8443133B100
:108C60000023C4F84431D4F8443140F40030F0BD5E
:108C7000EBB29B0003F580769B0807FA03F31942D9
:108C800008D054F806E0BEF1000F03D044F806C047
:108C9000A65918430135DEE738B504460D46FFF7FF
:108CA0006CFFA8B12046FFF773FF88B92046FFF795
:108CB0007AFF012322688340C2F81833236803EB4C
:108CC0008000D0F8103523F00303C0F8103538BD0C
:108CD0002846BDE838400021FFF740BF2DE9F043AA
:108CE0001746044685B00846F8F7C8FBD7F8008059
:108CF0000E460546B8F1000F1ED02046FFF748FF8C
:108D000018B12046FFF739FF20BB00230DF10F02F9
:108D1000CDE900338DF80E308DF80F3030464346E4
:108D20000DF10E01FFF7D1FE04EB4502938A23F00B
:108D3000020343F0010393827B689BB331462046D4
:108D400093F80080D3F80490FFF722FF28B1B9F11F
:108D5000000F1FD06FF0150027E004EB4500838A59
:108D600023F4604323F020038382B9F1000F11D074
:108D7000B8F1030FEED87B6821685B6893F800C0F8
:108D80004FEA8C031944B8F1000F11D1C1F81085D6
:108D9000C1F8108504EB4502938A23F01C0343EAD3
:108DA00088039382BB684BBB002005B0BDE8F0830D
:108DB000D1F8102522F00302C1F8102522681344CF
:108DC000D3F8102522F4473222F47C72C3F8102520
:108DD00041F6F072D3F8101502EA061242EA084290
:108DE0000A43C3F8102504EB4C03A3F8A060838A60
:108DF00043EA4C3343F020038382CBE73146D3E987
:108E000000782046FFF7F8FE002FCDD063689F4220
:108E100006D004F19C00FFF7FAFD002804DAC4E74D
:108E2000A3689845F5D1002004EBC003C3E901789D
:108E300004EB4505AB8AC0B243EA402343F4807398
:108E4000AB82B1E7C0E90312704770B5044615461E
:108E5000FFF793FE48B10846F8F710FB04EB400417
:108E60000020A38A5B0B2B7070BD6FF01500FBE731
:108E700090F8B000003818BF01207047F8F736BBF3
:108E80002DE9F34104461746FFF777FE0D462668A5
:108E9000F0B12046FFF77CFE8046C8B92046FFF7B8
:108EA00082FE820002F5807346F80380F35823683F
:108EB0001344D3F8102542F00102C3F8102527B15E
:108EC000012322688340C2F8143302B0BDE8F08168
:108ED000D6F8143328469B035CBF4FF40033C6F822
:108EE0001433F8F7CBFA04EB4004A38AC3F38203EC
:108EF000042B11D0052B11D001A80195F8F7AEFA7B
:108F0000019BC168D94001F001010231284602B03D
:108F1000BDE8F041FFF722BE0321F7E70221F5E7A4
:108F2000FFF7BABEC9B2F8F70DBF30B50124054648
:108F300090084038844014EA010009D0A85838B19C
:108F40000021A950AA5813B11A6822431A600120BF
:108F500030BD00232DE9F34104460D4601939046B0
:108F600001AB4FF48072FFF7E0FF4FF482722946A5
:108F70002046FFF7DAFF4FF4847207462946204661
:108F8000FFF7D3FF064630B1B8F1000F1DD017B17F
:108F90003E46D4F80C374FF4A6722946204601AB62
:108FA000FFF7C3FF30B1B8F1000F03D016B90FB10E
:108FB000D4F80C374FF4B4722946204601ABFFF7C2
:108FC000B4FF019802B0BDE8F0814646E3E707B57B
:108FD000019001A8F8F7C2FE0123019A9340436073
:108FE00003B05DF804FB07B5019001A8F8F7B6FEE1
:108FF0000123019A9340836003B05DF804FBF8B548
:109000001E4690F8203004460D46174693B919B114
:109010004969F8F7B3FE80B1C4E901761DB129466C
:109020002046F8F731FF0020012384F8210084F85E
:109030002030F8BD6FF07700FBE76FF01500F8E720
:1090400070B590F8203005460E4673B190F8213087
:1090500003F0FF0463B94969F8F790FE58B1284658
:109060003146F8F711FF204670BD6FF07600FBE740
:109070006FF00F00F8E76FF01500F5E7011D0068CD
:10908000F8F79ABE70B590F8223004461E070568BE
:1090900005D5D5F8083113B10023C5F8803C94F804
:1090A0002230580710D5D5F80433D9070CD5D5F898
:1090B00000314BB10023C5F80031D5F80021C5F8C7
:1090C000843C0123C5F808330421284604F110022A
:1090D000FFF73FFFD8B1606A421C05D094F82230F8
:1090E0009B0711D5FFF77FFF94F821301BB128466D
:1090F000211DF8F761FE2046002300F80C3FD4E95B
:109100000131BDE870401847FFF761FFECE770BD23
:1091100091F820200346032A29D8DFE802F0212510
:1091200019028A68500504D5D3F84427086990428B
:1091300007D18A6852051AD4D3F844278969914225
:1091400015D000200622C3F80005C3F8002570479B
:10915000D3F8442708699042F3D1D3F80C27EDE700
:10916000D3F844270969EAE7D3F80C27FAE7012086
:10917000704730B501249508403DAC400C4208D002
:10918000815831B100218150825813B11A682243AD
:109190001A6030BD002313B50C4601934FF494724E
:1091A00001ABFFF7E6FF21464FF48272FFF7E1FFC4
:1091B00021464FF48A72FFF7DCFF21464FF4B67266
:1091C000FFF7D7FF21464FF4A872FFF7D2FF2146E1
:1091D0004FF49C72FFF7CDFF4FF49A722146FFF7D0
:1091E000C8FF019802B010BD10B4CC7B8A68036838
:1091F0002CB9D1E90041C3F80046C3F80416C3F8FE
:10920000242543682BB1006810BCC0F30830F3F785
:1092100071BF10BC704738B50D4690F82610044653
:10922000C9B9C160C0E9012380F8291080F828106D
:1092300065B1AB7B80F82B302846F9F719F86B7BCA
:109240002946204684F82A30FFF7CEFF012300206C
:1092500084F8263038BD6FF07700FBE706220368FC
:10926000C3F80025022380F82630704707B5019027
:1092700001A8F9F751FA0123019A9340436003B022
:109280005DF804FB08B1F4F7B7BB704738B5436924
:1092900005465BB90024EA68537843F00103537034
:1092A00014B92846FCF793FE604238BD9847002861
:1092B000F0D080EAE074A4EBE074FF2CA8BFFF2498
:1092C000EB681C70E7E7C3685B78DB0701D4FFF746
:1092D000DDBF6FF07700704740B1C368587810F079
:1092E00001001EBF1878B0FA80F040097047EFF314
:1092F0001183402383F31288BFF36F8FFEE708B515
:10930000FFF7F5FF10B400F10C04C0E9034410BCF2
:10931000FCF7C0BA38B50446EFF31185402383F358
:109320001288BFF36F8FFCF716FA04F10C0000F0FF
:109330002BFA30B1294604F11400BDE8384000F0A2
:1093400009BA85F31188BFF36F8F38BD402408B583
:10935000EFF3118384F31288BFF36F8FFCF764FE81
:10936000F6E790F90E308B4201D0FAF731B80020C1
:10937000704703460020C3E90033C3E90200704789
:10938000D0E9003213605A600023027CC0E9003348
:1093900022F002020274836070472DE9F843904680
:1093A00004460D469DF82020EFF31187402181F3FC
:1093B0001288BFF36F8F02B14568A66804F10809EF
:1093C000B14516D0AEB100243046FFF7D9FF06F103
:1093D000180000F09FFA3046C6F88040C6F81480A6
:1093E00000F085F94846394600F0B4F92046BDE85A
:1093F000F883A3B10820FAF7E3FB002832D001225A
:10940000C0F804800260016801F003015DB92268C0
:109410000A430260626820606AB960600BE04046FF
:10942000C8F80030EFE72A68032A10D801606168A5
:1094300039B9C4E90000002087F31188BFF36F8FAA
:10944000D5E70A6802F0030202430A60E5E722F06A
:1094500003020A4302602A6802F0030240EA0203A0
:109460002B60E8E76FF00B00E6E710B5044630B17B
:109470000268930703D0446809B100F03FFB20461F
:1094800010BD0023C0E9003300F10803C0E9023336
:109490007047012307B5009300230A461946FFF7DA
:1094A0007CFF03B05DF804FB002307B50A46009378
:1094B0001946FFF772FF03B05DF804FB3AB18A4228
:1094C00005D3C0E90212C0E90000002070476FF028
:1094D00015007047012302688B4022EA03030360F2
:1094E00022FA01F000F00100704710B50321044694
:1094F0000C30FFF7EFFF30B104F1100000F00AFA72
:10950000B0FA80F0400910BD20B10022943011461D
:1095100000F092B9704770B5C3680446C3F34006C3
:109520009B0716D4856802210C30FFF7D3FF80B16A
:10953000D5F88C206AB194421DD122689EB9D5F825
:109540009030C5F88C209C4201D1C5F890200023B2
:109550002360E36813F01F001EBF43F00203E360C3
:1095600040F0020070BD3260D5F89020944208BFF0
:10957000C5F89060EBE716461268DBE773B5044662
:10958000EFF31185402383F31288BFF36F8F00231D
:109590000193D0E90423B3F1004F08BF012A05D09D
:1095A00085F31188BFF36F8F02B070BDA0F1100674
:1095B00003210438FFF78EFF0028F1D0A36930465D
:1095C00001A90193F9F794FCEAE738B504460D4682
:1095D0001022002100F093FC656038BD13B50190A6
:1095E0000846EFF31184402383F31288BFF36F8F93
:1095F00001A9F9F77DFC84F31188BFF36F8F02B0E6
:1096000010BD10B5FFF7EAFF041E08DDEFF311806F
:10961000402383F31288BFF36F8FF9F745FF20468D
:1096200010BD08B5A822002100F069FC08BD38B5BE
:1096300030220D460021044600F061FC4FF4807397
:109640006560E36038BD38B50446EFF3118540230B
:1096500083F31288BFF36F8FFFF747FF2046FFF7B2
:109660005AFF85F31188BFF36F8F38BDEFF3058084
:10967000003818BF012070476FF057007047D0E9DD
:10968000003213605A600023C0E90033704708B508
:10969000FFF7F5FF037C23F00203037400238360CC
:1096A00008BD38B504460D46F9F7EEFD237C43F0BE
:1096B00002032374D5B1A5602B689D4209D16B6864
:1096C000C4E900531C606C6010E06A689A42F6D0EE
:1096D0001B68002BF3D093F90E1094F90E209142E1
:1096E000F3DD5A68C4E9003214605C6038BD10B51F
:1096F000EFF31184402383F31288BFF36F8FF9F7E0
:1097000083FD84F31188BFF36F8F10BD08B5037C10
:10971000014613F0280F0CD183680BB1FFF7B7FF98
:109720000B7C084623F004030B74BDE80840F9F7EE
:109730006BBD08BD10B5EFF31184402383F312888D
:10974000BFF36F8F1838FFF7E1FF84F31188BFF381
:109750006F8F10BD0846F9F7CFBD38B505460468D0
:109760000020AC4200D138BD002CFCD02046FFF7D1
:109770008EFF04F1180000F0CDF82046F9F744FD03
:109780002C680120A542EDE710B5EFF311844023CA
:1097900083F31288BFF36F8FFFF7DFFF84F3118825
:1097A000BFF36F8F10BD70B506460D46F9F718FF71
:1097B000B5F1FF3F08BFB6F1FF3F04460CD047F6B6
:1097C000112000214FF47A7547F612220023E4FBA2
:1097D0000501EFF7EDF870BD4FF0FF30FBE708B57E
:1097E000C3171F3043F10003400940EAC360C117AB
:1097F000F9F7F6FE400108BD38B50446EFF31185D0
:10980000402383F31288BFF36F8F037C5B070ED571
:10981000183000F07FF8237C204623F004032374E3
:10982000F9F7F2FC2846BDE83840F9F765BD85F345
:109830001188BFF36F8F38BD38B5EFF31185402322
:1098400083F31288BFF36F8F0468A04213D0A4B1D2
:10985000C4F8801062612046FFF719FF04F1180078
:1098600000F058F82046F9F7CFFC012085F3118865
:10987000BFF36F8F38BD0020F8E72046F6E72DE9EB
:10988000F04706460F4691469A46EFF3118840236B
:1098900083F31288BFF36F8F0068864206D028B129
:1098A000736898420CBF0025056868B90024B9F1B7
:1098B000000F02D051462046C84788F31188BFF3F5
:1098C0006F8F2046BDE8F0875146B8470446002810
:1098D000EDD135B17368AB4200D02C6828462546DF
:1098E000E3E72C46FAE708B50246F9F7EBFF70B15B
:1098F000D0E904319B1A61EBE272B3F1004F72F1CF
:10990000000104DA002AACBF1846002008BD6FF041
:109910000040FBE7024638B5EFF31185402383F39F
:109920001288BFF36F8F0368D3B1F9F7CBFF0446FA
:109930001046F9F7D9FF00224FF000438442C0E9F6
:10994000042305D0002085F31188BFF36F8F38BD45
:10995000F9F7C0FFFFF7C7FF0021F6F791FFF1E726
:10996000D0E90413B3F1004F08BF012904D100204E
:109970004FF00041C2E904016FF01500E3E708B5BC
:10998000FAF7BAF808BDFAF7B7B8B3F1FF3F08BF66
:10999000B2F1FF3F70B506461D46144614D01A4377
:1099A00016D0002B08DBFAF7A7F8041941EB0501E4
:1099B000C6E90041304670BD6FF001031C1B4FF03B
:1099C000FF3363EB0501F3E74FF0FF342146EFE788
:1099D0000024FBE7B3F1FF3F08BFB2F1FF3FF8B54A
:1099E000074616461C4610D054EA020311D0FAF777
:1099F00083F8B0420A46A14103460AD2F31A64EB47
:109A00000204C7E900343846F8BD4FF0FF331C4666
:109A1000F7E70023FBE72DE9F3470446DDE90A9861
:109A200015460E4659B302F0010AF9F715FE07462E
:109A3000EFF31181402383F31288BFF36F8FA807E0
:109A400044BF0023A360A36803EA0600BAF1000F35
:109A50000CD086420CD16A0744BF8343A36081F3D4
:109A60001188BFF36F8F02B0BDE8F0870028F2D1F4
:109A700059EA080305D181F31188BFF36F8F0020E5
:109A8000F1E7C7E918652246CDE9009804F10C001A
:109A9000F9F77CFC0028F2D1386EE4E710B50B68CA
:109AA0000446D0E9180212F0010F03EA000301D0C6
:109AB000984211D183B12366520748BF4A6804F126
:109AC000180044BF1A434A60FFF724FF00232046D2
:109AD000C4F88030FFF71AFE002010BD0023C0E953
:109AE0000000836070474FF0FF32FAF71DB80A4656
:109AF0000021FAF719B85200FFF78DBF20B1011FFE
:109B000050F8040CFFF706BC7047704710B5836A25
:109B100004461BB101212430FAF77CF90020A06231
:109B200010BD38B50446FFF7F1FF237F012B0FD09E
:109B3000023B012B0FD8236A012B14BF6FF096054F
:109B400000252C220021204600F0D9F9284638BDF6
:109B5000236A002BF1E76FF09605F2E7FAF7BEB93A
:109B600070470020FAF7D4BA0020FAF70BBB0020A8
:109B700000F0B0B84FF0FF324FF0FF33F8F782BF7C
:109B8000F8F7F2BF0A2842DCC31C1FDA10F1400FBD
:109B900045D010F13F0F2BDA10F1410F42D010F1F8
:109BA000550F42D010F1490F14BF6FF086006FF0CF
:109BB0008400704709282DD8DFE800F0052C2C2FF1
:109BC000172C372C2C3A6FF09800704703300D2873
:109BD00020D8DFE800F00A331F221F1F1F1F1F1F9E
:109BE000071F1F076FF0940070476FF085007047E4
:109BF00010F1210F1FD00DDB10F1200F1ED010F13E
:109C0000100F14BF6FF086006FF094007047643837
:109C10000928CFD96FF086007047002070476FF099
:109C2000840070476FF0890070476FF093007047B1
:109C30006FF08C0070476FF0880070476FF09200F3
:109C4000704710B501380A44914200D110BD10F898
:109C5000013F11F8014B63400370F5E70144814275
:109C600000D1704711F8013D1A440A70120AF6E754
:109C700007B501A9FAF7DAF9003818BF012003B0D7
:109C80005DF804FBF7B506460D46202D2F46A8BF0C
:109C9000202700216846FAF757FD044670B93A4676
:109CA00031466846FAF7A2FD10F1520F044608D07B
:109CB000431CF4D0684600F061F834B1204603B08C
:109CC000F0BD684600F05AF8E3E7EC1B3E44F5D0DF
:109CD0002546DAE70020704730B589B005461822DE
:109CE0000C4601A8002100F00AF9012344EA0524EA
:109CF00001A9BA2007940593FAF752F9002818BF72
:109D00006FF0920009B030BDF7B5BA2001A9FAF79B
:109D10008DF9044610B1002003B0F0BD019D2F0A5B
:109D2000EDB2AC4205D1BA20FAF766F90028F2D0BC
:109D300008E0E6193046FAF75FF930B13046FFF730
:109D400097FF10B96FF09200E6E70134E9E708B534
:109D5000F820FFF78DFF18B9F920FFF789FF10B140
:109D60006FF0920008BDF820FAF738F90028F7D113
:109D7000F920FAF733F90028F4D0F1E710B50378A9
:109D800004461BB1FAF774F800232370002010BDBD
:109D90000368D868C0F300407047036803F5805338
:109DA000586A00F4A020003818BF01207047022232
:109DB00003689A6070470368D868FAF7A5BE024640
:109DC00008B5136803F580535B68C62B09D01046AD
:109DD000FFF7DEFF0028F4D11046BDE80840FFF78A
:109DE000EABF6FF0010008BD03685A50704703696D
:109DF000986E704710B50446FFF7F9FFC2684AB184
:109E000042F420222046BDE81040002142F40062C6
:109E1000FFF7EABF10BD10B50446FFF7EBFFBFF335
:109E20005F8F03222046BDE810400821FFF7DCBF0A
:109E3000C0F30B03482B4B6028BF482310F4003FAE
:109E40008B6008BF0023CB6010F4803308BFC1E9EA
:109E5000013300F47003B3F5700F14BF00238B6857
:109E600000284FF0010C4FF008028B60B8BF0023B0
:109E7000C1E905C2B8BFC1E9053370474FF0FF32F1
:109E80004FF0FF33F8F7FEBDF8F76EBEFFF726BEC2
:109E900007B54FF0FF334FF0FF32CDE9002300222A
:109EA000FFF729FE03B05DF804FBFFF720BEFFF7C4
:109EB0001ABEFFF794BC10B58B4294BFC418441867
:109EC000A04200D110BD00F8012BF9E700231A468B
:109ED00082B001908B4201D102B070470198C25408
:109EE0000133F7E70A44431E914200D1704710B591
:109EF00011F8014B914203F8014FF9D110BD024412
:109F00000346934200D1704703F8011BF9E701397A
:109F1000024410B5904201D1002005E0037811F809
:109F2000014FA34201D0181B10BD0130F2E70139E7
:109F3000034610B532B111F8014F013A03F8014B55
:109F4000002CF7D11A440021934200D110BD03F830
:109F5000011BF9E70246014410B58A42134603D0BB
:109F60001C780132002CF8D1181A10BDF0B5C3F1DD
:109F70003707044603F01F031046FFB2082BE6B272
:109F800032D0102B3DD06508A40845EAC17544EADB
:109F900081748A082D1942EB5102290941EA0271A4
:109FA0006D1842EB1212290A41EA02616D1842EB68
:109FB0001222290C41EA02416D1842EB1242AD18FF
:109FC00042F10002EC0844EA4274D10804EB840236
:109FD000A6EB4205EDB2092D0CD90134A5F10A0515
:109FE00041F10001EDB212E0E40806F0070544EA91
:109FF0004174C908303554EA010200F8015BBDD153
:10A00000F0BD240906F00F0544EA01740909092D81
:10A0100084BFED19EDB2EDE720F000420346B2F146
:10A02000FF4F70B5044610D3002807DA00F04EF851
:10A0300020B92046BDE87040FBF7E0B82146204635
:10A04000EEF752F90446204670BD002AFBD00028E6
:10A05000F0DB10F0FF412AD0C215C3F31603A2F1C2
:10A060007F00D2074FF0000443F400034FEA600082
:10A070004FF01905264658BF5B004FF080715B001A
:10A0800072189A42DDBF561864189A1A1A46013D92
:10A090004FEA51014FEA4203F2D112B1013424F0E8
:10A0A0000104641004F17C5404EBC054CBE75B0062
:10A0B0000A4601311802FAD55242CEE718B1002003
:10A0C0004FF00041704700200021704720F0004011
:0CA0D000B0F1FF4F94BF0020012070474A
:08A0DC001E0EFF7F01000000D1
:10A0E40051D90000000000009907010000000000A1
:10A0F40000000000E4A10100612A0100000000004A
:10A104000000000024A201000000000004A20100DD
:10A114000000000064A201000000000044A201004D
:10A124006910010000000000A18901000000000086
:10A134000000000084A201004F880100000000001C
:10A1440069D700000000000000000000A4A2010084
:10A1540029C1000000000000D13B01000000000004
:10A1640000000000E4A201000000000024A301009C
:10A174000000000044A301000000000004A301004B
:10A184000000000064A3010000000000C4A201005C
:10A19400FB880100000000000000000084A301000F
:10A1A40000000000C4A3010000000000A4A30100FB
:10A1B40000000000E4A301000000000004A401006A
:10A1C4000000000024A401000000000064A40100B9
:10A1D4000000000044A40100FDDA000000000000BB
:10A1E400DDBD0100D8B301008CAE0100740900206C
:10A1F400341E00207DEC0000000000000000000080
:10A2040017BE010064B40100CCAD01007C0900203C
:10A21400D81E002029F2000000000000580200208F
:10A2240023BE010078B40100CCAD01007E090020FA
:10A23400E41E002029F2000000000000C0020020FB
:10A244002EBE01008CB40100CCAD010080090020B9
:10A25400F01E002029F20000000000002803002066
:10A264007BBE0100DCB5010020AE01009009002096
:10A2740000000000000000000000000000000000DA
:10A28400EABD01000000000094AD01007609002041
:10A2940000000000DB64010000000000000000007A
:10A2A400B2BE01000000000044B701009A0900207A
:10A2B40068200020490A010000000000000000009E
:10A2C400F2BD0100000000009CAD010078090020EF
:10A2D4000000000061EF000000000000000000002A
:10A2E40039BE0100A0B40100F0AD010082090020D4
:10A2F400FC1E002049F600000000000000000000E1
:10A3040042BE01009C06002008AE01008409002022
:10A31400241F002085700100000000008806002032
:10A324004DBE0100E006002008AE010086090020B1
:10A33400781F00208570010000000000CC0600207A
:10A344009EBE01007CB6010084AE01009609002087
:10A35400240700200D040100000000001007002065
:10A36400A8BE0100D4B6010084AE01009809002003
:10A37400FC0700200D04010000000000E807002095
:10A3840062BE010040B50100F0AE01008A09002060
:10A3940008200020A3770100000000000000000056
:10A3A4000BBE010000B40100B4AD01007A09002025
:10A3B400C01E0020C1F1000000000000F0010020D8
:10A3C40057BE01001CB501000000000088090020F0
:10A3D400CC1F002099F700000000000000000000DE
:10A3E40070BE0100B0B50100A8AE01008E090020C6
:10A3F400000000009B7B0100000000000000000042
:10A404006BBE010070B50100B0AE01008C090020E4
:10A4140020200020BD7C010000000000000000009E
:10A4240087BE0100E8B501004CAE0100920900208E
:10A43400EC240020D5FD0000010000000000000015
:10A444008FBE010060B6010030AE01009409002007
:10A4540038200020110301000100000090030020B7
:10A46400C7BE01000000000068AE01009C09002086
:10A4740038210020E58901000000000000000000F0
:10A4840000000000056001000000000005600100FC
:10A4940000000000056001000000000005600100EC
:10A4A40000000000056001000000000005600100DC
:10A4B40000000000056001000000000005600100CC
:10A4C40000000000056001000000000005600100BC
:10A4D40000000000056001000000000005600100AC
:10A4E400000000000560010000000000056001009C
:10A4F400000000000560010000000000056001008C
:10A50400000000000560010000000000056001007B
:10A51400000000000560010000000000056001006B
:10A52400000000000560010000000000056001005B
:10A53400000000000560010000000000056001004B
:10A54400000000000560010000000000056001003B
:10A55400000000000560010000000000056001002B
:10A5640000000000D110010000000000056001009F
:10A57400000000000560010000000000056001000B
:10A5840000000000056001000000000005600100FB
:10A5940000000000056001000000000005600100EB
:10A5A40000000000056001000000000005600100DB
:10A5B40000000000056001000000000005600100CB
:10A5C40000000000056001000000000005600100BB
:10A5D40000000000056001000000000005600100AB
:10A5E400000000000560010000000000056001009B
:10A5F400000000000560010000000000056001008B
:10A60400000000000560010000000000056001007A
:10A61400000000000560010000000000056001006A
:10A62400000000000560010000000000056001005A
:10A63400000000000560010000000000056001004A
:10A64400000000000560010000000000056001003A
:10A65400000000000560010000000000056001002A
:10A66400000000000560010000000000056001001A
:10A67400000000000560010000000000056001000A
:10A6840000000000056001000000000005600100FA
:10A6940000000000056001000000000005600100EA
:10A6A40000000000056001000000000005600100DA
:10A6B40000000000056001000000000005600100CA
:10A6C40000000000056001000000000005600100BA
:10A6D40000000000056001000000000005600100AA
:10A6E4000000000005600100FC07002085900100C7
:10A6F400000000000560010000000000056001008A
:10A704000000000005600100000000000560010079
:10A714000000000005600100000000000560010069
:10A724000000000005600100000000000560010059
:10A734000000000005600100000000000560010049
:10A744000000000005600100000000003549010020
:10A754000000000005600100000000000560010029
:10A764000000000005600100000000000560010019
:10A774000000000005600100000000000560010009
:10A7840000000000056001000000000005600100F9
:10A7940000000000056001000000000005600100E9
:10A7A40000000000056001000000000005600100D9
:10A7B40000000000056001000000000005600100C9
:10A7C40000000000056001000000000005600100B9
:10A7D40000000000056001000000000005600100A9
:10A7E4000000000005600100000000000560010099
:10A7F4000000000005600100000000000560010089
:10A804000000000005600100000000000560010078
:10A814000000000005600100000000000560010068
:10A824000000000005600100000000000560010058
:10A834000000000005600100000000000560010048
:10A844000000000005600100000000000560010038
:10A854000000000005600100000000000560010028
:10A864000000000005600100000000000560010018
:10A874000000000005600100000000000560010008
:10A8840000000000056001000000000005600100F8
:10A8940000000000056001000000000005600100E8
:10A8A40000000000056001000000000005600100D8
:10A8B40000000000056001000000000005600100C8
:10A8C40000000000056001000000000005600100B8
:10A8D40000000000056001000000000005600100A8
:10A8E4000000000005600100000000000560010098
:10A8F4000000000005600100000000000560010088
:10A904000000000005600100000000000560010077
:10A914000000000005600100000000000560010067
:10A924000000000005600100000000000560010057
:10A934000000000005600100000000000560010047
:10A944000000000005600100000000000560010037
:10A954000000000005600100000000000560010027
:10A964000000000005600100000000000560010017
:10A974000000000005600100000000000560010007
:10A9840000000000056001000000000005600100F7
:10A9940000000000056001000000000005600100E7
:10A9A40000000000056001000000000005600100D7
:10A9B40000000000056001000000000005600100C7
:10A9C40000000000056001000000000005600100B7
:10A9D40000000000056001000000000005600100A7
:10A9E4000000000005600100000000000560010097
:10A9F4000000000005600100000000000560010087
:10AA04000000000005600100000000000560010076
:10AA14000000000005600100000000000560010066
:10AA24000000000005600100000000000560010056
:10AA34000000000005600100000000000560010046
:10AA44000000000005600100000000000560010036
:10AA54000000000005600100000000000560010026
:10AA64000000000005600100000000000560010016
:10AA74000000000005600100000000000560010006
:10AA840000000000056001000000000005600100F6
:10AA940000000000056001000000000005600100E6
:10AAA40000000000056001000000000005600100D6
:10AAB40000000000056001000000000005600100C6
:10AAC400781F0020B9250100000000000560010086
:10AAD40000000000056001000000000005600100A6
:10AAE4000000000005600100000000000560010096
:10AAF4000000000005600100000000000560010086
:10AB04000000000005600100000000000560010075
:10AB14000000000005600100000000000560010065
:10AB24000000000005600100000000000560010055
:10AB34000000000005600100000000000560010045
:10AB44000000000005600100000000000560010035
:10AB54000000000005600100B40500203B6C01000A
:10AB64000000000005600100000000000560010015
:10AB74000000000005600100000000000560010005
:10AB840000000000056001000000000005600100F5
:10AB940000000000056001000000000005600100E5
:10ABA400951C0100058A01000000000005600100F9
:10ABB40000000000056001000000000005600100C5
:10ABC40000000000056001000000000005600100B5
:10ABD40000000000056001000000000005600100A5
:10ABE400000000000560010024070020859001009A
:10ABF4000000000005600100000000000560010085
:10AC04000000000005600100000000000560010074
:10AC14000000000005600100000000000560010064
:10AC24000000000005600100000000000560010054
:10AC34000000000005600100000000000560010044
:10AC44000000000005600100000000000560010034
:10AC54000000000005600100000000000560010024
:10AC64000000000005600100000000000560010014
:10AC74000000000005600100000000000560010004
:10AC840000000000056001000000000005600100F4
:10AC940000000000056001000000000005600100E4
:10ACA400241F0020B92501000000000005600100F8
:10ACB40000000000056001000000000005600100C4
:10ACC40000000000056001000000000005600100B4
:10ACD40000000000056001000000000005600100A4
:10ACE4000000000005600100000500203B6C01002D
:10ACF400C3890100058A010000000000056001000D
:10AD04000000000005600100000000000560010073
:10AD14000000000005600100000000000560010063
:10AD24000000000005600100000000000560010053
:10AD34000000000005600100000000000560010043
:10AD44000000000005600100000000000560010033
:10AD54000000000005600100000000000560010023
:10AD64000000000005600100000000000560010013
:10AD74000000000005600100000000000560010003
:10AD840000000000056001000000000005600100F3
:08AD9400C7640100000000008B
:10AD9C0059F00000596501004365010049EF0000BE
:10ADAC0039EF000051EF0000696801008567010070
:10ADBC0091F0000089F00000B3650100A765010067
:10ADCC0081F200009B6B0100A76B0100BB6B0100C3
:10ADDC00C56B0100CF6B010055F40000E36B010063
:04ADEC000000000063
:10ADF000C96F0100F56F0100217001000000000023
:10AE000000000000856F0100957201000000000045
:10AE1000DB70010000000000000000004F72010024
:10AE2000337E0100397E0100697E0100997E0100B8
:10AE3000A9BF000000000000000000000D8101001B
:10AE400059810100000000000000000059FD0000D1
:10AE500081FC0000000000001B7F0100AD0001002C
:10AE600000000000000000000000000000000000E2
:10AE700000000000E9890100F91201000000000053
:04AE800000000000CE
:08AE8400410401007384010088
:10AE8C00DDEC00002164010087640100000000007B
:0CAE9C00BF630100000000000000000087
:08AEA80049780100C97801009E
:10AEB000357B01009378010039780100D7780100D3
:10AEC000F57A0100F77B010000000000000000009F
:10AED0000000000000000000BD790100000000003B
:10AEE0000000000000000000000000000000000062
:10AEF0003F770100237801005D770100757701003D
:10AF0000000000008F77010000000000000000003A
:10AF10000000000000000000000000000000000031
:10AF20000000000000000000000000000000000021
:10AF30000000000004000000A0000000F00000007D
:10AF40000000000000A0105000820D5000040550C9
:10AF500000860D5001000100000101000001000108
:10AF6000000001000100000001000B0002000A00C7
:10AF7000050009000A000800140007001E00060072
:10AF8000320005004B00040064000300960002003C
:10AF9000FA000100F4010000F401FA0096006400D8
:10AFA0004B0032001E0014000A00050002000100E0
:10AFB0000C0802170D010102090901010602091816
:10AFC0001803010109098383850302012302022476
:10AFD0000910040405050B0B040B2B1B1B159A9A77
:10AFE0001C021D16130501490D150508061B1B0F34
:10AFF00001010000FEFEFEFEFEFEFEFEFEFEFEFE67
:10B00000FEFEFEFEFEFEFEFEFE16FEFEFEFEFEFE48
:10B01000FEFEFEFEFEFE1F1FFE26FEFEFEFEFEFEE6
:10B02000FEFEFEFEFEFEFEFEFEFEFEFE3E3EFEFEC0
:10B03000FEFE3B3BA201B003BE05EE024806A2099C
:10B04000C405F40B24120000D81000200200000BED
:10B0500001000000070000000000000000000000E8
:10B06000000000000406080A0C0E10121416181C2A
:10B070001E20222426282A2C2E30323436383A3C00
:10B080003E40424446484A4C4E021A5000000000DE
:10B09000280000001800000000000000F02300005D
:10B0A00024130000000000004006000040060000DD
:10B0B000000098086B03000000000000F02300006F
:10B0C000241300000000000048A3000014A00000AA
:10B0D000000040060C0300009C0000200200000B52
:10B0E0003A1100200200000C9E1100200200000B0B
:10B0F0009E1100200100000C9C1100200100000C9A
:10B100000000000000000101010101010101010135
:10B1100001010202020202020303040405050606FD
:10B1200007070808090A0B0C0D0E0F101112131453
:10B1300015161718191A1B0010010000D200000084
:10B1400030010000D800000001000000E400000011
:10B1500002000000EA00000002000000EC00000015
:10B1600003000000EE00000004000000F0000000FA
:10B1700005000000F200000006000000F4000000DE
:10B1800007000000F600000008000000F7000000C3
:10B1900009000000F80000000A000000F9000000AB
:10B1A0000B000000FA0000000D000000FB00000092
:10B1B0000F000000FC00000011000000FD00000076
:10B1C00013000000FE00000015000000FF0000005A
:10B1D00018000000000000001B000000010000003B
:10B1E0001F00000002000000230000000300000018
:10B1F00028000000040000002D00000005000000F1
:10B2000033000000060000003900000007000000C5
:10B210003F0000000800000000100200FA000000DB
:10B220000338FDD870470000000000000000000057
:10B230000338FDD870470000000000000000000047
:10B240000338FDD870470000763C7935EF39EA3D88
:10B25000763C7935EF39EABD0000E0FE422EE63F4C
:10B260000000E0FE422EE6BF000000000000E03FCC
:10B27000000000000000E0BF681000006400000053
:10B28000A00F000050000000D80E000037000000A2
:10B29000740E000023000000AC0D00000F00000041
:10B2A000480D000005000000B80B00000000000081
:10B2B00024A201001800010024A2010017000100CF
:10B2C00024A2010016000100600000200000000020
:10B2D0000600010002000000DCB2010000000000D6
:10B2E000C5BD010002000000E0CF1F0000000020EB
:10B2F000CDBD010021000000E0EB0720F00400209C
:10B30000F5D7000000000000AF60010000B30100AD
:10B310001CB3010047000000000000009856002008
:10B3200000B3010030B301002E0000000000000057
:10B33000785A002000B3010044B30100020100006C
:10B34000000000004C5B00200E0300009DE30000A5
:10B350000F04000079E400003E0100006DDB0000F6
:10B36000FF0100002DDB00003E0100004DDB00006E
:10B37000100100000B62010000B3010088B301005E
:10B380004700000000000000685C00200000000092
:10B390006410B71DC8206E3BAC30D9269041DC76D6
:10B3A000F4516B6B5861B24D3C7105502083B8ED80
:10B3B00044930FF0E8A3D6D68CB361CBB0C2649BA4
:10B3C000D4D2D38678E20AA01CF2BDBD39EC0000CD
:10B3D00009EC0000000000008DED00000DED000004
:10B3E000BD640100B9640100A7640100AD640100FF
:10B3F0001000000001FF0000FD010000001000002F
:10B4000064A30100406BED070001000044A20100AD
:10B410000500010000000000010000000000000025
:10B42000000080008000000000000100852017005F
:10B430000000000044A201000300010044A201003A
:10B4400000000100010000000100E2020100000014
:10B4500000FF000000A0105000820D5000040550B5
:10B4600000860D50FF03000000A0105000050020D2
:10B470000000000000000000FFFFFFFF00820D50F1
:10B48000B40500200000000001000000FF070000DC
:10B490000004055000000000000000000200000051
:10B4A00024A201001100000024A2010012000000EB
:10B4B000801A0600BF6F0100AD6F0100776F0100B9
:10B4C000456F010000401050D0B4010002000000A0
:10B4D000E8B4010002000000E0B401000201000035
:10B4E0000880000C0780000B0800000C0700000B10
:10B4F00000800C50FCB401000200000014B50100F3
:10B50000020000000CB50100020100002380000CC5
:10B510002780000B2300000C2700000BE4A2010091
:10B520006B000000000000000000000000030000AD
:10B5300000A0105000820D500004055000860D50F0
:10B5400000000080FFFFFF7F0000008000000080FF
:10B55000FFFFFF7F000000800000000000000000EF
:10B5600092BF010000FF080024A201000C000000AF
:10B57000A05A3200A05A3200A05A320000000080C7
:10B58000FFFFFF7F000000800000000000000000BF
:10B5900092BF010000020800C4A3010000020000E5
:10B5A00000000000FF00FF00FF00FF00000000009F
:10B5B000C4A3010000000000000000000000000023
:10B5C000000000000000000000000000000000007B
:10B5D00000000000000000000000000000EC072058
:10B5E00000100000040A0020C4A30100401640001F
:10B5F00000093D00E067350050C300000000030073
:10B6000000093D0050C3000004000D00F049020095
:10B61000007D0000D00700001000900170000000C5
:10B620006400000040420F000100000020A107005C
:10B63000FFFFFF7FFFFFFF7FFFFFFF7FFFFFFF7F1A
:10B64000FFFFFF7FFFFFFF7F10270000340D010089
:10B6500000010000A0860100A086010001000F008B
:10B66000ED03010004A301006A000000C98201008B
:10B6700095820100FF8201003383010003840100F1
:10B68000A0B601001B850100D4B6010023250020CF
:10B690001B25002000127A00FFFFFF0001000000C0
:10B6A00000D00E50ACB6010002000000C8B6010088
:10B6B00003000000BCB60100030100002480000468
:10B6C00026800005258000062400000426000005D1
:10B6D00025000006F9830100F8B601001B85010072
:10B6E0002CB70100332500202B2500200048E8015D
:10B6F000FFFFFF010100000000D0045004B701006B
:10B700000200000020B701000300000014B7010090
:10B7100003010000418000044280000544800006CF
:10B7200041000004420000054400000644A201005C
:10B730000500010000A0105000820D5000040550CB
:10B7400000860D50C109010093880100F10B010032
:10B7500000A0105000820D500004055000860D50CE
:10B76000080000000A0000000400000001000000C2
:10B7700000A0105000820D500004055000860D50AE
:10B7800000A0105000820D500004055000860D509E
:10B7900000A0105000820D500004055000860D508E
:10B7A000E4A00100F4A001003CA1010044A10100BB
:10B7B000E4A10100E4A10100D7BE010000010000E6
:10B7C00000000000FF9E01000001010000020200D5
:10B7D00000140000002800000040000001000000EC
:10B7E00002000000E8B701000000000000000000B7
:10B7F00000000000000000000000000000B8010090
:10B800000F00000000000000000000000600000023
:10B81000000000006937AC3168212233B40F1433C3
:10B820006821A2333863ED3EDA0F493F5E987B3FD3
:10B83000DA0FC93F54009F01020004000800100005
:10B840000100010008000200040000000C001A00C2
:10B8500034006800D000A00141038206040D081ADC
:10B8600001004164766572746973696E6720666170
:10B87000696C656420746F2073746172742028652C
:10B880007272202564290A004164766572746973B6
:10B89000696E67206661696C656420746F207374DB
:10B8A0006F702028657272202564290A0057617222
:10B8B0006E696E673A20627574746F6E207265618E
:10B8C00064206661696C656420282564290A007417
:10B8D00072616D6520412028257329202325753A42
:10B8E0002070697463683D25642E256420726F6C36
:10B8F0006C3D25642E2564206D6F74696F6E3D2547
:10B90000642061637469766974793D25640A00571F
:10B9100061726E696E673A20636F756C64206E6F3A
:10B920007420646973636F6E6E6563742025732081
:10B93000282564290A006865617274626561740073
:10B94000616E676C65006D6F74696F6E0078696118
:10B950006F5F6E726635346C6D323061000A3D3D4A
:10B960003D20257320756C7472612D6C6F772D707E
:10B970006F7765722073797374656D2D6F6E2D69A5
:10B98000646C652028475254432B52414D2B424C46
:10B99000452B494D5529203D3D3D0A005761726EAA
:10B9A000696E673A20636F756C64206E6F742072E5
:10B9B0006169736520564255532063757272656ED6
:10B9C00074206C696D697420282564290A00526509
:10B9D0007365742062792064656275676765722E8D
:10B9E0000057616B6575702066726F6D20537973B7
:10B9F00074656D204F464620627920636C6F636BDF
:10BA000020736F757263652E0057616B65757020CA
:10BA100066726F6D2053797374656D204F464620B2
:10BA20006279204750494F2E004F74686572207725
:10BA3000616B6520757020636175736520307825B2
:10BA40003038582E0A00506F7765722D6F6E207255
:10BA500065736574206F722072657365742063610D
:10BA600075736520756E617661696C61626C652EB7
:10BA7000005761726E696E673A20636F756C64205F
:10BA80006E6F7420726561642072657365742063E3
:10BA90006175736520282564290A00726564204C4D
:10BAA000454400626C7565204C45440067726565CD
:10BAB0006E204C4544004750494F32206E6F742031
:10BAC00072656164792E005761726E696E673A2003
:10BAD000636F756C64206E6F7420636F6E66696748
:10BAE00075726520666C61736820535049207069D7
:10BAF0006E7320282564290A005761726E696E678B
:10BB00003A20627574746F6E20696E697420666184
:10BB1000696C65642028256429202D2D20626F75AD
:10BB2000746F6E20746F756A6F75727320656E76B0
:10BB30006F7965206120300A006877696E666F2032
:10BB400064657669636520696420746F6F2073682B
:10BB50006F727420282564292C207573696E672004
:10BB6000737461636B2D67656E65726174656420C3
:10BB7000616464726573730A005761726E696E67FF
:10BB80003A20636F756C64206E6F74207365742047
:10BB9000666978656420424C45206964656E746905
:10BBA00074792028657272202564290A0045727212
:10BBB0006F723A20426C7565746F6F746820696E9D
:10BBC0006974206661696C6564202865727220253D
:10BBD00064292C207265626F6F740A00426C75656F
:10BBE000746F6F746820696E697469616C697A65D5
:10BBF00064206F6E6365202D2D2072657365745F00
:10BC000063617573653D3078253038780A00576177
:10BC1000726E696E673A20696D755F766464207232
:10BC20006567756C61746F725F656E61626C6520CB
:10BC30006661696C656420282564290A0057617271
:10BC40006E696E673A20494D552064657669636573
:10BC50005F696E6974206661696C6564202825647B
:10BC6000290A005761726E696E673A20494D552066
:10BC70004354524C315F584C2F4354524C325F471F
:10BC80002F4354524C335F432077726974652066AA
:10BC900061696C656420282564290A005761726E09
:10BCA000696E673A20494D552058595A206275727D
:10BCB00073742072656164206661696C6564202814
:10BCC0002564290A005761726E696E673A207361B4
:10BCD0006D706C655F6D6F74696F6E206661696C05
:10BCE000656420282564290A007472616D6520430B
:10BCF0003A206779726F5F7265743D2564206779B9
:10BD0000726F5F6D61673D257520616363656C5F70
:10BD10006D61675F78313030303D25750A0072659E
:10BD2000706F73005761726E696E673A2063686165
:10BD300072676572206465766963655F696E6974B0
:10BD4000206661696C656420282564290A006261A7
:10BD500074746572792072656164206661696C65CE
:10BD6000642C2073656E64696E67206672616D6510
:10BD7000204220776974686F75742061206672654F
:10BD800073682076616C7565007472616D65204220
:10BD9000202325753A20626174746572793D25759A
:10BDA000252520282575206D56292074656D703D48
:10BDB00025642E2530326420430A005849414F2D16
:10BDC000444F4F5200464C4153485F30005352415C
:10BDD0004D5F3000425420525820575100636C6F21
:10BDE000636B40313065303030007073612D726E9E
:10BDF00067007272616D2D636F6E74726F6C6C652B
:10BE00007240353030346530303000707932357101
:10BE1000363468614030006770696F40313061309E
:10BE20003030006770696F406438323030006770BE
:10BE3000696F40353034303000706D69632D693280
:10BE4000630069326340313034303030006932632E
:10BE5000406338303030006E706D313330304036F2
:10BE60006200706F7765725F656E004C444F310001
:10BE7000726567756C61746F727300726574616965
:10BE80006E65646D656D0063686172676572006CF4
:10BE9000736D3664733374722D6340366100737052
:10BEA000694065643030300073706940346430300C
:10BEB000300062745F6863695F736463004D505360
:10BEC0004C20576F726B0074656D70406437303072
:10BED00030006D61696E00737973776F726B7100FA
:10BEE000647261676F6F6E2F6C6962732F73636822
:10BEF00065642F7372632F73636865645F68616C38
:10BF00005F74696D65725F677274632E6300C8DA6F
:10BF10003098F9F034A44B6EBAD30819CC0CEA511E
:10BF2000DA4700286E756C6C29002A666C6F6174A4
:10BF30002A0000000000000000FFFFFFFFFFFF00DD
:10BF400000000000000104000200000002000000E8
:10BF500000000000050000000000000000000000DC
:10BF60000000000005D810200C000000000A100A94
:10BF7000200E010E021201120212081601160222F0
:10BF800001220222042208221000010405020608F0
:10BF9000090F000A2A35424242424242424242428C
:08BFA00042420001020300000F
:10BFA800FFFFFFFFFF1F00001F0000000000000050
:10BFB8001D40000000000000FFFFFFFF1FFF000002
:10BFC800BAABBABA101010100000000000500850A8
:10BFD80000000000000000000C000000010000FF4D
:10BFE8007F00000000000000ED920000000000004B
:10BFF800FF920000000000002C530000FF0000002A
:10C00800EC780000010000000000000000000000C3
:10C018000000000000000000000000000000000018
:10C028000000000000000000000000000000000008
:10C0380000000000000000000000000000000000F8
:10C0480000000000000000000000000000000000E8
:10C0580000000000000000000000000000000000D8
:10C0680000000000000000000000000000000000C8
:10C0780000000000000000000000000000000000B8
:10C0880000000000000000000000000000000000A8
:10C098000000000000000000000000000000000098
:10C0A8000000000000000000000000000000000088
:10C0B8000000000000000000000000000000000078
:10C0C8000000000000000000000000000000000068
:10C0D80079E30000000000000000000000000000FC
:10C0E8000000000000000000000000000000000048
:10C0F8000000000000000000000000000000000038
:10C108000000000000000000000000000000000027
:10C118000000000000000000000000000000000017
:10C12800000000000000000000000000A4A20100C0
:10C138000000000000000000CF69010000000000BE
:10C148000000000000000000080200200802002093
:10C158000100000001000000180200201802002061
:10C1680000000000000000000000000000000000C7
:10C1780000000000000000000000000000000000B7
:10C1880000000000000000000000000000000000A7
:10C198000000000000000000000000000000000097
:10C1A800376C0100000000000000000000000000E3
:10C1B8007002002070020020010000000100000051
:10C1C8008002002080020020000000000000000023
:10C1D8000000000000000000000000000000000057
:10C1E8000000000000000000000000000000000047
:10C1F8000000000000000000000000000000000037
:10C208000000000000000000376C01000000000082
:10C218000000000000000000D8020020D802002022
:10C228000100000001000000E8020020E8020020F0
:10C2380000000000000000000000000000000000F6
:10C2480000000000000000000000000000000000E6
:10C2580000000000000000000000000000000000D6
:10C2680000000000000000000000000000000000C6
:10C27800376C010000000000000000000000000012
:10C2880040030020400300200100000001000000DE
:10C2980050030020500300200000000000000000B0
:10C2A8000000000000000000000000000000000086
:10C2B8000000000000000000000000000000000076
:10C2C8000000000000000000000000000000000066
:10C2D80000000000000000001382010000000000C0
:10C2E8000000000000000000A8030020A8030020B0
:10C2F8000100000001000000B8030020B80300207E
:10C308000000000000000000000000000000000025
:10C318000000000000000000000000000000000015
:10C328000000000000000000000000000000000005
:10C33800000000000000000000000000A9C100008B
:10C3480000000000000100000000000000000000E4
:10C3580000000000000000000000000000000000D5
:10C36800000000000000000000000000670000005E
:10C3780000000000000000000000000000000000B5
:10C3880000000000000000000000000000000000A5
:10C398000000000000000000000000000000000095
:10C3A8000000000000000000000000000000000085
:10C3B8000000000000000000000000000000000075
:10C3C8000000000000000000000000000000000065
:10C3D8000000000000000000000000000000000055
:10C3E8000000000000000000000000000000000045
:10C3F80000000000000000000101000030090020DA
:10C40800161A00003309002001010000310900203C
:10C4180009090000BBBD0100160F00004D090020EE
:10C428000101000032090020161800005C090020F4
:10C4380000000000A56001000000000000000000EE
:10C4480000C01050000000000000000000000000C4
:10C4580000000000000000000000000000000000D4
:10C4680000000000000000000000000000000000C4
:10C4780000000000000000000000000000000000B4
:10C4880000000000000000000000000000000000A4
:10C498000000000000000000000000000000000094
:10C4A8000000000000000000000000000000000084
:10C4B8000000000000000000000000000000000074
:10C4C8000000000000000000000000000000000064
:10C4D8000000000000000000000000000000000054
:10C4E8000000000000000000000000000000000044
:10C4F8000001000000A00D50000000000000000036
:10C508000000000000000000000000000000000023
:10C518000000000000000000000000000000000013
:10C528000000000000000000000000000000000003
:10C5380000000000000000000000000000000000F3
:10C5480000000000000000000000000000000000E3
:10C5580000000000000000000000000000000000D3
:10C5680000000000000000000000000000000000C3
:10C5780000000000000000000000000000000000B3
:10C5880000000000000000000000000000000000A3
:10C598000000000000000000000000000000000093
:10C5A800000000000000000000000000D9E30000C7
:10C5B80000000000000000000000000095DD000001
:10C5C80000000000000000008001000000000000E2
:10C5D8004F73010000000000000000000000000090
:10C5E8000000000000601806000001015B700100F7
:10C5F800100000003DF70000C4B40100F924002039
:10C60800FFFF0000000000000000000080010000A3
:10C61800000000004F73010000000000000000004F
:10C628000000000000000000006018060000010182
:10C638005B700100100000001DF70000F0B401005D
:10C6480009250020FFFF0000000000000000000096
:10C6580000010000000000006F87010000000000DA
:10C668000000000000D00E50000000000000000094
:10C6780000000000000000000000000000000000B2
:10C6880000000000000000000000000000000000A2
:10C698000000000000000000000000000000000092
:10C6A8000000000000000000000000000000000082
:10C6B8000000000000000000000000000000000072
:10C6C8000000000000000000000000000000000062
:10C6D80090070020900700200000000001000000E3
:10C6E800A0070020A00700200000000001000000B3
:10C6F8000000000000000000000000000000000032
:10C708000000000000000000000000000000000021
:10C718000000000000000000000000000000000011
:10C728000000000000000000000100000000000000
:10C738006F870100000000000000000000D00450D6
:10C7480000000000000000000000000000000000E1
:10C7580000000000000000000000000000000000D1
:10C7680000000000000000000000000000000000C1
:10C7780000000000000000000000000000000000B1
:10C7880000000000000000000000000000000000A1
:10C798000000000000000000000000000000000091
:10C7A8000000000000000000680800206808002061
:10C7B8000000000001000000780800207808002030
:10C7C8000000000001000000000000000000000060
:10C7D8000000000000000000000000000000000051
:10C7E8000000000000000000000000000000000041
:10C7F8000000000000000000000000000000000031
:10C808004907010000000000FF0000000090D0036D
:10C81800FF0000000F00000071020000DC0800208B
:10C82800DC080020E4080020E408002000000000E4
:10C83800000000000E00000000000000FC080020BE
:10C84800FC08002000000000000000000E000000AE
:10C858000000000067742000A0090020DC09002007
:10C86800C8090020240A0020180A0020B409002062
:10C87800040404D2FC44000051000052000063008C
:10C8880000000063000000006300000000D2FC44C8
:10C89800000001000200000C00001500D2FC44005A
:10C8A800000F0021002B002C003A003F00003F0041
:04C8B800003F00003D
:10C8BC00000000000000000000000000000000006C
:10C8CC00000000000000000000000000000000005C
:0CC8DC0000000000000000000000000050
:10C8E800A0090020A00900200000000000000000AE
:10C8F8000E000000B4090020B40900200000000068
:10C90800000000000E000000C8090020C80900202F
:10C9180000000000000000000E000000DC090020FC
:10C92800DC09002000000000000000000E000000EC
:10C93800F0090020F00900200000000000000000BD
:10C948000E000000040A0020040A00200000000075
:08C95800000000000E000000C9
:10C96000180A0020180A002000000000240A0020F5
:08C97000240A00200000000071
:10C978000000000000000000380A0020380A0020EB
:10C9880003000300000000000000000020B30100C5
:10C99800045B002000000000000000005C0A00208A
:10C9A8005C0A0020010001000000000000000000F7
:10C9B80078B30100B05C0020000000000000000017
:10C9C800800A0020800A00200A000A0004000000F3
:10C9D80051DA00000CB3010060590020000000008B
:10C9E80000000000A40A0020A40A002001000100A1
:10C9F800000000000000000034B30100505C00207B
:04CA080015E015E040
:040000030000D00128
:00000001FF
