:10000000984E0020B1CF0000A75F01009DCF0000F7
:100010009DCF00009DCF00009DCF00009DCF000030
:1000200000000000000000000000000081D000007F
:100030009DCF00000000000031D200009DCF0000E5
:10004000ADD20000ADD20000ADD20000ADD20000B4
:10005000ADD20000ADD20000ADD20000ADD20000A4
:10006000ADD20000ADD20000ADD20000ADD2000094
:10007000ADD20000ADD20000ADD20000ADD2000084
:10008000ADD20000ADD20000ADD20000ADD2000074
:10009000ADD20000ADD20000ADD20000ADD2000064
:1000A000ADD20000ADD20000ADD20000ADD2000054
:1000B000ADD20000ADD20000ADD20000ADD2000044
:1000C000ADD20000ADD20000ADD20000ADD2000034
:1000D000ADD20000ADD20000ADD20000ADD2000024
:1000E000ADD20000ADD20000ADD20000ADD2000014
:1000F000ADD20000ADD20000ADD20000ADD2000004
:10010000ADD20000ADD20000ADD20000ADD20000F3
:10011000ADD20000ADD20000ADD20000ADD20000E3
:10012000ADD20000ADD20000ADD20000ADD20000D3
:10013000ADD20000ADD20000ADD20000ADD20000C3
:10014000ADD20000ADD20000ADD20000ADD20000B3
:10015000ADD20000ADD20000ADD20000ADD20000A3
:10016000ADD20000ADD20000ADD20000ADD2000093
:10017000ADD20000ADD20000ADD20000ADD2000083
:10018000ADD20000ADD20000ADD20000ADD2000073
:10019000ADD20000ADD20000ADD20000ADD2000063
:1001A000ADD20000ADD20000ADD20000ADD2000053
:1001B000ADD20000ADD20000ADD20000ADD2000043
:1001C000ADD20000ADD20000ADD20000ADD2000033
:1001D000ADD20000ADD20000ADD20000ADD2000023
:1001E000ADD20000ADD20000ADD20000ADD2000013
:1001F000ADD20000ADD20000ADD20000ADD2000003
:10020000ADD20000ADD20000ADD20000ADD20000F2
:10021000ADD20000ADD20000ADD20000ADD20000E2
:10022000ADD20000ADD20000ADD20000ADD20000D2
:10023000ADD20000ADD20000ADD20000ADD20000C2
:10024000ADD20000ADD20000ADD20000ADD20000B2
:10025000ADD2000025890100ADD20000ADD2000072
:10026000ADD20000ADD200000F890100ADD2000078
:10027000ADD20000ADD20000ADD20000ADD2000082
:10028000ADD20000ADD20000ADD20000ADD2000072
:10029000ADD20000ADD20000ADD20000ADD2000062
:1002A000ADD20000ADD20000ADD20000ADD2000052
:1002B000ADD20000ADD20000ADD20000ADD2000042
:1002C000ADD20000ADD20000ADD20000ADD2000032
:1002D000ADD20000ADD20000ADD20000ADD2000022
:1002E000ADD20000ADD20000ADD20000ADD2000012
:1002F000ADD20000ADD20000ADD20000ADD2000002
:10030000ADD20000ADD20000ADD20000ADD20000F1
:10031000ADD20000ADD20000ADD20000ADD20000E1
:10032000ADD20000ADD20000ADD20000ADD20000D1
:10033000ADD20000ADD20000ADD20000ADD20000C1
:10034000ADD20000ADD20000ADD20000ADD20000B1
:10035000ADD20000ADD20000ADD20000ADD20000A1
:10036000ADD20000ADD20000ADD20000ADD2000091
:10037000ADD20000ADD20000ADD20000ADD2000081
:10038000ADD20000ADD20000ADD20000ADD2000071
:10039000ADD20000ADD20000ADD20000ADD2000061
:1003A000ADD20000ADD20000ADD20000ADD2000051
:1003B000ADD20000ADD20000ADD20000ADD2000041
:1003C000ADD20000ADD20000ADD20000ADD2000031
:1003D000ADD200003B890100ADD20000ADD20000DB
:1003E000ADD20000ADD20000ADD20000ADD2000011
:1003F000ADD20000ADD20000ADD20000ADD2000001
:10040000ADD20000ADD20000ADD20000ADD20000F0
:10041000ADD20000ADD20000ADD20000ADD20000E0
:10042000ADD20000ADD20000ADD20000ADD20000D0
:10043000ADD20000ADD20000ADD20000ADD20000C0
:10044000ADD20000ADD20000ADD20000ADD20000B0
:10045000ADD20000ADD20000ADD20000ADD20000A0
:10046000ADD20000ADD20000ADD20000ADD2000090
:10047000ADD20000ADD20000ADD20000ADD2000080
:10048000ADD20000ADD20000ADD20000ADD2000070
:10049000ADD20000ADD20000ADD20000ADD2000060
:1004A000ADD20000ADD20000ADD20000ADD2000050
:1004B000ADD20000ADD20000ADD20000ADD2000040
:0804C000ADD20000ADD2000036
:1004C800064A074B02604FF49C725B7A82800822CE
:1004D800C371FF2382710372704700BFE79F00005A
:1004E800C00A0020F8B5C41D0028054624F00704FA
:1004F8000CBF0020204600F03BFA071E02DA6FF01E
:100508000B00F8BD254EB18870880331F3790330AC
:10051800B27989B280B208F0C7FC0028EFDB3C440E
:1005280073783178002D04F10304194424F003048E
:1005380000FB01F10CBF0020204600F09DFB2318B2
:100548000DB9002BDBDB717A184679B10333002D26
:10055800728923F003040CBF0020204600F0E2FB60
:100568000028CCDB20440DB90028C8DB317A91B1D2
:10057800737A83B1C41D002D24F007040CBF00203A
:10058800204601F093FE0028B9DB0DB10020B8E742
:100598002018B6D5B3E7002DF8D1B2E7C00A00207D
:1005A8001FB572B6194BDC68ECB9BFF34F8F184909
:1005B800184BCA6802F4E0621343CB60BFF34F8F55
:1005C80000BFFDE7B2FBF6F22B465D1C002AF9D10D
:1005D800DBB203F110056D4405F80C2C0A2233B97F
:1005E80001A8A047E1E7024600230A26EDE7013B00
:1005F800DBB203F110050DEB0506B0FBF2F502FBCB
:100608001500303006F80C0C2846E8E7C00A002030
:1006180000ED00E00400FA050A4B07B5DA886846E1
:10062800ADF800209A885B88ADF80420ADF8023058
:1006380000F0C2FF18B1FA219C20FFF7B1FF03B008
:100648005DF804FBC00A002010B5044628B306F084
:1006580059FF10B94FF0FF3010BD05F039FBB0F568
:10066800FA7FF7D80E4B00221A744FF48072DC60C0
:100678001A801B225A809A8040F20322DA804FF4B3
:1006880084721A811F225A81EFF3108472B600F027
:10069800A5FB04B962B60020DEE76FF01500DBE7C2
:1006A800C00A002010B5002840D1234C237C032B1E
:1006B80039D059B1002A3CD00239052936D8DFE8AB
:1006C80001F0031227352A2D137863700020FFF7F5
:1006D80009FF0028B7BF012302236FF00B00237422
:1006E800A8BF237410BD13791BB353790BB31188BA
:1006F800FB291ED853881B3B9BB2E02B19D81A291B
:1007080017D913689288C4F802300C4B9A80DDE739
:1007180013786372DAE713886381D7E71388FF2BAE
:1007280007D82372D2E74FF0FF30DBE76FF02C00D9
:10073800D8E76FF01500D5E7C00A0020C20A0020EC
:10074800F8B50D46064620B319B311F0070420D1B9
:10075800114F3B7C012B02D16FF00B00F8BD032B2E
:1007680002D14FF0FF30F9E700F070FB0028F8D015
:100778002846FFF7B7FE0028EEDB09F0C6FE304634
:10078800214600F049FFFFF747FF032320463B744B
:10079800E4E76FF01500E1E7C00A002010B5064C49
:1007A800237C032B03D100F04DFF01F06DFA08F014
:1007B8007DFC0020207410BDC00A002008B500F0A0
:1007C80011FF03490120BDE8084000F0C9B800BF87
:1007D800C9040000074B4FF0FF3141F6FF72C3E92F
:1007E800001205490022C1E900221F21C3E90212B3
:1007F800704700BF60000020D40A00203F280CD8B2
:1008080001380B4BC0F3421200F01F0053F822309E
:1008180023FA00F000F001007047FF2806D04038A6
:10082800044BC0F3421200F01F00EFE701207047AD
:1008380060000020D40A0020074B01460068496880
:100848001A4603C240F48C2200201A6041F010724C
:1008580042F4FF625A607047600000200246034B72
:100868000068516803C30020704700BF680000207B
:100878000138064BC0F3421200F01F0003EB82035D
:100888009B6823FA00F000F0010070476000002028
:100898000A8870B595B2C67CC2F30E020488023687
:1008A80002F118033444C35AA4B233442344013B2D
:1008B800B3FBF4F303FB0422438892B29342044B44
:1008C8008BBF2B40AB4313439BB20B8070BD00BF63
:1008D8000080FFFF4A1E062A08B50346084604D8CA
:1008E8004FF4D1711520FFF75BFE094A914202D9F6
:1008F80040F2A311F6E711B903B1196008BD2BB195
:100908001B680022C3E901211A1D1A600430F5E7AB
:10091800FAFFFF7F10B5114B00EB41041A78638989
:10092800B3FBF2F303FB0223013A1A44B2F5706FEA
:100938000279807828BF00231A440B18B2FBF0F123
:1009480000FB11215B1AB3FBF0F100FB11331344D8
:100958006FEA43436FEA5343638110BDDC0A00200A
:10096800024B03EB80035960704700BFDC0A00208C
:100978002DE9F04F10F0070A85B0054604D040F283
:100988006F111720FFF70CFE524F044607F10C06B3
:10099800B146B04657F8043B8DF80BA03BB101A80F
:1009A80098479DF80A30082B01D9F521E9E79DF809
:1009B8000B1041BB05B131604F4506F10406E9D182
:1009C800002D6FD00022DFF810910227964689F893
:1009D800002058F827A0013FBAF1000F55D09AF827
:1009E80004609AF802C0FF2E60D039460023481CE4
:1009F80038D19C44BCF1FF0F3FD90AB189F800E017
:100A08004FF49A71BDE79DF80AC04B1D60465A0025
:100A180004EB4303022838BF0220441E404223440B
:100A2800BDF808406444CCF1000C0340013C04EAE2
:100A38000C04B4F5803F02D340F20511A1E775B16B
:100A48009A1A0120326091701480D0709DF80C00C1
:100A5800107101984FEA104C1081A2F806C004FBEF
:100A68000134A9E758F8210028B190F804B0B3453B
:100A780004BF80781B180139B9E7DBB2E6458AF86C
:100A880004303CBF5FFA8CFE01227B1CA1D10AB165
:100A980089F800E0022640F6FF6A58F82670B7B9D0
:100AA800013EFAD2601B05B0BDE8F08F0023E5E7F0
:100AB80007EB410309F101093846A3F80AA0FFF73B
:100AC80029FF5FFA89F1BB788B42F1D8E8E74FF04C
:100AD8000009F6E7E00A0020DC0A002038B54FF6E6
:100AE800FF7302460380184B03EB81031869A8B112
:100AF80084780379B3FBF4F104FB1133DBB21946B4
:100B080000EB4105B5F90A50002D0EDB0131B1FBB0
:100B1800F4F504FB1511C9B28B42F1D1002038BDA0
:100B28006381BDE8384008F09BB900EB4104638954
:100B3800C3F30E031380C278002AF1D14FF4E57194
:100B48001720FFF72DFD00BFDC0A00201C4B03EB2C
:100B5800810370B51C69054644B3030404D54FF4FA
:100B6800EC711720FFF71CFD0146204608F05BF9E1
:100B7800FF28014604D02046BDE8704008F070B94F
:100B8800A078B5FBF0F300FB1353DBB219460A1D3E
:100B980004EB4206B6F90260002E09DB0131B1FB15
:100BA800F0F200FB1211C9B28B42F0D1002070BDE7
:100BB8008B4201D00023E37004EB42025580DAE750
:100BC800DC0A0020094B03EB8103014610B51C69C0
:100BD800204608F028F9FF28014604D02046BDE841
:100BE800104008F03DB9002010BD00BFDC0A00200D
:100BF800F8B5104B074603EB810301461C692046F4
:100C080008F011F9FF28054611D0E288238953EA34
:100C1800024606D00146204608F022F90146384629
:100C2800B04720462946FFF775FE0020F8BD05208D
:100C3800FCE700BFDC0A002038B50E4B0446827979
:100C480003EB8203186908B9052038BD8278E17979
:100C58009142F9D24B1CE37100EB41035D89B3F972
:100C68000A30002BF3DBA58008F0FAF8206000209A
:100C7800EBE700BFDC0A002070B5044610F0030063
:100C88000E4603D04E211820FFF78AFCFFF722FEFC
:100C9800054624B1034831460460FFF71BFE284689
:100CA80070BD00BFF80A00202DE9F14FDFF870B0E1
:100CB8001E4607460D46DBF8003090469DF828A0F2
:100CC8009DF82C901BB960211820FFF769FC52464B
:100CD8000921404608F015F84A4684B209213046F1
:100CE80008F00FF881B2DBF80000214408F076F82C
:100CF800386018B9286001B0BDE8F08F0444534645
:100D0800414609222C60386807F0DAFF4B46092271
:100D18003146286801B0BDE8F04F07F0D1BF00BFE9
:100D2800F80A00201F2AF8B5044624D89200134D6B
:100D3800033250B1830703D068210920FFF730FC44
:100D480022F00303297068602B8122F00302282314
:100D58000127120403FB01F06B680025120CEEB2A8
:100D6800B14200D8F8BD14B126181F705E60104457
:100D780001352833F3E74FF0FF30F3E7FC0A002092
:100D8800154A002170B553681578C8B2854203D852
:100D9800BA210920FFF704FC1C461846013114F853
:100DA800286B0EB92346F0E70021997001241289B7
:100DB800996103F126055C709208D96103F11E045C
:100DC800596824F8022FAC4243F8041F1144F8D1A3
:100DD80000234361037070BDFC0A0020124B0122FE
:100DE8004FF0FF3000215A60C3F80803C3F800151C
:100DF800C3F804255A6040F6FE72C3F808034FF49E
:100E08008060C3F8001503F560330849C3F8082566
:100E1800C1F88800BFF34F8FBFF36F8FC1F8880107
:100E2800C3F80825704700BF00A0045000E100E0A7
:100E380002680020014B1A60704700BF080B0020B1
:100E4800014B1B68184700BF080B0020024B1868AD
:100E5800003818BF01207047080B00200A460648D2
:100E68008F2302F8033BC368C1F80330036953605A
:100E780043699360704700BF0C0B0020014B0021B1
:100E88005B6A18470C0B002010B5154C03F032FFB5
:100E980004F07EF9208DFFF7F1FF237E63B122462F
:100EA800104904F1190052F80C3BE3606368536081
:100EB800A368936008F08AFC218DE06A01F022FAA9
:100EC800E36AB3F8AA0001F0A7F9636B94F830104D
:100ED80094F831009847002384F8383010BD00BFDB
:100EE8000C0B0020650E000070B5184C0546E36C2D
:100EF800E66AE3634FF4817394F85000A4F8403035
:100F0800337D96F8151100EB83002DB9FF2803D126
:100F180096F814318B4201D003F05AFC337D73B13B
:100F2800606D03F05BFE616DE06B04F0B7F815B916
:100F3800284603F0A1FE022384F8383070BDE06B28
:100F480003F04CFE04F024F9F1E700BF0C0B00207D
:100F58007FB50022012300F180010392CDE904232B
:100F6800074A92F85020029200F19002CDE900322F
:100F7800D0E91E23022004F02DF807B05DF804FB29
:100F88000C0B0020F8B5584C054694F8386006F06C
:100F9800FF0016B909B102B123B94FF42071272017
:100FA800FFF7FEFA63639DF81830616284F88530B4
:100FB800626784F8300084F8860084F8310084F889
:100FC80088006084208584F8780084F8790084F8A3
:100FD8007000A0652066A4F86400E0636064A4F86B
:100FE8004800E56203F020FC04F0D2F895F91C01F2
:100FF80003F074FCD5F8D060D5F8C80003F074FC91
:10100800304603F0DDFD95F8240003F077FC08F086
:10101800BFFD95F8152100F17101012003F0ECFCEA
:10102800324B186803F0D2FDD5F8BC30C4F88030D4
:10103800D5F8C030E366AB7B233B072B52D9EB7B5B
:10104800233B072B4ED9B5F8E630B5F8EC0095F8F8
:101058001411984228BF184608F0EDF995F8E830C1
:10106800834228BF034698B295F8E430984200D3EB
:10107800C3B295F8151105F1DC0084F8873008F043
:10108800D2FB2F7D95F81511B5F8F06008F0D3F96B
:101098000FB9043080B2864228BF0646F3B284F8FE
:1010A800843084F850302B7D13B12846FFF750FF69
:1010B8000120FFF719FFE36AD3F8C00103F0AAFD86
:1010C800002323606360A360EB886380B5F8AA30CF
:1010D800238095F824302371D5F818310BB10122FB
:1010E8001A60F8BD1B23C4E70C0B0020DC1300209A
:1010F800014B93F8880070470C0B0020024B93F8C3
:101108002900C0F3C00070470C0B0020014B93F876
:10111800860070470C0B002010B501210020FFF756
:1011280051FD044670B90121FFF710FD044620B9AE
:1011380040F225313920FFF733FA034B93F91810A1
:1011480008F01FFF204610BD980B002008B508F0D6
:1011580004F900F037FC00F099FA08F00FFB01F0F1
:10116800B7F803F031F80022074B4FF01B1107487E
:101178001A60074BC3E901014FF4A4711A801A825F
:10118800D960DA7408BD00BFE013002003021B0019
:10119800980B0020034B41F64C525A611B229A745B
:1011A800FFF7D4BF980B0020F7B5274D00F1A8072B
:1011B80004466B69C0F8DC30244BC0F8C4303846AC
:1011C80008F0FCFD064600F051FA8306A97C53BFDF
:1011D8001B23EB882A891A46A4F806311C4BA4F86D
:1011E80008211B6884F8E410A4F8E66023B194F998
:1011F8001C11B4F8AA0098471649384608F098F820
:101208000123EA8804F1BC006979A4F8DA300332D2
:101218002B89019192B22979033300919BB204F191
:10122800C001FFF741FDD4F8BC3023B940F2E241D8
:101238003920FFF7B5F9D4F8C03013B940F2E341CB
:10124800F6E703B0F0BD00BF980B002000093D0091
:10125800E4130020A60B0020024B1B6803B11847BB
:101268000C207047E0130020034BDA8802801B79BA
:1012780083700020704700BF980B0020F7B50778EF
:1012880005460C46EF2F0FD890F901204378002A25
:101298000ADB8278900707D113F010001DD1990658
:1012A80003F0030202D51AB1122442E0032AFBD04C
:1012B8001E07F9D42979EA78EE7942EA0122697998
:1012C80042EA0142A97941EA06212E7A41EA064119
:1012D8008A42E9D81F2A0FD8E6E713F0600FE3D156
:1012E80003F00702052A05D003F00F010D22CA40BA
:1012F800D107D9D51A07DDD56A7A013A062AD3D893
:10130800AA7A032AD0D813F0040102D1023A012A9A
:1013180003D8EA7A012AC7D811B9AA7C032AC3D804
:101328002A7D48B1012ABFD12A7E012ABCD830B90A
:101338001124204603B0F0BD022AF5D1B4E7DB073B
:1013480012D46B782A7D03F01803082B11D1022AD6
:10135800EED101213846FFF735FC064678B108F092
:10136800C4FDB8B10C24E4E700F050F90028E8D136
:10137800DEE7022AEDD02B7F002BEAD0D8E7012147
:101388003846FFF7E3FB064640B3154B93F91810B0
:1013980008F0F7FD304608F0E4FE29462070E874AE
:1013A800304608F034FEEB7E0446002BC1D00028FE
:1013B800BFD10246B16A684607F08DFD2246B06A81
:1013C800012107F0D3FDB16A6846042207F083FDC6
:1013D80022462146B06A07F0C9FDAAE70724A8E714
:1013E800980B002030B502798BB00346042A4FD8F9
:1013F8004088B0F5804F4BD8264900248D5C1144B5
:10140800ADF800404A798DF8084042F010028DF896
:10141800244042EA45028D7AC97B42EA850242EAC3
:10142800C102694602F01F028DF80020BDF80020B5
:10143800ADF809201A888DF80E00000A8DF80B20E7
:10144800120A8DF80D408DF80C208DF80F008DF8DC
:1014580010405A7BD3F807008DF811205A7905906F
:1014680002A88DF812209A798DF81320B3F80B2072
:101478009B7BADF818208DF81A307F238DF81B3030
:101488004FF00113CDE90734FFF7F8FE0BB030BD7C
:101498001220FBE704AF010073B50646FFF73CFED8
:1014A800044608F069FE33780546012B5FD12046D3
:1014B80008F09AFD00287AD0204608F05DFE18B1A1
:1014C80015B9122002B070BD204608F00EFD08B113
:1014D8000C20F7E7204608F045FD06460028F7D11E
:1014E800204601F09DFE0028EBD0ED0142F210737A
:1014F80031462046ADB25D4308F02AFE204608F08A
:1015080033FE014658B92A46204601F003FA08B9C5
:101518000020D7E741F698213920FFF741F83146F6
:101528000DF10600FFF7DAFA064608B90D20C9E7FB
:10153800BDF8061007F0A3FF3146204608F020FE4C
:101548003046FFF731FE2A463146204601F0E2F9DF
:10155800024610B141F6B421DEE7164BDB69002BD9
:10156800D6D006F5917106F1A8009847D0E7002B70
:10157800A7D1204608F038FDC8B1204608F0B5FCD0
:101588000028C5D0204608F0E9FB0546204608F0AB
:10159800E8FB014600289BD1002DB9D0B5F8AA0078
:1015A800FFF726FB0028B3D041F6D621B4E7422046
:1015B80088E700BF980B00200278034672B1427892
:1015C80062B142881A2A09D982881A2A06D900687B
:1015D800034A506000209B8813817047122070478F
:1015E800980B002010B5064C0649201D07F06CFE2C
:1015F80004F108000449BDE8104007F065BE00BFCB
:10160800B80B0020A8000020B0000020014B18787B
:10161800704700BFB80B002010B5064C00F020FB47
:10162800606807F049FEFFF7B5FD00F073FC012381
:10163800237410BDB80B0020014B187C704700BF05
:10164800B80B002010B5064CA06807F035FEE0681E
:1016580007F032FEFFF77AFD0023237410BD00BFA8
:10166800B80B002000487047C90B0020014BD3E994
:101678000001704770000020034B1868C0F3002079
:10168800400040F0010070477000002008B504F0E9
:101698001FFB0023074A32F82310814205D302EBCF
:1016A80083029378044A137008BD01330C2BF2D1DE
:1016B8000023F7E718AF0100CD0D0020006808B53A
:1016C800B0F8AA3080F86411A0F8653190F81431A8
:1016D800012B06D0022B04D04FF43F710620FEF7F1
:1016E8005FFF80F8673190F81531012B01D0022B8C
:1016F800F2D180F8683100F25B100249BDE8084079
:1017080008F064B823930000044B93F82220012AC0
:101718001ABF036001200020704700BFCE0D0020D3
:10172800054B024693F8221001291BBF01209A8419
:10173800002083F822007047CE0D0020044B0022C1
:1017480093F822009A8410B1012083F82220704770
:10175800CE0D002050B90A4A0120134603F8010BA8
:101768000868C2F801008A889A807047012805D164
:10177800034B0A68D8719A608A889A81704700BFBB
:10178800F40D002050B90B4B187888B1D3F801201C
:10179800B3F805300A6001208B807047012806D114
:1017A800044BD87920B19A689B890A60F3E7002036
:1017B800704700BFF40D002010B9044B187870472B
:1017C800012806BF014BD87900207047F40D00208E
:1017D800F7B58A8800238DF80600ADF8042008685C
:1017E8000B4A8DF807300146147802F5A872019D5E
:1017F800D8B2844201D8082007E052F8087F0133A4
:101808005668AE4208BF8F42F2D103B0F0BD00BFA8
:10181800080E0020084B0146002230B55C7803F220
:101828000113D0B2844201D8082004E013F8015F04
:1018380001328D42F5D130BD080E0020F0B5254D9E
:1018480089B095F8984105F299116846224605F045
:10185800C3FF2146684607F09FFD0446B8B300EB76
:10186800400102A8C9B2FFF7EBFA631E95F8A1611F
:101878000124DBB295F8981105E0721CB2FBF1F077
:1018880001FB1022D6B206F120020DEB020010F87F
:10189800202C002AF1D103EB430100F8204C06EB81
:1018A800460220312A44694411F8187C82F8A27152
:1018B80011F8177C11F8161C82F8A37182F8A4118C
:1018C800013BAA19DBB282F89941FF2BD2D109B0AA
:1018D800F0BD00BF080E002070B5064688B00C4663
:1018E800002A4ED0294A92F8A131D01890F89911BF
:1018F80019B9FF212820FEF753FE03EB43010133FA
:10190800114491F8A251E57091F8A35191F8A411EE
:1019180025716171002180F8991192F89811B3FB33
:10192800F1F001FB103382F8A13192F8C23123B9EA
:10193800174902F5DD7007F046FF65790D22002191
:10194800684605F03F0545F04005657109F08DFAD8
:10195800E37804AA69468DF80F30304623798DF86C
:101968000D508DF80E30042309F0E9F99DF81F3069
:1019780023709DF81E3063709DF81D30A37008B069
:1019880070BD03216018FFF75BFAD6E7080E002048
:1019980045180000044B5A78824286BF1B1893F8FA
:1019A8004A010020704700BF080E0020044B5A78F7
:1019B800824286BF1B1893F842010020704700BF7F
:1019C800080E0020064B00224FF461711A8083F83C
:1019D800C32183F8C421A3F8C61183F8C221704734
:1019E800080E0020014BB3F8C6017047080E00200E
:1019F8000A4B30B55C7884420ED9184490F802013D
:101A08002B3003EBC004A5790D7053F8300010603B
:101A18000120A388938030BD0020FCE7080E002039
:101A28000246074810B590F8C34124B1417821B166
:101A3800023002F0EBFB204610BD0C46FBE700BF6E
:101A4800080E00202DE9F74F2F4C9A46804689460C
:101A58006378834256D9231893F8425185F00105DB
:101A6800F9B193F84A31E3B945F002070135BAF103
:101A7800000F18D1FA070AD5062104EB08105246C0
:101A880001FB0841823001F58571FFF725FFBB078F
:101A980034D504EB0810524649460230FFF71CFFC4
:101AA8002CE02F46E3E794F8A1614FF0010B002DDD
:101AB800E0D0A31993F89911019399B90092DAB17A
:101AC80000F0F8F9019B06EB4601009A4FEA102C4A
:101AD80083F899B1214481F8A201000C81F8A3C1CF
:101AE80081F8A401013694F89831013DB6FBF3F171
:101AF80003FB1166F6B2DAE747F00407384603B08D
:101B0800BDE8F08F0027F9E7080E0020074B5A7848
:101B1800824209D91A1892F842212AB9062202FBF0
:101B2800003000F58570704700207047080E0020CF
:101B3800064B5A78824281BF1B1893F83A01B0FAD3
:101B480080F0400998BF0020704700BF080E0020B1
:101B58000B2808B504D940F229112920FEF720FDE9
:101B6800014B33F8100008BD48AF0100036830B5D9
:101B78000024D3F8C40042F21075A3F84040B3F82B
:101B880044404443B4FBF1F4A3F844404C1E05FB25
:101B98000242B2FBF1F2A3F84220094AB2FBF1F289
:101BA8000132A3F848209A8F05FB02445A6B504330
:101BB800B4FBF1F4B0FBF1F09C63586330BD00BF97
:101BC800005A62020346084671B13F2B0BD8074AF8
:101BD800D35C03F07F02914205D08CBF0120002026
:101BE80000EAD31070470120704700BF60AF0100C2
:101BF800FF230B7002234B7083238B70014B1B78E0
:101C0800CB707047D40F002038B5134C1022002138
:101C1800201D09F02AF90125257404F10803102272
:101C2800002104F11400C4E9013309F01EF984F815
:101C3800205004F11803094AC4E9053300236362FC
:101C4800A36284F82C30C4F82D30C4F8313084F8FD
:101C580035301360A36338BDD40F0020E81300208B
:101C680010B5084C2378FF2B04D040F299111020AE
:101C7800FEF796FC05F01CFD2070BDE81040FFF74C
:101C8800C3BF00BF7D00002010B5034C207805F0CD
:101C980029FDFF23237010BD7D000020014B18781B
:101CA80005F030BD7D0000202DE9F341DFF86881A3
:101CB800054608F11407D8F80830D8F81840227AF1
:101CC800012A22D1D8F8382052B1137A1BB9BF2182
:101CD8001020FEF765FCD8F83840C4B9002083E02E
:101CE8001A7A012AFAD01C464C4AEFF3108172B6D0
:101CF80050680068506001B962B6A34208BFC8F8CE
:101D08003840237A1BB9EE21E2E73A46EDE7267A16
:101D1800F6B205232372731E0B2B6ED8DFE803F08F
:101D28006A062235676D3E6D6D6D6D5B636813B92C
:101D38004FF40371CCE72046294698470420EFF377
:101D4800108272B6237A052BD9B24FF0000359D10D
:101D58002372D8F83810A14201D1C8F83830B2BB84
:101D680062B634E0636813B940F21521B0E729463A
:101D7800204698470346ADF80400C0B2C3F30723D2
:101D8800012B2FD0022BDAD11AE0636813B940F285
:101D98001D219DE7204698470020D0E763680BB9CE
:101DA800FE2195E786222A7001225988AA706A7155
:101DB80000225869A5F80310AA7106F0FCFF042058
:101DC800D8F83830A34202D10023C8F838300028A8
:101DD8003FF471AF08E0124B294620461B6898472C
:101DE800034668B9267298B102B0BDE8F0814FF495
:101DF80015716DE740F257216AE740F25A2167E70B
:101E08000220DDE711B940F27B2161E71846A6E719
:101E1800002B7FF450AF61E7D40F0020D80F0020CB
:101E2800EC130020134610B5027A22B140F20231B9
:101E38001020FEF7B5FB0A4601460248BDE81040EF
:101E480007F09EBCD80F00200346064890F83C20B7
:101E58003AB190F8352022B9034900F82D3B07F034
:101E6800ACBC7047D40F0020F91B00000A4610B51F
:101E7800037A23B140F20A311020FEF791FB0146A4
:101E880007230248BDE8104007F07ABCE80F00209D
:101E98001346027A0AB1037270470A46014601489E
:101EA80007F06EBCD80F0020014907F08FBC00BFB7
:101EB800DB970000094AD2E90003434083EAB011E6
:101EC80081EA43214FEAF34311605360044B5843BE
:101ED8004FEAF06000EB8000704700BF141000204C
:101EE800BB79379E094AD2E90003434083EAB0111F
:101EF80081EA43214FEAF34311605360044B58438E
:101F08004FEAF06000EB8000704700BF80000020BF
:101F1800BB79379E10B50A4C08210948FEF790FF97
:101F2800D4E900321343F7D0064CFFF7DBFF2060FB
:101F3800FFF7D8FF236860601843F6D010BD00BFD4
:101F4800800000201410002037B5044601A80D4673
:101F5800FFF7DAFB20B94FF4AA615120FEF720FB06
:101F680000212222019808F080FF019B194601F800
:101F7800035F023D232D00F28980DFE805F0258705
:101F8800128A8A25872B878A313D418787458A8A25
:101F98004E4E656587878787878787878787876C9A
:101FA800778021680D20D1F8CE215A60D1F8D2214E
:101FB8009A602268D2F89420DA60FFF7B1FB002813
:101FC80069D140F25751C8E7226892F8A020022050
:101FD8001A71F2E7204600F0E5F80028EDD13DE05F
:101FE800112206201A7159225A7100229A71392237
:101FF800DA7130221A72E0E7226892F89A20E6E74E
:10200800084600F0BDF8E8E7226892F89B101971BD
:1020180092F89A2003205A71CFE722680920B2F873
:1020280000111971090A5971B2F8A2109971090AB7
:10203800D971B2F8FC101972090A5972B2F8A020C5
:102048009A72120ADA72B8E7226892F82E11197198
:1020580092F82F21DEE7114B1B6813B940F2495162
:102068007BE72320224698470420A6E70B4B1B68F2
:10207800002BF3D022462420984705209DE7074BE4
:102088001B68002BEAD022462520F5E740F2445190
:1020980063E7012091E703B030BD00BFF0150020D1
:1020A8003F289ABF024B53F820000020704700BF1A
:1020B800F01300203F289ABF024B53F8200000205D
:1020C800704700BFF0140020F7B5056804464FF6C6
:1020D800FF77D5F8BC600DF102010DF10102304621
:1020E800ADF8027006F020FE01A9304606F03EFE6B
:1020F80048B1019806F070FE2168A83100220272EA
:10210800FFF7B4FEE7E7044905F1280003B0BDE88E
:10211800F04007F055BB00BF579A0000024690F800
:10212800D631BBB990F8D73103F0FF010BB10020CD
:102138007047094B18780028F9D01970D96804330A
:10214800C2F8941003CBC2F8CE01C2F8D211FF2313
:1021580082F8D631012070471C100020006890F8E2
:1021680071314BB9B0F8AA3000F2691003494381C4
:102178001A23437207F021BB704700BFE39A00009F
:1021880010B50446FFF772FA044A054B02400920CD
:102198000B40C4F80120C4F8053010BD2FC904F75E
:1021A8006FDB008037B50C460568FFF75FFA0A4B0E
:1021B8000A4A03400A4095F8621000930B400192C6
:1021C8008DF800306B4603CBC4F801000920C4F831
:1021D800051003B030BD00BF2FC904F76FDB0080C6
:1021E80038B5DB04154604D5037D13B100234363DA
:1021F80038BD446B0134446307F096FC836B9C4202
:10220800F6D30023034943632846BDE8384007F066
:10221800DDBA00BF0D9B0000024B1B6803B11847D5
:10222800704700BFF4150020F0B51F4D00242B782F
:1022380014709BB1013B6D68DBB21E1B012E0FDCD5
:1022480005EBC40655F8347076688E4208BF87429D
:1022580027D0B84271EB060612D214700020F0BDE8
:102268001E197710C6F3470655F837C005EBC70E99
:102278008445DEF804708F412CBF33463446DCE7D2
:1022880005EBC30455F8335064688C4208BF854297
:1022980006D0A84271EB040428BF01331370DDE7B0
:1022A8001C4601201470DAE73C10002010F00702E9
:1022B80008B503D063214820FEF772F918B1034B23
:1022C800197258601A70C80008BD00BF3C10002081
:1022D800014B00221A7070473C100020FF23084A67
:1022E8000B700D234B7082238B701368C1F8033079
:1022F8005368C1F807309368C1F80B30704700BFC6
:10230800521000200B4B5A7D92B14A0610D5B0F8F6
:10231800AA2009491A80D0F850225A60D0F85422CD
:102328009A60C28803F10C005A800222FFF7B0BD00
:10233800704700BF52100020E5220000094B53F8F7
:10234800203003F5224370B5B13316464FF47A7244
:102358000C46B3FBF2F5344402F06CFD2C442044E7
:1023680070BD00BF68B001002DE9F04F8BB0044686
:1023780098460F46039290F8159106F0CCFF8246D6
:1023880094F81F01FFF7E4FB824407F001FCE37BAC
:1023980000F148061FFA8AFA0293039B002B4AD1E0
:1023A800637B032B47D1029B0C2B32D1B4F86C32E0
:1023B800BB422ED1D4F8F0312046B4F8C421C4F879
:1023C800E031D4F8C430C4F8E431B4F862321344CC
:1023D800C4F8E83101F0B0FED4F8742241F64B514C
:1023E80094F81D31C4F8C4208A428CBF002303F03E
:1023F8000103D4F87012D4F87822C4F8D41084F801
:102408001E310223B4F86E12C4F8CC20A4F8D810F8
:102418006373E37BA17B282B01D028290BD1B4F867
:102428006C32FB1A1A0406D4A1F12803204659423B
:10243800594101F043FAB4F8605204F50C73B4F84A
:1024480006E07D1B94F815B1A7EB0E0E04932DB290
:102458000FFA8EFE002D0FDA7546D4E99223C4E9EF
:1024680096230122637B032B00F26481DFE813F0DB
:10247800060006015A0029014246F3E7012100201F
:1024880006F0E8FF8146D4F8D4005146484403F0EA
:10249800D3FB5146C4F8EC01D4F8C40003F0CCFBDC
:1024A80007A9C4F8F00108A802F034FC079B0093C0
:1024B800DDE90823D4E9960108F0C4F8834604F15D
:1024C800A80007F07DFBD4F8D420D4F8643294F83F
:1024D8001501D51802F0B6FCD4F8EC1100F522402D
:1024E800203D4FF47A73B13032466D1A3031AD1B4E
:1024F800B0FBF3F04D44B4F8D830A5EB0B0503EB73
:1025080041012D1A94F81501FFF718FFD4F8643229
:10251800C4F8F401EB1AB92B5DD840F2C74130205A
:10252800FEF73EF8D4F8D4305146D4F8E401184404
:1025380003F082FB5146C4F8EC01D4F8C40003F060
:102548007BFBC4F8F00104F1A80007F039FBD4F8CC
:10255800D430D4F8E4511D44B4F8C431002B40F011
:102568008980B8F1000F00F0858094F8150102F019
:1025780069FCD4F8EC11D4F8503200F522406D1AF9
:1025880094F81521B130203D1D44854B53F8222085
:102598004FF47A7302F2E732D4E9929AB2FBF3F27B
:1025A800A5EB0905B0FBF3F01544AD1B2D1AD4F8C3
:1025B800E821D4F8E03194F8150102FB0313B4F8CC
:1025C800D8103246303301EB4301FFF7B7FE012341
:1025D800C4F8F4016373D4F8C430D4F8F021723B22
:1025E8009B1A9E1B0023864284F83032D4E9963227
:1025F80028BF064604F1DC005B19C4F8C06142F14B
:102608000002C4E9903207F00CF904233044A4F81E
:10261800607284F83932C4F83402D4E99023C4E9EA
:102628009623B4F8B031DB1B1BB2002BD4BF0022B9
:102638000122520084F83822029A0C2A7DD0B8F17F
:10264800000F7DD1637B002B00F09680D4F8C41076
:1026580004F50C70D4F8F031C91A06F0BEFE80B249
:10266800002800F08980149B03B1188001200BB06A
:10267800BDE8F08FD4F8EC116D1A98E7D4F8F001A2
:10268800D4F8C430B4F8C4C11B1AD4F8E811F4441F
:10269800D4F8E0215D43D4F8EC31ACEB010C3033D5
:1026A8000CF1FF3C02FB0133B4F8D810324600FBB2
:1026B8000C3301EB43015846FFF740FEC4F8F40120
:1026C80089E7D4F8F0A1D4F8C430B4F8C4C1A3EBB6
:1026D8000A035D4332B3BCF1000F23D1D4E994233C
:1026E800D4E99201904271EB030302D340F20E51F8
:1026F80015E72B4B203A53F829304FF47A79D4E96F
:102708009201CDE9040103F2E73103F5224304986D
:10271800B133121AB1FBF9F1B3FBF9F30A44D21A37
:10272800921B15440CEB0E0132460AFB01F13031C5
:102738004900C0E740F22651F1E6B8F1000F1BD07E
:10274800B4F8D80110B3B4F8DA1194F8DC214D1CB0
:10275800A4F8DA1101FB022290420DDD002B0BDDFB
:102768000023A4F8DA5184F83832FFF7A3FB00F00D
:102778000700013084F8DC0104F50C7104F50270DF
:1027880004F002FA20B940F27651C8E60146DCE7C7
:10279800039B83F0010384F80032002067E700BF41
:1027A80068B001002DE9F8430E46044618B9D32154
:1027B8003020FDF7F5FE052900F2A780DFE801F0DB
:1027C8000376413DA52E07F0E1FFC4E94601204606
:1027D80000F04AFED4F80C01A43807F02DFF20467B
:1027E80007F0CAFC054600BB0146204607F001FC7D
:1027F80000F1AE06D4F80C01B04209D2301A032118
:10280800192838BF192007F093FF60B107F016FFA9
:10281800C4F80C61204607F0C1FC45B12046BDE86C
:10282800F84307F0BCBC0125F2E70025F2E7D4E93C
:102838004623C4E94023BDE8F883BDE8F84302F025
:1028480075BA07F0E1FB04238146884684F8113104
:1028580007F0F0FE07220F46A9FB023102FB081120
:10286800D4E940525B1941EB0205D4F8E8203AB1AB
:1028780059EA080204D0984277EB050228BF0126DE
:1028880084F81061D4E94826121A66EB070694F812
:10289800301139B9012A76F100010BDA204600F02F
:1028A800EBFD03E0012A76F10006F7DB002384F84C
:1028B8002831C0E7984277EB05010FD259EA08089A
:1028C8000CD01B1A65EB07019A4276EB010005DB79
:1028D800012B71F10000A4BF1A460E460C490123D2
:1028E80004F1C000914284F829314FF0000384F8C4
:1028F8000831B341B8BF0A4604F5847104F0BCF945
:10290800002898D140F2B26152E7EF2150E700BFAA
:102918000040420F2DE9F84304460E46154690F84C
:10292800283103F0FF07002B40F0948000F1C00825
:1029380039467822404608F098FA224646494046E9
:1029480007F096FFC4F8E860FF2384F8283166B1E1
:10295800FFF7C8FA00F0070032464049013086F810
:10296800DC0106F5027007F083FF40F202434FF0E6
:102978000009A4F8103184F8089103F0B3F900F1C4
:102988004906204607F0F8FB0146B6B2C0B306F088
:10299800C2FC00F12801284689B203F04DF9284409
:1029A800AE3DC4F80C0107F045FE3018A4F81E909F
:1029B80041F10001C4E94601012084F8EC0007F068
:1029C80085FC2D1AC4F8F0504FF0FF356FF0004128
:1029D8004046D4E94623C4E94851002504F58471EA
:1029E800C4E93E23C4E9402384F8295142F2107215
:1029F80004F042F938BB40F2B9113020FDF7D0FDA0
:102A08002046DFF85C9007F0F4FAAE30C4F80C0109
:102A1800B9F8000048B1E08B38B1FFF763FAB9F8AC
:102A28000030B0FBF3F202FB1300064407F002FE8D
:102A3800361841F10001C4E94661002DC4D0AD1932
:102A480041F10001C4E72946204607F0AAFB3846B1
:102A5800BDE8F8830C27FAE7AD270000E39B0000E8
:102A680068100020F0B5002385B0CDE900330123BC
:102A78008DF806306846FEF7DFF870B10123104E76
:102A8800B3700023CDE9023302A8FEF7D5F8044657
:102A980038B10023B37005B0F0BD009807F061F9B4
:102AA800E8E7029D6B7B002BEED005F502773846F0
:102AB80007F0E5FD384607F0EEFD6C73E4E700BF6C
:102AC80068100020044B0022DA709A7042F21072EB
:102AD8001A80FFF7C7BF00BF6810002008B501F0D3
:102AE80053FE044B5A6882422ABF9878002080F02F
:102AF800010008BD68100020F7B5044606297BD8F8
:102B0800DFE801F004251523282D74003C4B9B7841
:102B180003F0FF025BB900920123B0F8B411FFF78C
:102B280023FC30B140F2CE613020FDF739FD04239B
:102B3800637301F0C9FF04F013F80023E288A4F8D6
:102B48006232A4F8FE2184F8013203B0F0BD0323F9
:102B58004373FAE707F0F7FCC4E99401F5E790F846
:102B6800150107F01DF86430D4F8F0319528D4F831
:102B7800C450234F8CBF0020C0F19600C218954264
:102B880088BFED1AFB7894BF00252D1A23B9D4F815
:102B9800DC309D4228BF1D46D4F8C06104F1DC003A
:102BA80006F03FFE0644022007F098FD0221AD1B07
:102BB80025EAE575854228BF0546284607F0B8FD91
:102BC80010B12E4407F03AFD0123C922314604F121
:102BD800A80006F0CAFED4F8C0317860D4F8C40062
:102BE800184403B0BDE8F04007F026BDA83003B094
:102BF800BDE8F04006F0E4BF40F29C7194E700BFE6
:102C080068100020014B1880704700BF6810002032
:102C18000346074A1068D3F84920C0F80320B3F8E0
:102C28004D20A0F8072093F8481006F02CBD00BFEF
:102C38007010002070B504460E461346807D6588E6
:102C4800324615F0040118BF04F15701FEF7FAFEE9
:102C58004107054621D4C2070BD50123A07D84F87E
:102C68004830FEF753FF0368C4F849308388A4F856
:102C78004D30AB0701D4012070BD094B0121186804
:102C8800D4F8573084F85610C0F80930B4F85B30DF
:102C9800A0F80D3006F000FDEDE70020ECE700BFDE
:102CA8007010002038B5C38C04460F4D0133C3F3B0
:102CB8000E03C3842B7C2BB102F004F801F0FEFA5A
:102CC80000232B7400232B7194F869302BB1012158
:102CD8002046BDE8384007F086B8637C13B1E28C23
:102CE8009A42F4D20021F3E77010002010B5074C87
:102CF8002379012B05D1237C1BB101F0E3FF01F0FF
:102D0800DDFAA069BDE81040FFF7CCBF70100020C5
:102D180070B5254C2379012B04D040F682412D2033
:102D2800FDF73EFC98B90125237C1BB101F0CAFFD1
:102D380001F0C4FA002D36D0A06907F02DF868B369
:102D480001F06EFEE369BDE870409B681847216892
:102D5800A26911F8095B02F1490392F84820E809D1
:102D680006F0FCFA0028DED00021206806F0B9FC45
:102D78000028D8D02379A069012B02D040F65C4105
:102D8800CDE7237905F00F01E26903F18043526929
:102D9800013B52F8233098470546C5E7A069BDE8CE
:102DA8007040FFF77FBF70BD701000200346074AD0
:102DB800906903B909B9FFF775BF1379D26903F1AF
:102DC80080431269023B52F82330184770100020E4
:102DD80003292DE9F043054685B0174607D14388F6
:102DE800980723D40024204605B0BDE8F083428824
:102DF80090F86830D107DBB2F4D5002BF2D14FF050
:102E08000108DFF8D49099F81060C6B106F0DBFA33
:102E18000828387016D002AA0DF10701FEF7E8FD60
:102E280038B940F6F7612D20FDF7BAFB4FF00208DC
:102E3800E7E702A99DF8070006F092FE06463B78F0
:102E4800082B08D1D9F8001011F8030BC0F3801033
:102E580006F086FE0646D9F8001005F1500395F8ED
:102E68004F2011F8030BC0F3801006F077FAD9F859
:102E78000010044611F8030BC0F3801006F099FA0D
:102E88008146FEF755FE40B1B9F1080F1BD0484600
:102E9800FEF780FD80F00103D8B23A78082A14D0F2
:102EA8001CB9AC7DA21A544254416A8853079AD47B
:102EB800002897D176B9EC7C444518BF002C0CBF8C
:102EC800012400248FE70020E7E780F00102224078
:102ED800D4B2EAE7344686E770100020032937B5F4
:102EE800044604D0052957D0012003B030BD08237B
:102EF8000DF107028DF80730FFF76AFF0028F3D0BD
:102F0800237C2A4D03B39DF8070094F8B630DBB94B
:102F18002378082804F1B90284F8B7302DD004F1D9
:102F2800B801FEF765FD20B94FF477612D20FDF754
:102F380037FB94F8B83043F0020384F8B8301C49E2
:102F480004F1AE0006F039FC2B68042220461A7002
:102F580006225A70FFF75CFE616B94F838202868E7
:102F680006F0B0FB032328682B7101F037FE00211F
:102F7800286807F0F2FA0020B7E72868034613F834
:102F8800031BC1F3801184F8B810D0F80310C4F8FB
:102F9800B9109B889380D2E7064B1B68002BEAD0B8
:102FA800984780F00100C0B29FE700BF7010002072
:102FB800FF9E0000F8150020F8B504460F4619B327
:102FC80000F12005284607F05EF9A0B963881A07C2
:102FD8002ED5284607F06CF90646284607F053F91F
:102FE800301AC0B207F072F9494A93680344284678
:102FF800936007F027F9284607F029F901F07EFCCD
:103008002179252001F0E4FB414E002394F8562055
:103018003068037043706388103B0D2B68D8DFE875
:1030280003F063675F0C67446767676767676744B0
:103038002046BDE8F840FFF735BE0623437020233D
:1030480003702046FFF7E4FD638823F008039BB272
:10305800152B05D094F83020E16A306806F023FB80
:10306800306801F0BBFD0021306807F076FA0223D2
:1030780021790020337101F04FFC054607B9F06053
:1030880063881B0704D507F01EF90544C4F8F450FB
:103098006388103B0D2B36D8DFE803F038352F2F27
:1030A800352F353535353535352F0C2321214370EE
:1030B800034603F8091B52B1D4F857200121C0F880
:1030C8000920B4F85B209A8006F0E6FAB9E7226D89
:1030D800C0F80920B4F854209A8094F84F10F3E708
:1030E800062303704370ACE7022303700623F9E755
:1030F80040F259612D20FDF753FA21790120BDE8EE
:10310800F84001F0EDBD40F6F541F3E7F8BD00BF2A
:103118007010002038B543880446102B04D10121D3
:10312800BDE83840FFF748BF0B4D2B7C23B101F0B9
:103138009FF8402001F0BAFD286801F04FFD608833
:1031480010F0040002D1217901F0CAFD002001F03D
:1031580093FD01232B7138BD70100020024B012113
:103168009869FFF729BF00BF7010002010B5124CF6
:10317800237C1BB101F0A6FD01F0A0F8A06906F0C0
:103188000BFE38B12379012B09D040F686312D206A
:10319800FDF706FAA069BDE81040FFF783BD237963
:1031A800E26903F18043A069D268013BBDE81040A1
:1031B80052F82330184700BF70100020074810B598
:1031C800037903F0FF0433B914222146043007F0D1
:1031D8004CFE204610BD0C24FBE700BF70100020F9
:1031E80010B50023094C2371FEF73CFA2060FFF765
:1031F800E5FF20B14FF442712D20FDF7D1F9E369C5
:1032080013B940F20B31F7E710BD00BF7010002072
:10321800014B024ADA61704770100020C834000080
:10322800F8B5057D0446AF1EFFB2002D3AD0012F38
:103238002DD800F1500190F84F0006F0BAF8082890
:10324800064624D0FEF7B2FB10BB023D18BF01258D
:10325800012F84F84850A6758CBF00270127677591
:10326800FEF7C0FB054607F0E5F90022144B84F889
:103278005620E5FB0301C4E9100111462046FFF77B
:10328800D9FC70B940F2A3412D20FDF789F9082631
:10329800022D09D104F149010020FEF773FA60B943
:1032A8000020F8BD0826F5E704F149010120FEF7E2
:1032B80069FA0028F4D00125CAE70025C8E700BF4D
:1032C80040420F00F0B5444E85B00446327902F012
:1032D800FF0312B90278FF2A04D140F6DD112D2030
:1032E800FDF75EF9B36080F869303C4B684604F13D
:1032F800200500933A4B01933A4B0293F3695B68BC
:10330800039301F063FC01F08FFA01F0DBFC00F09D
:10331800D5FF354801F0E8FA344801F051FC284659
:1033280006F090FF284606F092FF01F0E7FA2179AF
:10333800252001F04DFA94F9120001F0CFFA04F1BA
:103348002C01A06A05F030FE074604F13401A06A9A
:1033580005F051FE0546DFB1237FCBB1B4F9265005
:10336800ED43ED0F637D13B963885B0709D56FF0F3
:103378000043D4E910129A4208BFB1F1FF3F0DD1C2
:103388009DB930680330FEF74BFB307405B0F0BDD3
:10339800002DE7D0657F002DE0D1E3E707F04AF97B
:1033A800D4E9102390429941EAD3012229462046C4
:1033B800FFF740FC50B1FEF715FB054607F03AF958
:1033C8000B4BE5FB0301C4E91001DAE7002DD8D067
:1033D80040F61C2183E700BF701000207531000003
:1033E800192D0000B52D0000D6BE898E5555550003
:1033F80040420F0073B50446FFF764FF00212046E2
:10340800FFF7DAFD236E0BB101221A606388DB0730
:1034180024D50023124EA569CDE90033FF23737428
:103428006846FDF709FCC8B9009CA542F8D005F12B
:10343800B40395F8B32004F1B40194F8B30005F08F
:103448008DFF0028ECD094F8AC30B4F8B120737438
:10345800D4F8AD30C6F81230024B9A8002B070BD75
:103468007010002082100020024B9861DB691B68F5
:10347800184700BF7010002043881B0710B504468A
:103488000FD583693C2209496A304272B3F8AA30E1
:103498004381FF2380F827304FF6FF73038506F03A
:1034A8008CF9FF2384F8693010BD00BF179F000016
:1034B800639F00001D310000699F0000E52E000099
:1034C800FD330000F52C000065310000B834000021
:1034D800BC340000C43400000138022808B503D900
:1034E800C4212F20FDF75CF813290A4B05D81129B0
:1034F8000CD8102907D0D221F3E71529FBD103EB0B
:103508004003D88801E033F8100008BD03EB4003FE
:103518009889FAE7E4AF0100294A38B50346948848
:1035280010681C43402B948004D10421BDE8384026
:10353800FFF7E2BA802B01D10521F7E703F0030476
:10354800032C04D140F6A4313120FDF729F8DD071A
:1035580006D50C6891602478062C0FD00B2C17D058
:103568009C0706D5096809780529117319D00B2914
:1035780021D09B0644BF0823537338BDC47B1B2C42
:10358800EED100240025C0E91C450124C474E7E7F6
:10359800C47B112C01BF0024C474012480F852405C
:1035A800DEE7C17B1729E4D1002400250121C0E909
:1035B8001E450175DDE7C17B1029DAD10021F8E746
:1035C800901000200C4A0346517B89B910683BB91A
:1035D800B0F80411B0F8E820914209D8FFF77EBA94
:1035E80093881B0706D5007C073818BF0120704751
:1035F8000020704701207047901000202DE9F84303
:10360800614D06462C6800287ED1AB881A0725D55F
:1036180094F89E30FE2B04D140F2FB513120FCF788
:10362800BFFFFE2384F89E30E37B1D2B05D184F871
:103638005100284606F0DBF9E673A37B232B06D15D
:10364800E37B233B072B94BF2A232423A373237CE8
:10365800072B02BF0223AB7384F89E30AB88DB07CD
:1036680017D4AB885F0776D499077DD5287B0122CC
:103678002B680D2883F89F2073D011287DD0072848
:103688007DD0FEF717FD034600286BD140F2EE51BE
:10369800C4E7D5F80080A96898F80F30D1F80090F1
:1036A800103B99F800700F2B09D8BB1EDBB2092B11
:1036B80067D840F2333222FA03F3D80761D5097983
:1036C8003846FEF77FFA20B939462F4806F0AEF99A
:1036D80039E0012F01D9162F21D198F80E0006F0F4
:1036E80095F940B198F80E30232B04D0242B07D13C
:1036F8002A2388F80E303846FEF7D2FC03461BE032
:10370800162F14BF022620266B7B1B0704D5E37BEC
:10371800103B0F2B98BF08263046BDE8F883112FC1
:1037280015D005D8072F14D00D2FE4D1174B05E07D
:10373800142FE0D1164B1B68002BC5D0AA68494648
:1037480011481279984700288BD00646DCE7114BC0
:10375800F4E7114BF2E7227C062A04BF0122AA7380
:1037680082E70E4B08489847AB88DA06CCD5E37B4E
:10377800092BC9D10A23E373C6E7094BF2E7094BC2
:10378800F0E70826C0E700BF901000204BA4000017
:10379800FC1500208FA400003538000075A3000038
:1037A800C1A30000EBA300002DE9F041A0F10E0435
:1037B8000B1E1646E4B208BF1F23172C0AD8012592
:1037C80040F25121A5400D4207D115F460051FD1E3
:1037D800082C07D00020BDE8F0810021BDE8F041A9
:1037E80006F078BD1468A17B242906D11946304615
:1037F800FDF764FF84F82C5105E02A29EAD1E37B20
:10380800233B072BF3D80023A37384F84A30E1E75E
:10381800054A1468002CDDD01A4601462346304676
:10382800BDE8F041184700BF0016002070B54D787C
:103838000446A5F10E03DBB2152B0CD8012140F28A
:10384800512201FA03F6164207D10268152B927B22
:103858002AD0082B07D0002070BD02462846BDE8B4
:10386800704006F037BD242A01D02A2AF3D1204619
:1038780006F0ABF82368DA7B252AECD093F86320AE
:103888001A21204622F0010283F86320226892F868
:10389800633023F0080382F86330FDF70FFF2368D5
:1038A800002283F82C21D6E72C2AD4D1024B1B689E
:1038B800002BD0D09847CEE7041600202DE9F04120
:1038C80090F86E7204460D4690F86F627FBB90F8D0
:1038D800141176BB94F8153184F8141184F8153155
:1038E800FF2384F81631154B04F1A8081B680BB1A7
:1038F8004046984794F82C31012B01D03E4303D021
:10390800237B43F001032373404605F09CFF18B165
:10391800237B43F00203237306212046FFF7ECF8CC
:10392800002384F82C3135B1A373BDE8F081394602
:10393800CFE73346D0E7E573F7E700BF0816002066
:1039480073B5484D002604462860AE806E73AE738A
:10395800FF2380F84C30B0F8B231002B7CD090F8BF
:103968009E30FE2B78D190F82031002B74D0037C48
:10397800063B012B70D990F821310221A0F8446050
:10398800012280F8A03006F0FEFC0221284684F8C7
:10399800BA61FEF7D9FAB4F8B6112046B4F8DA30AD
:1039A8000139B4F8B82189B2B1FBF3F31344A4F890
:1039B800B831B4F840300B44A4F8403006F030FD7C
:1039C80010B1636B0B446363B4F8B2310026012B6A
:1039D8009CBF0133A4F8B23109B184F8BE61E37B1E
:1039E80084F8BA61093B012B0FD8E388B4F86C223C
:1039F8009B1A190409D404F26E2104F1160005F08B
:103A08009FFDE673FF2384F84B30B4F8B62104F128
:103A1800A801204605F0DBFDE37B134A103B134960
:103A28000F2B8CBF002301230093114B2868FDF74F
:103A3800A9FA2C68237BDA0703D500210948FDF78A
:103A48003DFE237B9B0703D504F23F10FEF72CFABB
:103A58000023237302B070BD94F89E10FE299AD0FB
:103A6800004896E790100020CD3500002135000071
:103A78007D3A00002DE9F047B24F0E468046B988DE
:103A88003C688D05204655BFB4F84020002301321C
:103A9800A4F840304CBF84F8BE31A4F8402006F0AA
:103AA800BFFC38B10B4604F59B7204F1A80120460F
:103AB800FEF796FBBB8803F4C06323B1A37C002BFD
:103AC80045D0032B49D0A27CBB88012A03D1180515
:103AD80044BF0222A274B8F1000F40F08F8059064B
:103AE80057BFB4F8D8214246013292B2A4F8D8217F
:103AF80003F00A020A2A0CD13A7B022A09D123F0E0
:103B080008033046BB80FFF779FD30430823C6B26F
:103B1800BB803046FFF772FD3D68304395F89E3014
:103B2800C6B2FE2B3BD1D6BB2B7C063B012B36D92C
:103B380095F82031ABB195F8213101220221A5F881
:103B4800446085F8A030284606F01DFC27E00121D6
:103B5800A1742046FEF7D0FFB5E702230121A37424
:103B6800F7E795F80FA0AAF10F0A5FFA8AFABAF1F7
:103B7800100F40F2E9802B68DA0702D53246092196
:103B8800E1E7980740F18D8032460C21284606F07F
:103B9800FAFB95F8533043F0010385F85330B4F835
:103BA800B83194F8BB510133A4F8B831002D00F0B6
:103BB800FB81FDF7A3FA10B10023A4F8B831A17C6A
:103BC800012940F22382237C072B40F00582B4F8B8
:103BD8004030022B40F21A82B4F842500135ADB29F
:103BE800E3882B44A4F8B03194F8BC31002B00F0E2
:103BF80011820123E2881344A4F8B431BB883D68DC
:103C08005B0657BFB5F8C4310023B5F8B6219B1839
:103C180058BF9BB2A5F8C43195F820311BB92B7C4D
:103C2800063B012B06D8B5F84430B5F8B621134445
:103C3800A5F8443095F84A1031B1B5F84630B5F8D2
:103C4800B6211344A5F8463095F95020002AC1BF83
:103C5800B5F84E30B5F8B6011B18A5F84E3095F8F2
:103C6800313063B9B8F1000F40F05E82BB7B022BA4
:103C780040F0168295F8A030062B18BF162395F849
:103C8800302022B92F4885F83130FEF71DFA284632
:103C980006F006FC002384F84C30BDE8F047FDF739
:103CA8004DBD590702D5324613214CE71A0706D5F0
:103CB80095F89830324685F8A030072143E713F08D
:103CC800300F3AD095F82331002B5BD195F822318B
:103CD800D3B1EB7B05F1A80005F5917105F26E22D1
:103CE800282B28D0AB7BA3F1280CDCF1000343EB95
:103CF8000C0305F09AFD2B6823F0200343F0100312
:103D08002B60002385F822312B68DA063AD505F1B5
:103D1800A80005F098FD18B105F23F10FEF7C4F8A9
:103D2800B5F8FE3000221521A5F8A030B5F802310B
:103D3800A5F8A23007E70123DBE75B0622D50022BE
:103D4800242100E790100020D7F8009099F80F3050
:103D5800172B2DD011D8102B1DD0152B1FD0AB7BB6
:103D6800002B63D1EB7B0F3B102B67D995F83E30C6
:103D7800002B63D001221221E5E61F2BEFD132463A
:103D880006210AE03868C37B252B3FD0342BE6D1C7
:103D980000221121D8E632460B214846D4E648468F
:103DA800FEF7BCF900283FF4FAAE00220421F4E73C
:103DB80099F86832012B07D132460521484606F0AA
:103DC800E2FA89F86862EAE699F86832022BD9B211
:103DD8007FF4E5AE99F8523053B10623324689F89C
:103DE800A030484606F0CFFA002389F86832EAE79F
:103DF8003B6840F20632A3F89A20324699F86230BE
:103E080013F0040F0CBF0D211121EAE790F82C31B3
:103E1800022B02D10022172196E690F82C31012BB3
:103E28009DD190F82D31002BF4D098E7082B05D1BF
:103E380095F89930012285F8A0303EE7BAF1100FC5
:103E48007FF6ADAE3D6895F80E90B9F1000F7FF49E
:103E5800A6AE95F833313BB101220E21284606F073
:103E680092FA85F83391AEE795F8323183B195F837
:103E7800539019F0030A0BD149F0010901220C21D2
:103E8800284606F080FA85F8539085F832A19AE71B
:103E980095F822313BB395F8233123BBEB7B05F131
:103EA800A80005F5917105F26E22282B19D0AB7B7D
:103EB800A3F1280CDCF1000343EB0C0305F0B5FC7F
:103EC800002385F8223101221421284606F05BFAE6
:103ED800B5F8FE30A5F8A030B5F80231A5F8A23043
:103EE8005DE60123EAE795F82C31012B3FD195F8DF
:103EF8002D31002B3BD1EA7BA2F12303072B36D9C6
:103F080095F81401012806D0022804D04FF43F7117
:103F18000620FCF745FB95F81511012901D0022967
:103F2800F4D1022895F82E310BD0012B14BF0023B1
:103F3800012343B9093A042A7FF631AE012216213A
:103F480001E6022BF2E7022995F82F310DD0012B5B
:103F580014BF00230123002BECD000217548FDF786
:103F6800ADFB002385F82C3119E6022BF0E795F814
:103F780035314BB195F82D3133B9EB7B233B072B0A
:103F880002D901222321DEE595F83431012B05D130
:103F9800002385F8343101222521D4E595F8343100
:103FA800022B7FF4FCADF3E7FDF7A2F808B1A4F803
:103FB800B851FDF7ABF800283FF401AE94F8BE31D4
:103FC8000133DBB2022B84F8BE3182BF0023A4F890
:103FD800B83184F8BE31F2E594F83E3013B1A37BD2
:103FE8000E2B13D1B4F842502046B4F84030ED1AE5
:103FF800033D06F015FA58B1A36B626B033B9B1A9D
:104008009D42A8BF1D46012D3FF7E9AD0125E7E513
:104018002B46F5E7012D7FF6ECADE37B13B10A2BB8
:104028007FF4E7ADA37B002B7FF4E3AD237C002B6B
:104038007FF4DFAD02297FF4DCAD94F8BE31002BAC
:104048007FF4D7ADD4F8BC00B4F8DA9004F0BDFE24
:1040580000283FF4CEAD94F89E30FE2B7FF4C9AD16
:10406800B4F8B231012B7FF6C4ADB4F8B821B4F876
:10407800CC309A42BFF4BDAD013D9B1AADB29BB2A4
:10408800B5FBF9F59D4228BF1D4605FB09F3003D28
:1040980003F1010318BF01259BB284F8BA51A9E5C1
:1040A800012B08D16B7C002B7FF4E9AD0021284659
:1040B800FEF722FDEEE55EB1F00633D4310733D4C6
:1040C800B20633D4B30733D14FF43161312020E73E
:1040D80039B1B5F84610B5F84830994201D32223D2
:1040E800CDE5002A05DDB5F84E20B5F848309A42EE
:1040F800F5D2B5F84420B5F842309A4209D2AA7CE4
:10410800B5F8403052B1B5F842209A42CED80823CB
:10411800B5E595F82031002BE1D1F0E7052BC5D99D
:104128003E23ACE51E23AAE53D23A8E52323A6E507
:104138002A23A4E590100020D0F87432D0F8C420C7
:10414800934213B50446019005D1D0F87812D0F8FF
:10415800CC20914216D0B4F8AA2004F27D10104960
:10416800A4F8872140F2E242B3FBF2F3A4F88931C4
:10417800B4F87832A4F88B31B4F87A32A4F88D31D7
:1041880005F024FBB4F87A2201A8D4F87412FDF7DC
:10419800EDFC0023E3730323A37402B010BD00BF3A
:1041A800C39A0000074B93F900301844142804DC24
:1041B80010F17F0F03DB40B27047142070476FF097
:1041C8007E007047A1100020024B00221A705A701E
:1041D800704700BFA1100020064BD3F8000138B18A
:1041E800D3F8040120B1D3F80801B0FA80F04009EF
:1041F800704700BF00A00450034B00221A705A7089
:1042080010229A70704700BFA4100020F8B5064627
:10421800022014460D4600F0CDF8114B114A012733
:104228005C60191D9A6002F1807203342D011F70C1
:10423800DC601D83C3E904260022243303F80A2C1A
:104248000D2203F8092C084AC2F83015074903C99A
:1042580083E80300C2F80875C2F83835F8BD00BF16
:10426800A41000200300000B00A00450F8AF0100C8
:1042780008B5022000F09EF80D4B01221A700022AA
:104288000C4BC3F80021C3F80421C3F808210A4ADB
:10429800C3F8802003F56433C3F88C20A3F57C337E
:1042A800C3F88C21A3F500530822C3F8042508BDE0
:1042B800A410002000A0045003000080154A08B58F
:1042C8001378FBB100231449C1F8803001F564313B
:1042D800C1F88C30A1F57C31C1F88C3108210F4B25
:1042E800C3F80815FFF778FF88B101235370938E40
:1042F800FF2B03D9BC213B20FCF752F9DBB29370AA
:10430800002313700020BDE8084000F053B81023C4
:104318005070F4E7A410002000A0045000200450BE
:10432800094B1A7862B1094BD3F8002152B1D3F87E
:10433800040140B1D3F80801B0FA80F04009704791
:104348005878704702207047A410002000A004503D
:10435800064A08B513782BB1FFF73EFF20B192F853
:10436800340008BD9078FCE71020FAE7A41000207C
:1043780038B5084C0025D4F80035032B04BF0123B9
:104388006360C4F80055C4F8005500F001FFC4F894
:10439800805038BD00A00450054B4FF48062C3F82C
:1043A8008820BFF34F8FBFF36F8FFFF7E1BF00BFC8
:1043B80000E100E010B50446FFF7DAFF012C06D053
:1043C800022C09D03CB18C213D20FCF7E9F8074BC1
:1043D8000222C3F8002510BD044B0322C3F80025B0
:1043E80002F10042C3F88020F5E700BF00A00450A6
:1043F800024BD3F8A00300F00100704700C0FF0093
:10440800084BD3F8A423D3F8A833511C9BB203D18B
:104418004FF6FF718B4203D0026083800120704702
:104428000020704700C0FF000B4B30B5D3F8905305
:10443800D3F89443D3F89813D3F89C2305EA0403DC
:104448000B401340013317BF0560002044608160B2
:104458001CBFC260012030BD00C0FF000B4B30B54F
:10446800D3F88053D3F88443D3F88813D3F88C2334
:1044780005EA04030B401340013317BF0560002011
:10448800446081601CBFC260012030BD00C0FF00D5
:10449800064B0022C3F80022C3F81822C3F82022D2
:1044A800C3F80C22C3F81422704700BF00A00850BC
:1044B80070B5134D034608466E7F26B940F6C10114
:1044C8003E20FCF76DF863B9012EAC69297F05D150
:1044D80000F034FD20442B69C01A70BD06F043F883
:1044E800F8E7012B09D1012EAC69297F02D100F030
:1044F80015FDEFE706F042F8ECE70020EBE700BF18
:10450800E01000200B4B93F8290088B193F828306D
:104518007BB1094BD3F8002442F00102C3F8002410
:10452800D3F8200500F0F600023818BF01207047C4
:1045380001207047E010002000A0085008B50128AD
:10454800084B1871084B06D0022808D040F6455190
:104558003E20FCF725F80322C3F8002508BD0422F5
:10456800FAE700BFE010002000A0085008B570B9B5
:10457800104B28311846D9600F4900F08BFE0130E6
:10458800012816D940F2C2613E20FCF709F801283B
:104598000CD1084B29311846D960074900F080FE34
:1045A8000130012805D940F2CC61EDE74FF4DA611A
:1045B800EAE708BD8800002000B0010008B50C4BF0
:1045C8005B78012B09D100F071FE013001280ED96A
:1045D80040F611113E20FBF7E3FF022B07D100F054
:1045E8006BFE0130012802D940F61711F2E708BD29
:1045F800E01000200A4B40F409000A4A1B8940F0E9
:104608004000B3F5166F36BFA3F63813A3F516634B
:1046180043F48073C2F80837C2F84005704700BFFA
:10462800E010002000A0085073B50C460546134E54
:10463800FFF784FF20462146FFF7DCFF01AB96F920
:104648000520284600F0C2FD9DF8050000F03AFE5E
:1046580020B140F2E3513E20FBF7A2FF31469DF91D
:10466800040000F0F7FB064B40F20312C3F8442E97
:1046780040F25B62C3F8482E02B070BDE010002023
:1046880000A008502DE9F04106460C46174605F0F3
:10469800DDFF0028FBD02F4D4EBB01236B7095F832
:1046A80028301BB9A9793846FFF7BEFF2A4B4FF4CB
:1046B8007A7253F8273003F5FA73B3FBF2F3274AFB
:1046C800E41A274BC3F8002129690127234B214409
:1046D80085F82870234DC5F84015C5F8C031FFF797
:1046E80011FF044660BB00242046BDE8F081012E7E
:1046F80021D102236B7095F82830B3B995F806805C
:104708003846FFF71BFF4046FFF774FF144BD3F8FA
:10471800002442F01002C3F8002440F20312C3F848
:10472800442E40F25B62C3F8482E0D4B293C0B4ADD
:10473800C3F80421C8E740F634013E20FBF730FFF8
:10474800EF64D5F84C358B42CDDA3046FFF70EFFD3
:10475800CAE700BFE010002074B001000B00008021
:1047680000A008500050085040220021014806F0DF
:104778007CBB00BFE0100020024B0344187D00F50D
:104788001660704700B00100024B98691B69C01A97
:10479800704700BFE01000200A4B1A7FD3E90430AD
:1047A800C01A094B03EB8203DB6BC01A074B53F8A3
:1047B80022304FF47A7203F2F313B3FBF2F3C01A08
:1047C800704700BFE010002000B0010068B0010091
:1047D800FF2808B504D940F2CB213E20FBF7E0FEC4
:1047E800012904D0022919D04FF44F71F5E70023AD
:1047F80043F4801340F000700A4A43F4847340F491
:104808004030C2F8203EC2F8280ED2F8203503F016
:10481800F703032B05D140F25631DEE74FF08073E2
:10482800E6E708BD00A00850F8B5234E4FF48067AE
:10483800C6F89070BFF34F8FBFF36F8F05F000FF7E
:1048480004461E4D05F0A2FF0121001B1C4C2861E7
:10485800C4F8A410FFF71CFE4FF40023C4F8401E50
:10486800C4F80034174B187C00F03EFD02F08AFFB4
:10487800154B164AC4F83833154BC3F8C820013A0B
:10488800C3F8C42040F6FE72124BC4F81433124B1E
:10489800C3F804250023AB832B85AB614FF48073E9
:1048A800C6F89071C4F888342B6C376103B1984707
:1048B800BDE8F84000F0E2BC00E100E0E0100020B4
:1048C80000A0085088000020030000800600008037
:1048D800005008500100008000200850014B58711A
:1048E800704700BFE0100020020E034B0002C3F81F
:1048F800342EC3F82C0E704700A00850044B054A0C
:10490800034490711B7D03F516631381704700BF44
:1049180000B00100E0100020F8B5334C06460F4601
:1049280094F8293023B940F206713E20FBF738FE8F
:1049380001232E4A84F82830D2F8003443F00103CA
:10494800C2F8003405F082FE0028FBD02EBB0123FC
:10495800A17938466370FFF767FE6378012B02D0B0
:104968004FF4E961E1E7224AD36402F5A0421360FB
:104978001F4B3046D3F84C552946FFF7F7FD2369FE
:10498800ED1A76BB1B4B4FF47A7253F8273003F5B8
:10499800FA73B3FBF2F35819F8BD012EE8D10223DC
:1049A800A57938466370FFF7C9FD2846FFF722FE50
:1049B8000E4BD3F8002442F01002C3F8002440F252
:1049C8000312C3F8442E40F25B62C3F8482E6278A3
:1049D800022A02D040F25171A7E7054AD6645E6008
:1049E800C6E705F12900D7E7E010002000A008502D
:1049F8000050085074B0010008B5FFF743FE58B9DD
:104A0800064B0122C3F8400503F5A04302201A61B2
:104A1800BDE80840FDF718BA08BD00BF00500850AF
:104A280037B5254B4FF48061244A4FF0FF30D3F857
:104A38008844C3F89004C2F890114FF4002220492A
:104A480004F48074C3F8002400221E4D2A85C1F89E
:104A58004025C3F80821C3F80021C3F80421D3F87E
:104A68002015C9B2D1B18DF80700C3F82022012260
:104A78001A619DF8072012B1D3F820223AB19DF8A7
:104A880007305BB940F6FF013E20FBF789FD9DF832
:104A98000720013AD2B28DF80720EAE7FFF78EFD2A
:104AA8000022054BC3F820222A801CB14FF48072E3
:104AB800C3F8882403B030BD00A0085000E100E02E
:104AC80000500850E010002070B50024254D264EF7
:104AD800C5F84845C5F84445C5F84045C5F84C45AE
:104AE800FFF79EFF00F0D0FBC5F8C441C6F80841A7
:104AF800C6F80041C6F80441C5F8C840C5F8C44026
:104B0800C6F80441C6F8004102F054FE174B40F6BF
:104B1800FE72C6F83843C6F81443C5F8C041C3F856
:104B280008254FF48062124BDC70C3E90544114B31
:104B3800C5F84845C5F84445C5F84045C5F84C454D
:104B4800C5F84841C5F84441C5F84041C5F84C414D
:104B5800C3F89020BFF34F8FBFF36F8FC3F8902136
:104B680070BD00BF0050085000A008500020085039
:104B7800E010002000E100E070B5104D06462C78EA
:104B88001CB96C70EC702C8570BD18B1BDE8704014
:104B9800FFF746BF013CAA784FF0960118BF0124E1
:104BA8002046FFF785FCAA7801462E80204685F826
:104BB8002860BDE87040FFF71FBF00BFE01000206D
:104BC800014BC3F84C0E704700A0085010B50FC831
:104BD800014C84E80F0010BD241100200A490B4B3A
:104BE80010B50124C1F8D00E586283F82940FFF7A8
:104BF80089FC40B9064BC3F8400503200C61BDE8A9
:104C08001040FDF721B910BD00A00850E0100020A9
:104C180000500850144A136918449369834210B528
:104C2800124C09D30220FDF70FF900230122C4F822
:104C380040350F4B1A6110BD0123D3706364D4F85B
:104C480044250532824206D3094AD2F80C120029BB
:104C5800F1D11361EFE70023C4F84431054BC4F8E0
:104C68004405C4F8C431E6E7E010002000500850BD
:104C780000A008500900008010B50B4C0346607F67
:104C8800217F012822794FF0960009D100F064F9BC
:104C9800A36922699B1ABDE810401844FFF7BABF00
:104CA80000F074F9F4E700BFE0100020044BC3F8EB
:104CB800940ED3F8002442F04002C3F80024704751
:104CC80000A00850054BD3F8002422F04002C3F896
:104CD80000240022C3F8942E704700BF00A008509B
:104CE8000028034B14BF0222012299701A707047E2
:104CF800E0100020054B0022C3F84025044AD2F8F2
:104D08002035DBB20BB10123136170470050085006
:104D180000A00850044B30B5D3E90C459B6BC0E9A3
:104D280000450B6030BD00BFE01000202DE9F047C2
:104D38003D4C4FF001083D4E05F07CFC0025C4E9D0
:104D48000C01C6F84C80D6F84C35A363FFF736FC47
:104D5800374BC3F80851C3F80051C3F80451C3F8DE
:104D68000451C3F80051D3F8002422F01D02C3F8FF
:104D78000024D6F8482584F82950A261D6F844259D
:104D8800626162786277D3F81892D3F82002FFF74D
:104D98007FFB6778022F2BD1E3784BB1D6F84431EB
:104DA80033B14046FFF7E8FE636CBDE8F0471847AB
:104DB800B9F1000F16D0237900202377FFF7DCFE26
:104DC8001B4B0021D3F80C2ED2074CBFD3F81C0E76
:104DD8000120A36C48BF00F0010080F00100BDE88D
:104DE800F0471847E8B10120FFF7C6FE236DDCE75E
:104DF800012F13D123792377B9F1000F06D0284664
:104E0800FFF7BAFEE36C39462846E8E748B138466A
:104E1800FFF7B2FEE36C49464846E0E708B1404672
:104E2800E2E7BDE8F08700BFE0100020005008501E
:104E380000A00850024B03EB8003D86B704700BFFB
:104E480000B00100024B03EB8003986C704700BF71
:104E580000B001002E3008B5362854D8DFE800F03D
:104E68005053535353534D53535353535353535313
:104E780053534B535353535358535853495347530E
:104E880045534353413F3D3B39373533312F2D2B64
:104E980029272523215A1C003F231F4AC2F810370F
:104EA80008BD3323F9E72D23F7E72823F5E7232364
:104EB800F3E71F23F1E71B23EFE71823EDE715239B
:104EC800EBE71323E9E71123E7E70F23E5E70D23D2
:104ED800E3E70B23E1E70A23DFE70923DDE70823FC
:104EE800DBE70723D9E70623D7E70523D5E704231C
:104EF800D3E70323D1E70123CFE74FF49873CCE737
:104F08004FF48873C9E74FF48E713F20FBF748FBD5
:104F18000223C2E73923C0E700A008504FF47A7390
:104F2800054A584332F9112000F2E7301044B0FB2B
:104F3800F3F00238704700BF60B001004FF47A7395
:104F4800044A00FB033032F911201044B0FBF3F09F
:104F5800704700BF60B0010038B51D460A4B33F9F1
:104F6800114003EB820305359B681C444FF47A73A8
:104F780004F6B73403FB00441046B4FBF3F42544AD
:104F8800FFF758FF284438BD60B0010070B50646E9
:104F980008461546FFF756FF094B03EB85039C6847
:104FA8004FF47A7304F6B73403FB0644241A2846F0
:104FB800B4FBF3F4FFF73EFF0530204470BD00BF9B
:104FC80060B00100024B00221A705A709A70704744
:104FD800341100202DE9F843064601200F461546F6
:104FE8009846DDF82490FFF7E5F99DF8342006F09F
:104FF8000303264C43EA0263254AC4F80435002318
:10500800C4F88030C2F88430A2F57C32C2F884310A
:105018000222204BC3F80825BDF828301E4A938089
:10502800FB6893FA83FCBB6818BA7B6819BA3B68BB
:10503800C4F810C51BBAC4F81405C4F81815290A11
:10504800C4F81C352D069DF8203041EA0861D9F8CE
:1050580004702DBA003B21F00041D9F800003FBA96
:1050680018BF0123022E00BAC4F8207541EAC371A3
:105078004FF00103C4F8240509BAC4F82815C4F888
:105088002C55537008BF1370BDE8F88300A0045076
:10509800003008500020045034110020334B5A7857
:1050A8002DE9F04105460E4622B94FF4BD716C203A
:1050B800FBF776FA2E4A03F1380C03F1480403F1A2
:1050C8000807DFF8B080DFF8B0E0C3F844801E6559
:1050D800C3F854E092E80300C3E9085E8CE80300D3
:1050E800711C1964D2E9080184E80300F11C00244A
:1050F800996522495C6683F82E40C3E91714D2E902
:10510800040187E80300691CC3E90418D2E9060111
:10511800EA1C03F118089A629A889A850E2288E890
:10512800030083F82F200121C3E90C44B278AA7048
:10513800134AC2F830C5C2F8387599701B780BB994
:10514800A921B4E70F4BC2F80441C2F80841C2F8DC
:1051580080300D4AC2F88430A2F57C32C2F884311E
:1051680002220A4BC3F80425BDE8F081341100205F
:1051780088B001000100000C0100000DE803000EDA
:1051880000A00450010000800030085000200450A6
:105198000C4B1A788AB100220B490220C1F88020F2
:1051A80001F56431C1F88420A1F57C31C1F884216E
:1051B800A1F50051C1F808051A7000225A709A70BA
:1051C800704700BF3411002000A004502DE9F04FB3
:1051D800264C85B0054698460E46174600F0C2F89C
:1051E80023788146AB4211D16378B3420ED194F94A
:1051F8000230BB420AD1E378834207D1A388A8F8DA
:10520800003094F9060005B0BDE8F08F012D06D0F6
:10521800022D10D040F289410620FBF7C1F9002089
:105228000DF10F033A46314600F0A2F8824620B14C
:105238004621A920F1E70120F2E730469DF90FB099
:10524800FFF79AFAA91E0346CDF800A04A4258462D
:105258004A41414600F03CF8B8F80030A071A380FC
:1052680025706670A77084F80390CAE79E00002036
:10527800014B1B681B681847B8000020014B1B68CE
:105288005B681847B8000020014B1B689B681847EB
:10529800B8000020014B1B681B691847B8000020A4
:1052A800014B1B685B691847B8000020014B1B685D
:1052B8009B691847B8000020014B1B68DB69184739
:1052C800B8000020014B1B689B6A1847B8000020F3
:1052D80030B4044C9DF8085024680295E468A4464C
:1052E80030BC6047B800002000220D49134610B5B5
:1052F80040FA02F4E40744BFCA545C1C02F10102FC
:1053080048BFE3B2042AF3D1054AFF24D118032B7E
:1053180001D9107110BD013301F8014BDBB2F6E77A
:1053280018160020C5A50000CBA50000CDA50000DB
:10533800F3A50000D1A50000FDA50000D7A5000039
:1053480007A60000DDA5000013A60000E9A50000DF
:10535800EDA50000DFA50000E5A5000003A60000FC
:105368000DA60000014B187D704700BFA811002052
:10537800042810B511D883B104280CBF10242824A0
:10538800A1420AD2064C54F8200018B141568A426C
:10539800A8BF0A4600201A7010BD6FF01500FBE781
:1053A800A81100200728034611DC10F12D0F10DB8F
:1053B800094A101890F82E0002EBC00292F93C201E
:1053C8009A4207D0002918BF0130C0B270471B208D
:1053D80070470020704700BFB0B00100072808B52B
:1053E80007DCFFF7DFFF044B03EBC00393F93C0036
:1053F80008BD0820FCE700BFB0B0010010F0FF00B6
:1054080008B5074B05D0012807D04D21B52001F07C
:10541800E7FF01229A601A6008BD5862FCE700BFE6
:1054280000E0105010F0FF0008B5124B05D001281D
:105438001AD07C21B52001F0D3FF01225A60DA602E
:105448000D4AC3F800011070D3F80824D2070AD413
:10545800D3F8682412F0010202BFC3F81021C3F880
:105468001821C3F8142108BD00229862C3F81C2132
:10547800EAE700BF00E01050BD110020014B0122F7
:105488001A707047BD11002008B50B4B28B10128D0
:105498000BD0C221B52001F0A3FFD3F8103113B906
:1054A800064B187808BD0120FCE7D3F81C0100382A
:1054B80018BF0120F6E700BF00E01050BD11002022
:1054C800024BD3F8080400F00100704700E01050C8
:1054D800024BD3F8480400F00100704700E0105078
:1054E800024BD3F84004C0B2704700BF00E0105030
:1054F80007490246D1F84C04D1F84C1410F4803016
:1055080005D0D0B201F003031B1A58425841704726
:1055180000E0105038B51A4BD3F80C34DA0304D431
:1055280040F279116D2001F05BFF164A0124164BF9
:10553800106A536620F03F0094645464136CDB03D4
:10554800FCD4136A116C03F03F03C1F30A01C1F5DF
:10555800806181EAE1750B29A5EBE17509DD3F2B37
:1055680004D0013303431362172DE6DC0023936450
:1055780038BD0B31F8DA002BF8D0013BF2E700BF59
:1055880000E01050000812500100008038B50B4CA4
:1055980023781BB100232370FFF7BCFFEFF31085BE
:1055A80072B6637803F0FF000BB9FFF73BFF05B94C
:1055B80062B6034B00225A6638BD00BFC0110020F6
:1055C8000008125070B5174D012204460E462B18DC
:1055D800DA7005F01CF8A0B934B1012C0FD040F2F4
:1055E80025116D2001F0FCFE11232A19012105EB7C
:1055F800840451710C4AA660C2F8043370BD80233C
:10560800F3E7002EFAD034B90220B047002305EBA7
:105618008405AB60F2E7012C01D12046F5E74FF491
:10562800A071DEE7C011002000E01050044B0022FA
:10563800191803EB80034A719A60CA70704700BF5B
:10564800C0110020014B1882704700BFC011002014
:10565800014B588A704700BFC0110020014B188ABF
:10566800704700BFC011002010B5EFF3108472B668
:10567800064B03445A780132D2B25A705B78012B38
:1056880001D1FFF7BBFE04B962B610BDC0110020FE
:10569800034610B5EFF3108472B611490B445A78DB
:1056A80022B940F257216D2001F09AFE5A78013A4A
:1056B800D2B25A705B7883B90B7D43B1094BD3F8EA
:1056C8000C34DB0306D44B7803F0FF002BB9FFF74B
:1056D800A9FE02E0487D02F015F804B962B610BDD3
:1056E800C011002000E0105010B504F093FF0C4CDE
:1056F80004F08DFF60B1A37D3BB90A4B01229A618A
:105708000423E3750023237610BD04F086FFF9E730
:1057180003230122E375034BC3F80423F2E700BF18
:10572800C011002000E01050014B01221A6270479E
:1057380000E01050044B587E28B1044BD3F81001F8
:10574800B0FA80F040097047C011002000E0105006
:1057580038B50C4B5D7E5DB901245C7604F05AFFC8
:10576800094B1022C3F81051C3F80423DC6138BD7B
:10577800FFF7E0FF0028FAD040F293216D2001F0F6
:105788002FFE00BFC011002000E01050024BD87D52
:10579800003818BF01207047C011002038B5174CD9
:1057A800237D23B940F206316D2001F019FE012353
:1057B8002370A37DC3B9A37EB3B1227E013B9A4275
:1057C80012DA04F024FF054601F036FFA37E012B10
:1057D80082BF237E0133237655B1E369C31A0133AF
:1057E800022B09D935B1E061BDE83840FFF77CBF2D
:1057F800236AF3E72062F7E738BD00BFC011002035
:1058080037B5184CA37D63B9606A00F00300FFF751
:105818006FFE30B1EFF3108372B6E27D1AB103B9AF
:1058280062B603B030BD0122E27503B962B608233F
:105838000D4DC5F808334FF42073ADF80630BDF8A8
:1058480006309BB25A1E92B2ADF80620002BF6D154
:10585800C5F80C3184F82830FFF746FF0823C5F84F
:105868000433DEE7C011002000E010502DE9F74FA7
:10587800524C237D002B00F09D800323ADF80430AB
:105888004F4BD3F80051D3F81C21003D18BF012518
:1058980022B1012245F080058DF80520D3F8088152
:1058A800D3F8142112B9D3F8183173B1444B002638
:1058B800C3F81461C3F81861C3F81061637E0BB1B3
:1058C80004F0ABFE667604F0F9FF3D4BD3F81031D7
:1058D8006BB3637E1BB104F0A0FE0023637663798B
:1058E80013B102238DF8043045F01005354E0DF143
:1058F800040A334B4FF00009F71EC3F808531AF88F
:10590800010B03280AD03B7843B14FF0000B3368F2
:1059180087F800B013B19847C6F800B009F1010341
:10592800043601374FF00109022BE8D101E0002DC0
:10593800DCD1B8F1000F08D0214B0022C3F80821B0
:105948000422C3F80823FFF75BFF94F82860EA07EE
:105958001B4BF6B2D3F80C7108D5E27D032A05D1AA
:10596800A27D82B90422E27501229A61A7B1144B83
:105978000022C3F80C21E37D042B09D040F26931E1
:105988006D2001F02DFD04F048FE0223E375EDE7DC
:105998000223E37504F041FE66B1002384F8283041
:1059A800E37D022B01D1FFF79FFE03B0BDE8F04F66
:1059B80004F033BE03B0BDE8F08F00BFC011002073
:1059C80000E01050C811002010B5054C606A00F0C6
:1059D8000300FFF78DFD0028F8D0002010BD00BFA0
:1059E800C0110020F8B5054650B10278022A07D840
:1059F800437842B9013B1F2B02D88378212B07D962
:105A08006FF015008CE0002BFAD18378002BF7D1CA
:105A1800654B4FF48042C3F8A020BFF34F8FBFF30C
:105A28006F8F624EC3F8A021FD23614CC6F808337E
:105A38000023C6F81C31C6F80031C6F80831C6F88C
:105A48000C316370A370AB886382FFF739FD10B126
:105A58000123E3706370D6F80C0440F2563310F457
:105A6800803023821BD0FFF709FD524801F020FE49
:105A78004E4E602360750022C6F804332B78A9784F
:105A8800012B62766262A375A176227620D0022B62
:105A980017D0F3B140F21E516D2001F0A1FCC6F8F9
:105AA8001001FFF7ABFC414AD2F81031002BFBD0B4
:105AB800FFF730FD0020FFF7B5FC3F4B00225A6688
:105AC800D3E704F0A7FDD6F80C34D903FBD502239D
:105AD8006362FFF7FDFC48B3FFF702FD636A03F05A
:105AE8000303984222D1AB79DBB9FFF76DFFA37EA0
:105AF80063B12B7853B904F08AFD054601F09CFD8B
:105B08006FF00043002D4CD0C4E9070301234FF484
:105B1800804200202375244BE075C3F8A0211A6247
:105B2800F8BD224B0422C3F80423E0E71F4B0122EF
:105B380000215A61C3F8081194F82410C3F84014DE
:105B48001A610422C3F80423AA79002ACFD1D3F812
:105B58000423520702D440F2D1419DE7174A17693E
:105B6800116907F0100741F010011161D3F80831ED
:105B78000BB905F0F0F80D4ED6F8083173B1FFF700
:105B880023FF27B90D4A136923F010031361042377
:105B9800C6F808330023C6F80831A8E705F0D9F895
:105BA800EAE7C4E90730B1E700E100E000E010509F
:105BB800C0110020955500000008125000ED00E0CB
:105BC80038B50E4B04460D461A791AB183216F2059
:105BD80001F006FC01280DD803445A790AB10020C7
:105BE80038BD01225A71FFF73FFD29462046FFF7CD
:105BF800E9FCF4E76FF01500F2E700BFEC110020B4
:105C080070B50C4D04462E791EB19A216F2001F013
:105C1800E7FB01280BD805446B790BB9002070BD50
:105C2800FFF704FD20466E71FFF732FDF6E76FF0CF
:105C38001500F4E7EC11002010B501B3F0B14FF0F6
:105C4800FF33104A1C46E0FB0134944203D9DB21A0
:105C58006F2001F0C5FB1A0DC3F30F100A4B42EA7F
:105C680004324FF22444B2FBF4F100EB024003FB90
:105C78001100B0FBF4F040EA0140013010BD0846C5
:105C8800FCE700BF3F420F00000024F4014B9B6873
:105C9800184700BFEC110020014BDB68184700BF14
:105CA800EC110020014B1B69184700BFEC110020C4
:105CB80008B5064B1B7923B140F237116F2001F06C
:105CC8008FFBBDE80840FFF769BD00BFEC1100205D
:105CD800034B1A790AB9FFF7BBBC988D704700BF10
:105CE800EC110020034B1A790AB9FFF7B7BC988A60
:105CF800704700BFEC110020024B1B790BB9FFF76E
:105D08007FBD7047EC110020014B9B69184700BF0D
:105D1800EC11002038B51D4C237933B3FFF7C2FFCF
:105D280050B91B4DC5F81001FFF7B0FFD5F8103179
:105D3800002BFBD0FFF7B0FF154B6022C3F80423FC
:105D4800636A9847002806DB94F82E3023B10123B4
:105D5800002084F8303038BDFFF7D6FF0028F6DA87
:105D680040F28D116F2001F03BFB0A4BA3610A4BF7
:105D7800E3610A4B23620A4BA3600A4BE3600A4BB8
:105D88002361FFF72FFE0028E1D0E4E7EC110020A3
:105D980000E01050D15900002FA6000095570000D0
:105DA8001DA6000023A6000029A6000038B5084B50
:105DB80004461D7925B140F2E1116F2001F010FB76
:105DC80000F0C6FD2046FFF73DFC284638BD00BF61
:105DD800EC11002008B5074800F0A8FD054800F0C0
:105DE80019F801F0CBF800F0E9FF00F0E5F901201F
:105DF80008BD00BF2012002008B5054B1A781AB15B
:105E08002721032001F0ECFA5860197008BD00BF83
:105E180028120020024B986000221A705A607047BE
:105E280028120020F7B51E4C2378012BDAB204D0D3
:105E3800022A2ED0012003B0F0BD0DF107016068E1
:105E480000F0D8F965686B7DDB071CD5AB7F042BA8
:105E580019D000F0FFFD0646A8B100F001FE2B693D
:105E6800D5E900279A18B36847F100070A332CBF11
:105E7800012500251B1845EB01059342BD4102D3BE
:105E8800606800F0BBFA0023636023709DF8070088
:105E9800D1E70DF10701606800F0B6F9F3E700BF3C
:105EA8002812002073B505460C4600F0D3FD0646BF
:105EB800AB7F012B1AD021462B4604F1180251F86A
:105EC800040B914243F8040BF9D101230DF10701AA
:105ED8002846AB7700F08EF916B1012002B070BDEC
:105EE800034B0421986804F0A2FEF6E70020F5E7CA
:105EF80028120020024B0621986804F098BE00BFC3
:105F080028120020174B1868F0B560B150F8102C13
:105F180050E9063418380A3344F100049B188269A2
:105F280044F1000402B9F0BD52E90615994275EB37
:105F38000406F8D2077D12F8046CB7420BD00FD9CB
:105F48000A3152F8103CA2F1180045F100055B181F
:105F580045F1000404E09688878BF61B3604EFD4DD
:105F68001268DFE734120020F8B5244C00232371AF
:105F78006371A371E371EFF3108272B6A168E360F5
:105F88006160A36002B962B600261D4D636803B95B
:105F9800F8BD9A79A3F11800032A07D11A680121DC
:105FA8009E7153F80C3C62609847EFE71B6863B139
:105FB800183B07462A46997F04290ED09B7F032B5E
:105FC80004D063219F2001F00BFA2A4613680221AE
:105FD8001B681360C3688677E6E7B0F81CC0998B26
:105FE800A1EB0C010904996944BF07F1180218468E
:105FF8000029EBD01F46A1F11803DCE7341200207A
:1060080038120020042300F1180283770023037656
:1060180043768376C376044B996811B99A60DA603F
:106028007047D9680A60FAE7341200202DE9F04178
:10603800134C06460F460020236833B9E8B1114BCC
:10604800BDE8F041187801F05DBB53E9061553F837
:10605800082CD3F80080521845F10005B242BD4122
:1060680009D22268A3F1180012682260FFF7CAFF5C
:1060780001204346E1E71C46FBE7BDE8F08100BF8D
:1060880034120020BC000020494B1B682DE9F74F53
:10609800044682838B46D0E9002003B1183B94F86C
:1060A80015C0DFF80CE10CF0010C002B3BD0D3E954
:1060B8000056AA4270EB060135D3BCF1000F2CD074
:1060C800277D197D8F4228D399684D1946F100061E
:1060D80015F10A0846F1000E424570EB0E0119D27F
:1060E8002169891840F1000788457EEB070901D22C
:1060F80041467746A942B7410FD22046FFF782FFB3
:106108002C4B187801F0FEFA00238BF8003003B00E
:10611800BDE8F08F11460746ECE703F1180E9B69BE
:106128000BB1183BC3E7BCF1000F34D0A168891844
:1061380040F10009019173B30199D3E9007611F197
:106148000A0549F10001AF4276EB010123D2257D12
:10615800197D8D4218D39D68ED1946F1000615F199
:106168000A0A46F10008524570EB080110D221696D
:10617800891840F100078A4578EB070C01D251468F
:106188004746A942B741B8D39B6923B1183BD3E727
:1061980011460746F5E7DEF80020234643F8182F96
:1061A800CEF80030FFF7AEFE8442ADD10123ACE754
:1061B80034120020BC00002010B50B4C2378FF2BB4
:1061C80004D04FF48D719F2001F00AF9074801F0BF
:1061D8006FFA074B002220701A705A709A70DA70A2
:1061E8009A60DA601A8210BDBC000020715F00005E
:1061F80034120020034B1A8A10B4541C1C8210BCA1
:10620800FFF742BF3412002038B504460D46FFF7A9
:1062180079FE231A04F1180158425841287004489D
:1062280004F02BFD10B100230120A37738BD00BF77
:106238003412002038B5114B044600F118019A6851
:10624800B2B19A6800209AB191420ED108B1A569FD
:1062580005609D68A94204BF12689A60DA68914295
:1062680000D1D8600023A37707E010461268EAE758
:10627800034804F002FD0028F4D138BD3412002090
:10628800381200202DE9F041264E04460D46FFF74E
:10629800CDFE3068002843D0A0F1180C50E9063133
:1062A800A34271EB050250F8102C3CBF2346294647
:1062B8000A322CBF012700279B1841EB0702076809
:1062C800604627B900F118037361BDE8F08157E90A
:1062D80006EC9E457CEB0201F4D290F8148017F886
:1062E800041C884513D019D9744523462A46A7F1BA
:1062F800180075EB0C0157F8101C3CBF734662463A
:106308005B1842F100020A3342F1000206E0B98844
:10631800B0F81C80A1EB08010904E5D43F68D0E778
:106328000346D1E73412002010B5054C61692046B8
:1063380004F0A3FC18B1606900231838636110BD2C
:10634800341200209C46144BF0B51D68FDB115F8B9
:10635800043C183D834218D812F10A04D5E90036E6
:106368004CF10001A34276EB01070BD22F69FF180D
:1063780046F10006A7428E4107D3B4F10A0041F165
:10638800FF31F0BD1C463146F7E7AD69DEE74FF057
:10639800FF300146F5E700BF3412002008B5837FBF
:1063A800022B1CD1437D13F0020302D00023837714
:1063B80008BD0322037643768376C3760D4B827736
:1063C80000F11802996839B99A60DA600A4B1878AE
:1063D800BDE8084001F096B9D9680A60F5E7837FFF
:1063E800012BE5D0837F042BE2D04FF4FF719F206F
:1063F80000F0F6FF34120020BC00002010B500F1B8
:1064080018010446084804F038FC20B94FF402711A
:106418009F2000F0E5FF2046FFF7F4FD034BBDE8A1
:106428001040187801F06EB934120020BC0000202A
:106438002DE9F74FD0F810E0BEF1000F04D040F27C
:1064480027219F2000F0CCFF836890F814800193E7
:10645800D0E90014EFF3108972B6274BB3F810C0D7
:106468001B686BB1019D183B0A35D3E900264EF134
:10647800000A6D1844EB0A0A95427AEB060707D220
:10648800B9F1000F35D0C0E9001403B0BDE8F08FB2
:106498008A4276EB04070CD31F69BF1846F1000B3C
:1064A800AF427BEB0A0B34BF0125002575B99B6908
:1064B800D7E712F10A0A9D6846F1000715EB0A05AD
:1064C80047F10007A94274EB0707ECE71D7DA845D3
:1064D80009D0ECD912F10A019D6846F10004691847
:1064E80044F10004E3E79D8BA5EB0C052D04DED5F4
:1064F800F0E762B6C7E700BF34120020024B05215F
:10650800186804F094BB00BF50120020064B58686E
:1065180010B520B94FF41B71B02000F061FFC368BB
:106528000521BDE810401847501200202DE9F84F0A
:10653800274C8146237BA668A3BB94F80D8018F0EE
:10654800010803D0E3899E4238BF1E4600F054FD7F
:1065580010EB060B05460F4641F1000A5846514616
:10656800FFF790FE08B3D0E900329B457AEB0201B1
:1065780004D29D1B9B46924662F100070023154AF0
:10658800284639462362C4E904BAC4E9065700F02C
:1065980007FDB8F1000F02D0E3899E4216D002230E
:1065A8000D4A0DE04FF00008D0E7237B2BB1637B49
:1065B8009B0702D5636A012098470023074A237383
:1065C80084F82830C9F80020BDE8F88F0123E7E7F0
:1065D8005012002005650000F56600004BA8000079
:1065E8002DE9F04717463D4C002B67D0E289D3E9E7
:1065F80000656432864275EB01034FF000033CBF2F
:1066080006460D462362B6EB000A65EB01095245C2
:106618001A4672EB0902C4E9046527DA237B3BB109
:10662800637B9A0702D5636A012098470023237386
:1066380094F80D8008F00108A36803F5E1739A4502
:1066480079F100011DDAB8F1000F11D0E089244A70
:10665800301A65F10001C4E9060100F0A1FC062327
:10666800204A84F828303A60BDE8F0879846E3E786
:106678001B4A30462946C4E9066500F091FC05230B
:10668800EEE7FFF709FBE089A368B8F1000F0BD02C
:10669800984209D9301A124A65F10001C4E9060185
:1066A80000F07EFC0123DBE7F01A0D4A65F10001DA
:1066B800C4E9060100F074FC0223D1E7237B2BB167
:1066C800637B9B0702D5636A0120984700252573E1
:1066D800FFF7E2FA2B46044AC3E700BF5012002036
:1066E80005650000F56600004BA80000023970B58A
:1066F8000546032900F2D480DFE801F006020840CD
:10670800694B002283F82920002024E0664C94F885
:106718002830042B09D8022B28D8013B012B1BD980
:106728004FF4CD71B02000F05BFE053B012BF7D88C
:10673800FFF778FB0028E7D000F04EFC00F05CFC87
:1067480006460C46FFF79EFD2A460346214630467C
:10675800FFF746FF022070BDFFF764FB0028D3D087
:1067680000F03AFC2846FFF7E1FEF3E7FFF75AFB93
:106778000028C9D0012384F82930C5E74A4C94F889
:1067880028301A1F012A2AD8042B94F829600CD122
:1067980000F062FB48B900200021FFF773FD08B143
:1067A800FFF72CFEFFF778FADCE7002EC6D1FFF7DB
:1067B800BBFD0028C2D06060C4E90B6600F01CFB7A
:1067C8006068022331468377C3689847D4E9040197
:1067D80004F035F8354B84F828602B60BAE700F0F0
:1067E8000BFCA369C01A236A9842ACBF20622362DB
:1067F80094F82830022B19D1FFF748FA94F828307A
:10680800022BD4E904012CD1637BDB071BD5237B46
:10681800CBB9E389264AC01A61F10001C4E906012F
:1068280000F0BEFB032384F828306DE7637BDA07AA
:1068380001D5207B10B140F2B31173E7636A984722
:1068480001232373DAE73238236A194A41F1FF3109
:10685800C01841EBE371C4E9060100F0A1FB042371
:10686800E1E7012B0AD1A368114AC01A61F10001BE
:10687800C4E9060100F094FB0223D4E7236A323806
:106888000B4A41F1FF31181841EBE371C4E90601E5
:1068980000F086FB94F82830062BE0D10523C2E7E8
:1068A80040F2F1113EE700BF50120020BD68000021
:1068B8000565000002392DE9F041064604292ED865
:1068C800DFE801F003090B2D0E00174A537B003B4C
:1068D80018BF0123137300201FE0FFF7A3FAFAE79C
:1068E800DFF8448000F098FA00F086FB0C46054675
:1068F800FFF7C8FC0746D8F80400FFF74FFD002350
:1069080000222846C8F8043000232146C8E9042399
:106918003B463246FFF764FE0220BDE8F08140F2B4
:106928001721B02000F05CFD50120020064A002319
:1069380010B5064C0260206084F828306373FFF7B6
:10694800D1F93230A06010BD4BA8000050120020D1
:1069580008B5074B1A681168064A914204D040F2FC
:106968005121B02000F03CFD3230986008BD00BFD6
:10697800501200204BA8000010B5EFF3108472B637
:10698800034B0421186804F052F904B962B610BD2B
:106998005012002008B5094B5A6822B940F27221FA
:1069A800B02000F01DFDD3E90421BDE8084080189F
:1069B800034A41F1000100F0F3BA00BF5012002071
:1069C8001565000008B5064B5B6823B94FF41E71C6
:1069D800B02000F005FDBDE8084000F0FDBA00BF9A
:1069E8005012002008B5054B5A6822B940F27E21A2
:1069F800B02000F0F5FCD86208BD00BF501200209E
:106A080008B5054B5A6822B94FF42171B02000F03F
:106A1800E7FC186308BD00BF50120020054B1B6B34
:106A280010B523B940F28A21B02000F0D9FCBDE8A6
:106A38001040184750120020054BDB6A10B523B9E7
:106A48004FF42471B02000F0CBFCBDE8104018478B
:106A580050120020014B5868704700BF50120020A8
:106A680008B5054B5A6822B940F29B21B02000F0C6
:106A7800B7FCD3E9040108BD50120020034B587B32
:106A880010F0010018BFD889704700BF50120020CD
:106A98000028ADBF00F1604000F00F00044B00F586
:106AA8006140B4BF185C90F800034009704700BF0C
:106AB80014ED00E02DE9F04105460E46E1B9114F0D
:106AC8003B681BB18621452000F08AFC38600E48DF
:106AD800FFF788FF0D48FFF793FF03F057FE6B7D24
:106AE80004465B0708D503F0ABFD0A34241A7C6022
:106AF80000F094FA0028FBD02B6A3146686ABDE89A
:106B0800F041184788120020396B0000196B00000B
:106B1800064B1B6810B51BB97221452000F060FCBC
:106B28001A6A0421586ABDE81040104788120020EC
:106B3800064B1B6810B51BB96C21452000F050FCB2
:106B48001A6A0321586ABDE81040104788120020CD
:106B5800024B00221A601A81704700BF8812002079
:106B680008B5074B1A681AB9B921452000F038FC56
:106B78000449D16000221A60BDE80840FFF7BAB99D
:106B880088120020BD6A000030B587B00C46182274
:106B980000210546684604F068F9637A4FF0000260
:106BA8006168C3F38003029183F0010363F38202F7
:106BB800237A8DF81430224B8DF81520039323780F
:106BC8005BBB9DF81500D4E904324007CDE90032DB
:106BD80007D50A3B01F10A0142F1FF320291CDE9E2
:106BE8000032637A69469DF81520C3F3400322F00A
:106BF80003025B0043F0010313438DF81530114B7A
:106C08005868C0F30800B8B11038FFF741FF98B9C9
:106C18002846FFF747F907B030BD2369049303F00E
:106C280009FD9DF815305B0744BF029B0A33CDE987
:106C3800000148BF0293D4E7284603F009FDEAE7BC
:106C4800BD6A000000ED00E008B50A4B1B6823B9D7
:106C58004FF4EE71452000F0C3FB5B7D5B0703D466
:106C6800BDE8084003F092BD03F090FD0A3041F101
:106C7800000108BD8812002070B50B7886B023B1DA
:106C880040F21F21452000F0ABFB4C7A4FF0000684
:106C98000593C4F380034D6883F00103029563F301
:106CA80082060B7A8DF814300F4B8DF81560760735
:106CB8000393D1E90431CDE9003107D50A3B05F149
:106CC8000A0541F1FF310295CDE900319DF81530F3
:106CD800C4F340046946049264F341038DF8153007
:106CE80003F0B6FC06B070BDBD6A00007FB503F0C6
:106CF800A1FC002305930B4B039340F21E23029340
:106D08004FF0FF33CDE90001694607480493FFF7C8
:106D1800C9F818B99B21432000F062FB07B05DF861
:106D280004FB00BF596D0000C012002010B5074CCD
:106D380094F820304BB9FEF7B5FF30B9012384F839
:106D48002030BDE81040FFF7D1BF10BDC0120020B1
:106D580008B505292DD8DFE801F0032E282C2C0DC5
:106D680003F064FC144803F013FD1E38BDE8084026
:106D780003F062BCFEF796FF38B10F4B002283F890
:106D88002020BDE80840FFF7B5B803F051FC08B96A
:106D980003F04CFC00214FF4007003F0C9FC0028FC
:106DA800E0D1B921432000F01BFBBDE80840FFF704
:106DB8009DBFC521F6E708BDC01200204FF0004373
:106DC8000B4A0021C2F88030A2F58022C2F8803137
:106DD800012302F57832C2F80435A2F58022C2F800
:106DE80004352022034B184683F8201004F03DB8E0
:106DF80000400C50C012002008B50AF045F9054AB9
:106E0800D2F8583743F00103C2F85837BDE80840B4
:106E1800FFF78CBF00200E5008B50AF045F90B4A61
:106E2800D2F8583723F00103C2F858370122084B2B
:106E38005A604FF0FF32C3F808232022054BC3F8ED
:106E48009021BDE8084000F0C7B800BF00200E50F0
:106E58000050085000E100E008B5FEF723FFB0B984
:106E68000D4BD3F800314BB90C4A536A0133312B1F
:106E780053620BD96C21432000F0B2FA03F0D8FB1F
:106E880008B17021F7E703F0CFFB012008BD034BE1
:106E980000225A62F9E700BF00E01050C01200203B
:106EA80040F20251014808B500F090FA5EBE0100B8
:106EB8001848202208B5C0F89020BFF34F8FBFF3C1
:106EC8006F8F154BC0F89021D3F8041521F00301FA
:106ED800C3F80415D3F8081541F00301C3F80815E1
:106EE80092FAA2F1B1FA81F1092904DD40F29F3149
:106EF8000A4800F06BFAC3F8101501215960D960EF
:106F08004FF00041C3F880104FF0FF31C3F8081369
:106F1800026108BD00E100E0005008505EBE0100BB
:106F2800134A4FF4E0632021C2F838330023C2F833
:106F3800AC35C2F8BC35C2F8CC35C2F82031C2F83D
:106F48002431C2F828310B4AC2F89C11C2F89C10AF
:106F5800BFF34F8FBFF36F8FC2F89010BFF34F8FFF
:106F6800BFF36F8FC2F89011034A1360704700BFD8
:106F780000200E5000E100E0E812002008B5FFF7FD
:106F8800CFFF054B4FF4A062C3F834232022034BF4
:106F9800C3F89C21DA6108BD00200E5000E100E032
:106FA8000B4B10B51C681CB14C21042000F018FADA
:106FB800B1F5801F1A6001D3FFF772FF054B01225C
:106FC800C3F8A005C3F8A415C3F8AC2510BD00BFCD
:106FD800E812002000200E50054A136833B1002340
:106FE8000449C1F8AC35C1F820311360704700BFBF
:106FF800E812002000200E5030B54FF0FF30064C4C
:107008006FF04041D4E90023904271EB0305F9D3B6
:107018001046C3F3130130BD40270E5008B5FFF7E3
:10702800EBFF044BD3E90223904299412CBF012086
:10703800002008BDE812002008B5FFF739FF024B11
:1070480001221A6008BD00BF0050085010B5FFF7B4
:107058002FFF0F4C0023C4F8BC35C4F82431FFF7C8
:10706800CBFF0A3041F10001B1F5801F01D1FFF7D4
:1070780017FF4FF00043C4F8B005C4F8B415C4F8BE
:10708800A4310123C4F8BC35024BC3E9020110BD89
:1070980000200E50E8120020144BD3F8342312F4C9
:1070A800A06F10B503D1FB21042000F099F9D3F8A3
:1070B800202162B100220E49C3F8AC25C3F8202173
:1070C8000B6813B940F20311EEE70A609847074BC3
:1070D800D3F828214AB10022C3F8CC25C3F82821C7
:1070E800034BBDE810401B69184710BD00200E5027
:1070F800E8120020034610B3007888B91A79012AEB
:107108001ED85A79012A1BD89A680E49643A8A42CD
:1071180016D8D8680C4B98422CBF00200120704725
:1071280001280CD11A79012A09D85A79012A06D8D6
:10713800DA680449643A8A4201D89868EAE7002084
:10714800704700BF3C8601000040420F70B50446FE
:1071580003F070FA40F2F966656AD4E906329633AC
:1071680042F100025B1905F5DF6542F10002B5FB4B
:10717800F6F55B1942F1000283428A410ED294F877
:107188002A30052B03D0B3216A2000F029F90A21FF
:10719800236A94F858009847B621F5E7044C236809
:1071A80013B1984700232360BDE87040FFF7D8BCAF
:1071B800FC12002070B504460D4639B9012380F849
:1071C8005930FFF7C3FF0226304670BD0E78032EF4
:1071D80070D801A353F826F0CF710000F1710000B8
:1071E8005B720000137200004868C72801D80026A7
:1071F800EAE7042103F09CFA0028F8D003F01EFA0D
:107208006968204603F07EFBDEE790F8286006BB3D
:107218004D682846FFF76EFF00284BD02B78D3B96E
:10722800012121702B796A79003B18BF0123002ABC
:1072380014BF0422022243F004032272AA68A53272
:107248006260EA6863720323226184F82A3084F852
:1072580029102046B5E794F82A30052B04D040F2CF
:1072680093116A2000F0BCF8267004F130002B79E5
:107278006A79003B18BF0123002A14BF04220222A6
:1072880043F004032272EA686372A532A968626057
:10729800D4E906325B1842EBE1722146C4E90432B4
:1072A800042384F82A30FFF76FFC0028D1D140F27C
:1072B8009511D6E7012384F85930CAE72DE9F84338
:1072C8008846074658B300F02FF84FF000090446E7
:1072D8005FFA89F6B44203D86FF00B00BDE8F88373
:1072E800304609F1010900F025F890F82A50002DE0
:1072F800EED1304600F01EF80A490446058580F8AC
:107308002A50024680F85860303003F0B1FA012361
:107318002762284684F82A3088F80060DEE76FF094
:107328001500DBE71BA90000014B1879704700BF67
:1073380000130020044B1A79824283BF1B68602225
:1073480002FB003000207047001300200A4610F0AE
:10735800030110B50AD1074C2271206008B900203A
:1073680010BD60235A4303F080FDF8E76FF00D006D
:10737800F6E700BF00130020BFF34F8F0549064B07
:10738800CA6802F4E0621343CB60BFF34F8F00BFBB
:10739800FDE700BF00ED00E00400FA05094B0122FB
:1073A8005A604FF0FF32C3F808234FF40062064BCF
:1073B800C3F88820BFF34F8FBFF36F8FC3F88821BE
:1073C800704700BF00B0045000E100E008B572B695
:1073D800024B5B6803B19847FFF7CEFF0813002004
:1073E8001FB572B6144B5C6894B9FFF7C5FFB2FBC2
:1073F800F6F22B465D1C002AF9D1DBB203F1100529
:107408006D4405F80C2C0A2233B901A8A047ECE713
:10741800024600230A26EDE7013BDBB203F1100523
:107428000DEB0506B0FBF2F502FB1500303006F84F
:107438000C0C2846E8E700BF08130020F8B5234FD6
:1074480005460C4616463B78002B3CD103F0DEF887
:107458007E601F4B01263C814FF48062C3F8A46014
:107468001C4BC3F89020BFF34F8FBFF36F8FC3F847
:107478009021FFF793FF184B002D14BF284618469C
:10748800FEF748FC0546E0B9FFF762FBFEF734FC5F
:1074980003F01CFBFEF79EFC18B9B8211120FFF77A
:1074A8009FFF002C0BDB04F01F036409A4009E401F
:1074B80004F1604404F56144C4F880612660012346
:1074C8003B702846F8BD4FF0FF35FAE70813002057
:1074D80000A0085000E100E0C8B10100074BB3F973
:1074E8000830002B09DB5A09012103F01F039940DA
:1074F80002F14003024A42F82310704708130020A3
:1075080000E100E0014B1878704700BF0813002025
:1075180050B1074B03F1140253F8041B934240F88F
:10752800041BF9D1002070476FF01500704700BFA9
:107538008CBE01002DE9F84F0746894693469846C8
:10754800374CDFF8E0A0384D2E780136F6B2D5E892
:107558004F3F0133DBB2C5E8403F0028F7D1012196
:107568006160C4F80001C4F80401EFF3108072B63A
:107578002E4BC5F80490AB60C5E905B33B68C4F869
:1075880010357B68C4F81435BB68C4F81835FB6837
:10759800C4F81C35264BC4F830351033C4F83835D8
:1075A800216000B962B6D4F800312BB9D4F804319F
:1075B80013B92B789E421CD0B8F1000F09D00A9B52
:1075C8003BB1D4F840350A9AC8F80030D4F83C35B5
:1075D8001360D4F80431002BB5D12978B142B2D167
:1075E800C4F80031C4F804310323C4F80833BDE8F3
:1075F800F88FDAF81030DB06D5D503234FF4006195
:10760800C4F804330B4BC3F88811D4F80031002BAD
:10761800C9D1D4F80431002BC5D103F09AFBC2E7D5
:1076280000B0045000ED00E0141300201000000B1F
:107638001813002000E100E01A4B4FF4000270B567
:10764800C3F89820BFF34F8FBFF36F8F164C0021FC
:10765800164DC4F80011C3F898212E692B6906F05D
:10766800100643F010032B610123C4F80433236090
:10767800D4F800319BB11EB92B6923F010032B619C
:107688000123D4F808054FF400026360C4F80833F6
:107698000023C4F80031034BC3F8982170BD03F0F0
:1076A80058FBE5E700E100E000700D5000ED00E058
:1076B80038B50B49042301EBC302157905F0FF0423
:1076C8002DB1013BF7D240216920FFF789FE41F82F
:1076D800330001215471D8B29471117138BD00BFC3
:1076E80038130020042808B503D947216920FFF77B
:1076F80077FE034B002203EBC0031A7108BD00BFDD
:1077080038130020042808B503D950216920FFF751
:1077180067FE094B03EBC0000379012B01D051210F
:10772800F4E7437982790133DBB29A4218BF437197
:10773800BDE80840FFF7D2BE3813002038B505244D
:107748000F4D95F8281005EBC1031A79012A09D1C4
:1077580058799A79904205D05A79D2B29A7155F8E7
:107768003130984795F82830013C0133DBB2052BBE
:1077780028BF002314F0FF0485F82830E1D138BD74
:1077880038130020094B0A4AC3F800230132C3F812
:107798000C230132C3F818230132C3F82023013225
:1077A800C3F81C230132C3F81021704700A0085009
:1077B80004000080074B0022C3F80023C3F80C2301
:1077C800C3F81823C3F82023C3F81C23C3F81021D7
:1077D800704700BF00A00850844641EA000313F038
:1077E800030359D1403A33D3F0B4F0C9F0C0F0C91B
:1077F800F0C0F0C9F0C0F0C9F0C0403AF5D2F0BC12
:1078080026E0403A24D300BF0B6803604B6843600E
:107818008B688360CB68C3600B6903614B69436104
:107828008B698361CB69C3610B6A03624B6A4362EC
:107838008B6A8362CB6AC3620B6B03634B6B4363D4
:107848008B6B8363CB6BC36340304031403ADBD2F0
:1078580030320BD30B6803604B6843608B688360DE
:10786800CB68C36010301031103AF3D20C3205D314
:1078780051F8043B40F8043B043AF9D2043208D0EA
:10788800D2071CBF11F8013B00F8013B01D30B885C
:1078980003806046704700BF082A13D38B07B0D017
:1078A80010F00303ADD0C3F10403D21ADB071CBFE9
:1078B80011F8013B00F8013BA3D331F8023B20F853
:1078C800023B9EE7043AD9D3013A11F8013B00F88C
:1078D800013BF9D20B7803704B7843708B78837037
:1078E80060467047B5AE0000C1AE0000C5AE0000EE
:1078F800CDAE0000D1AE000081F0004102E000BF33
:1079080083F0004330B54FEA41044FEA430594EA57
:10791800050F08BF90EA020F1FBF54EA000C55EA92
:10792800020C7FEA645C7FEA655C00F0E2804FEA63
:107938005454D4EB5555B8BF6D420CDD2C4480EA45
:10794800020281EA030382EA000083EA010180EA75
:10795800020281EA0303362D88BF30BD11F0004FC3
:107968004FEA01314FF4801C4CEA113102D04042F9
:1079780061EB410113F0004F4FEA03334CEA133334
:1079880002D0524263EB430394EA050F00F0A7804C
:10799800A4F10104D5F1200E0DDB02FA0EFC22FA47
:1079A80005F2801841F1000103FA0EF2801843FA3B
:1079B80005F359410EE0A5F120050EF1200E012A2C
:1079C80003FA0EFC28BF4CF0020C43FA05F3C0186A
:1079D80051EBE37101F0004507D54FF0000EDCF1E3
:1079E800000C7EEB00006EEB0101B1F5801F1BD38C
:1079F800B1F5001F0CD349085FEA30004FEA3C0C90
:107A080004F101044FEA445212F5800F80F09A8085
:107A1800BCF1004F08BF5FEA500C50F1000041EB89
:107A2800045141EA050130BD5FEA4C0C404141EB8D
:107A38000101013C28BFB1F5801FE9D291F0000F88
:107A480004BF01460020B1FA81F308BF2033A3F137
:107A58000B03B3F120020CDA0C3208DD02F1140C2E
:107A6800C2F10C0201FA0CF021FA02F10CE002F169
:107A78001402D8BFC2F1200C01FA02F120FA0CFC62
:107A8800DCBF41EA0C019040E41AA2BF01EB0451AB
:107A9800294330BD6FEA04041F3C1CDA0C340EDCA9
:107AA80004F11404C4F1200220FA04F001FA02F3EC
:107AB80040EA030021FA04F345EA030130BDC4F1AA
:107AC8000C04C4F1200220FA02F001FA04F340EA9F
:107AD8000300294630BD21FA04F0294630BD94F050
:107AE800000F83F4801306BF81F480110134013D37
:107AF8004EE77FEA645C18BF7FEA655C29D094EAA8
:107B0800050F08BF90EA020F05D054EA000C04BF25
:107B18001946104630BD91EA030F1EBF0021002010
:107B280030BD5FEA545C05D14000494128BF41F0AF
:107B3800004130BD14F580043CBF01F5801130BD13
:107B480001F0004545F0FE4141F470014FF000009E
:107B580030BD7FEA645C1ABF194610467FEA655C4F
:107B68001CBF0B46024650EA013406BF52EA0335F1
:107B780091EA030F41F4002130BD00BF90F0000FDF
:107B880004BF0021704730B54FF4806404F132041B
:107B98004FF000054FF0000150E700BF90F0000FD4
:107BA80004BF0021704730B54FF4806404F13204FB
:107BB80010F0004548BF40424FF000013EE700BFCB
:107BC80042004FEAE2014FEA31014FEA02701FBF5B
:107BD80012F07F4393F07F4F81F06051704732F08D
:107BE8007F4208BF704793F07F4F04BF41F40021E4
:107BF800704730B54FF4607401F0004521F0004142
:107C08001CE700BF50EA010208BF704730B54FF0CB
:107C180000050AE050EA010208BF704730B511F0CC
:107C2800004502D5404261EB41014FF4806404F104
:107C380032045FEA915C3FF4D8AE4FF003025FEA8A
:107C4800DC0C18BF03325FEADC0C18BF033202EB0E
:107C5800DC02C2F1200300FA03FC20FA02F001FA68
:107C680003FE40EA0E0021FA02F11444BDE600BF0B
:107C780070B54FF0FF0C4CF4E06C1CEA11541DBFBA
:107C88001CEA135594EA0C0F95EA0C0F00F0DEF885
:107C98002C4481EA030621EA4C5123EA4C5350EA6A
:107CA800013518BF52EA033541F4801143F48013BB
:107CB80038D0A0FB02CE4FF00005E1FB02E506F04C
:107CC8000042E0FB03E54FF00006E1FB03569CF0A1
:107CD800000F18BF4EF0010EA4F1FF04B6F5007FA7
:107CE80064F5407404D25FEA4E0E6D4146EB060619
:107CF80042EAC62141EA55514FEAC52040EA5E50A2
:107D08004FEACE2EB4F1FD0C88BFBCF5E06F1ED84B
:107D1800BEF1004F08BF5FEA500E50F1000041EB82
:107D2800045170BD06F0004646EA010140EA02002F
:107D380081EA0301B4EB5C04C2BFD4EB0C0541EA51
:107D4800045170BD41F480114FF0000E013C00F366
:107D5800AB8014F1360FDEBF002001F0004170BD8A
:107D6800C4F10004203C35DA0C341BDC04F11404A3
:107D7800C4F1200500FA05F320FA04F001FA05F22F
:107D880040EA020001F0004221F0004110EBD370FC
:107D980021FA04F642EB06015EEA430E08BF20EA28
:107DA800D37070BDC4F10C04C4F1200500FA04F3CB
:107DB80020FA05F001FA04F240EA020001F000415D
:107DC80010EBD37041F100015EEA430E08BF20EAD0
:107DD800D37070BDC4F1200500FA05F24EEA020E18
:107DE80020FA04F301FA05F243EA020321FA04F047
:107DF80001F0004121FA04F220EA020000EBD370FE
:107E08005EEA430E08BF20EAD37070BD94F0000FFD
:107E18000FD101F00046400041EB010111F4801F31
:107E280008BF013CF7D041EA060195F0000F18BFE2
:107E3800704703F00046520043EB030313F4801F1E
:107E480008BF013DF7D043EA0603704794EA0C0FD8
:107E58000CEA135518BF95EA0C0F0CD050EA4106EE
:107E680018BF52EA4306D1D181EA030101F000416B
:107E78004FF0000070BD50EA410606BF1046194693
:107E880052EA430619D094EA0C0F02D150EA01369F
:107E980013D195EA0C0F05D152EA03361CBF1046E0
:107EA80019460AD181EA030101F0004141F0FE417F
:107EB80041F470014FF0000070BD41F0FE4141F403
:107EC800780170BD70B54FF0FF0C4CF4E06C1CEA03
:107ED80011541DBF1CEA135594EA0C0F95EA0C0FB8
:107EE80000F0A7F8A4EB050481EA030E52EA033573
:107EF8004FEA013100F088804FEA03334FF0805594
:107F080045EA131343EA12634FEA022245EA1115C0
:107F180045EA10654FEA00260EF000419D4208BF71
:107F2800964244F1FD0404F5407402D25B084FEA1E
:107F38003202B61A65EB03055B084FEA32024FF4CA
:107F480080104FF4002CB6EB020E75EB030E22BF27
:107F5800B61A754640EA0C005B084FEA3202B6EBE7
:107F6800020E75EB030E22BFB61A754640EA5C0096
:107F78005B084FEA3202B6EB020E75EB030E22BF26
:107F8800B61A754640EA9C005B084FEA3202B6EB27
:107F9800020E75EB030E22BFB61A754640EADC00E6
:107FA80055EA060E18D04FEA051545EA16754FEA48
:107FB80006164FEAC30343EA52734FEAC2025FEA66
:107FC8001C1CC0D111F4801F0BD141EA00014FF0F5
:107FD80000004FF0004CB6E711F4801F04BF0143C6
:107FE8000020B4F1FD0C88BFBCF5E06F3FF6AFAEE2
:107FF800B5EB030C04BFB6EB020C5FEA500C50F172
:10800800000041EB045170BD0EF0004E4EEA1131F4
:1080180014EB5C04C2BFD4EB0C0541EA045170BDFB
:1080280041F480114FF0000E013C90E645EA060E3F
:108038008DE60CEA135594EA0C0F08BF95EA0C0F6D
:108048003FF43BAF94EA0C0F0AD150EA01347FF4B5
:1080580034AF95EA0C0F7FF425AF104619462CE78C
:1080680095EA0C0F06D152EA03353FF4FDAE1046EF
:10807800194622E750EA410618BF52EA43067FF440
:10808800C5AE50EA41047FF40DAF52EA43057FF4D0
:10809800EBAE12E74FF0FF3C06E000BF4FF0010CDB
:1080A80002E000BF4FF0010C4DF804CD4FEA410C3F
:1080B8007FEA6C5C4FEA430C18BF7FEA6C5C1BD00C
:1080C80001B050EA410C0CBF52EA430C91EA030F8D
:1080D80002BF90EA020F0020704710F1000F91EAEA
:1080E800030F58BF994208BF90422CBFD8176FEAB8
:1080F800E37040F0010070474FEA410C7FEA6C5C86
:1081080002D150EA013C07D14FEA430C7FEA6C5C8C
:10811800D6D152EA033CD3D05DF8040B704700BFB8
:108128008446104662468C461946634600E000BF06
:1081380001B5FFF7B7FF002848BF10F1000F01BDD8
:108148004DF808EDFFF7F4FF0CBF012000205DF8A3
:1081580008FB00BF4DF808EDFFF7EAFF34BF012028
:1081680000205DF808FB00BF4DF808EDFFF7E0FFC1
:1081780094BF012000205DF808FB00BF4DF808ED12
:10818800FFF7CEFF94BF012000205DF808FB00BF79
:108198004DF808EDFFF7C4FF34BF012000205DF85B
:1081A80008FB00BF4FEA410212F5001215D211D5A3
:1081B8006FF47873B3EB625212D94FEAC12343F0DC
:1081C800004343EA505311F0004F23FA02F018BF5E
:1081D800404270474FF00000704750EA013005D127
:1081E80011F0004008BF6FF0004070474FF00000EA
:1081F800704700BF4A0011D212F5001211D20DD5F6
:108208006FF47873B3EB62520ED44FEAC12343F094
:10821800004343EA505323FA02F070474FF000003E
:10822800704750EA013002D14FF0FF3070474FF0ED
:10823800000070474FEA4102B2F1E04324BFB3F5B2
:10824800001CDCF1FE5C0DD901F0004C4FEAC002C5
:108258004CEA5070B2F1004F40EB830008BF20F0A9
:108268000100704711F0804F21D113F13872BCBF63
:1082780001F00040704741F480114FEA5252C2F1B8
:108288001802C2F1200C10FA0CF320FA02F018BF01
:1082980040F001004FEAC1234FEAD32303FA0CFC54
:1082A80040EA0C0023FA02F34FEA4303CCE77FEAE3
:1082B800625307D150EA01331EBF4FF0FE4040F42D
:1082C8004000704701F0004040F0FE4040F40000DC
:1082D800704700BF80F0004002E000BF81F000411D
:1082E80042001FBF5FEA410392EA030F7FEA226C54
:1082F8007FEA236C6AD04FEA1262D2EB1363C1BFE4
:10830800D218414048404140B8BF5B42192B88BF52
:10831800704710F0004F40F4000020F07F4018BF75
:10832800404211F0004F41F4000121F07F4118BF95
:10833800494292EA030F3FD0A2F1010241FA03FC3D
:1083480010EB0C00C3F1200301FA03F100F0004325
:1083580002D5494260EB4000B0F5000F13D3B0F1ED
:10836800807F06D340084FEA310102F10102FE2A5C
:1083780051D2B1F1004F40EBC25008BF20F00100CC
:1083880040EA03007047490040EB0000013A28BF6B
:10839800B0F5000FEDD2B0FA80FCACF1080CB2EBEE
:1083A8000C0200FA0CF0AABF00EBC250524218436C
:1083B800BCBFD0401843704792F0000F81F4000111
:1083C80006BF80F400000132013BB5E74FEA4103E4
:1083D8007FEA226C18BF7FEA236C21D092EA030F50
:1083E80004D092F0000F08BF0846704790EA010FCA
:1083F8001CBF0020704712F07F4F04D1400028BFF7
:1084080040F00040704712F100723CBF00F50000D8
:10841800704700F0004343F0FE4040F4000070470E
:108428007FEA226216BF08467FEA236301464202BA
:1084380006BF5FEA412390EA010F40F480007047CD
:108448004FF0000304E000BF10F0004348BF404273
:108458005FEA000C08BF704743F0964301464FF0AF
:1084680000001CE050EA010208BF70474FF000030B
:108478000AE000BF50EA010208BF704711F000434C
:1084880002D5404261EB41015FEA010C02BF84461C
:108498000146002043F0B64308BFA3F18053A3F57B
:1084A8000003BCFA8CF2083AA3EBC25310DB01FAC2
:1084B80002FC634400FA02FCC2F12002BCF1004F46
:1084C80020FA02F243EB020008BF20F001007047D7
:1084D80002F1200201FA02FCC2F1200250EA4C002B
:1084E80021FA02F243EB020008BF20EADC70704771
:1084F8004FF0FF0C1CEAD0521EBF1CEAD15392EA7F
:108508000C0F93EA0C0F6FD01A4480EA010C40025A
:1085180018BF5FEA41211ED04FF0006343EA5010B4
:1085280043EA5111A0FB01310CF00040B1F5000FF6
:108538003EBF490041EAD3715B0040EA010062F1A5
:108548007F02FD2A1DD8B3F1004F40EBC25008BF8F
:1085580020F00100704790F0000F0CF0004C08BFAD
:1085680049024CEA502040EA51207F3AC2BFD2F17A
:10857800FF0340EAC250704740F400004FF0000388
:10858800013A5DDC12F1190FDCBF00F000407047C2
:10859800C2F10002410021FA02F1C2F1200200FA00
:1085A80002FC5FEA310040F1000053EA4C0308BFC7
:1085B80020EADC70704792F0000F00F0004C02BF18
:1085C800400010F4000F013AF9D040EA0C0093F093
:1085D800000F01F0004C02BF490011F4000F013BED
:1085E800F9D041EA0C018FE70CEAD15392EA0C0F5B
:1085F80018BF93EA0C0F0AD030F0004C18BF31F0C6
:10860800004CD8D180EA010000F00040704790F09B
:10861800000F17BF90F0004F084691F0000F91F03F
:10862800004F14D092EA0C0F01D142020FD193EA05
:108638000C0F03D14B0218BF084608D180EA01008D
:1086480000F0004040F0FE4040F40000704740F069
:10865800FE4040F4400070474FF0FF0C1CEAD05237
:108668001EBF1CEAD15392EA0C0F93EA0C0F69D093
:10867800A2EB030280EA010C49024FEA402037D0FE
:108688004FF0805343EA111143EA10130CF00040F5
:108698008B4238BF5B0042F17D024FF4000C8B42E5
:1086A80024BF5B1A40EA0C00B3EB510F24BFA3EBC5
:1086B800510340EA5C00B3EB910F24BFA3EB910395
:1086C80040EA9C00B3EBD10F24BFA3EBD10340EAEF
:1086D800DC001B0118BF5FEA1C1CE0D1FD2A3FF635
:1086E80050AF8B4240EBC25008BF20F001007047EA
:1086F8000CF0004C4CEA50207F32C2BFD2F1FF038D
:1087080040EAC250704740F400004FF00003013ABD
:1087180037E792F0000F00F0004C02BF400010F461
:10872800000F013AF9D040EA0C0093F0000F01F075
:10873800004C02BF490011F4000F013BF9D041EA97
:108748000C0195E70CEAD15392EA0C0F08D14202CA
:108758007FF47DAF93EA0C0F7FF470AF084676E79D
:1087680093EA0C0F04D14B023FF44CAF08466EE776
:1087780030F0004C18BF31F0004CCAD130F0004244
:108788007FF45CAF31F000437FF43CAF5FE700BF9C
:108798004FF0FF3C06E000BF4FF0010C02E000BFC5
:1087A8004FF0010C4DF804CD4FEA40024FEA410367
:1087B8007FEA226C18BF7FEA236C11D001B052EA1D
:1087C800530C18BF90EA010F58BFB2EB030088BFE3
:1087D800C81738BF6FEAE17018BF40F00100704752
:1087E8007FEA226C02D15FEA402C05D17FEA236C34
:1087F800E4D15FEA412CE1D05DF8040B704700BF7B
:10880800844608466146FFE70FB5FFF7C9FF002811
:1088180048BF10F1000F0FBD4DF808EDFFF7F4FF4A
:108828000CBF012000205DF808FB00BF4DF808EDE3
:10883800FFF7EAFF34BF012000205DF808FB00BF06
:108848004DF808EDFFF7E0FF94BF012000205DF828
:1088580008FB00BF4DF808EDFFF7D2FF94BF0120D9
:1088680000205DF808FB00BF4DF808EDFFF7C8FFD2
:1088780034BF012000205DF808FB00BF4FEA40022A
:10888800B2F1FE4F0FD34FF09E03B3EB12620DD936
:108898004FEA002343F0004310F0004F23FA02F0A0
:1088A80018BF404270474FF00000704712F1610F47
:1088B80001D1420205D110F0004008BF6FF000401E
:1088C80070474FF00000704742000ED2B2F1FE4FE1
:1088D8000BD34FF09E03B3EB126209D44FEA002387
:1088E80043F0004323FA02F070474FF0000070474E
:1088F80012F1610F01D1420202D14FF0FF307047EF
:108908004FF00000704700BF7BB972B90029BEBFA5
:1089180000204FF0004106E008BF00281CBF6FF0A0
:1089280000414FF0FF3000F077B8ADF1080C6DE969
:1089380004CE002909DB002B1ADB02F0DAFADDF895
:1089480004E0DDE9022304B07047404261EB4101D5
:10895800002B1BDB02F0CDFADDF804E0DDE9022391
:1089680004B0404261EB4101524263EB430370475C
:10897800524263EB430302F0BCFADDF804E0DDE9A0
:10898800022304B0404261EB41017047524263EB5D
:10899800430302F0AEFADDF804E0DDE9022304B097
:1089A800524263EB4303704753B94AB9002908BFE1
:1089B80000281CBF4FF0FF314FF0FF3000F02CB8FB
:1089C800ADF1080C6DE904CE02F093FADDF804E08D
:1089D800DDE9022304B07047D0B5FFF7F1F80022B3
:1089E8000B4B06460F46FFF743F9FFF703FC044617
:1089F800FFF7C4F80022074BFFF73AF902460B4687
:108A080030463946FEF77CFFFFF7F4FB2146D0BD20
:108A18000000F03D0000F041704700BF08B5F7F7CF
:108A2800D9FEF8F70FFEF7F7F7FD002008BDFEF7AF
:108A38006FBD10B586B0044601A8FEF769FD022394
:108A48000020237005236070A3709DF80430E07047
:108A58006371BDF805302071E380DDF80730A3604D
:108A680006B010BD00F092BB70B50446FBF7C0FC21
:108A7800012805461AD1601CFBF7C2FCB0B1A379E6
:108A88000020E61D63F03F03A371F8F795FE38B1A7
:108A980010220021304602F0E8F90020257070BD50
:108AA8003046FBF7C1FC0028F2D0F6E70025F4E7D2
:108AB80010B504461022002102F0D7F904F1100382
:108AC80010220021184602F0D0F9FBF7C7FC00205D
:108AD800F8F772FE20B12046FBF7A6FC002010BD77
:108AE800FBF786FC0028F6D0F8E710B50446FEF739
:108AF800A3FDB0F5007F09DA10F5007F08DD031E3D
:108B0800B8BF03339B100020237010BD7F23FAE702
:108B18006FF07E03F7E7F7B504462046F9F7C4F887
:108B2800022805462ED004282CD123788A2B18D168
:108B38003E20F7F763FE78B9E37801A92279684601
:108B480043EA0223ADF8003000F090FB0028E4D09F
:108B580053210820F7F724FD0520F7F789FE0028A0
:108B6800EAD0204600F011F82678A7783046F7F7C3
:108B780045FE0028D1D03E2E04D13846F7F778FEBE
:108B88000028CAD0284603B0F0BD10B503780446C3
:108B9800813B0E2B2FD8DFE803F02F3541454F6777
:108BA8006D08613B71775B2E7D002920F7F760FE29
:108BB80030B13E232370222363702923A3701AE067
:108BC8000A20F7F755FE3E23237018B11F23637060
:108BD8000A23F3E70123A37013236370E37903F0F7
:108BE8000103E371D4F81A30C4F80E30E38B6382C2
:108BF80094F82030237510BD3E230370042343707E
:108C08001423DBE73E2303700A2343700323D5E7CD
:108C18003E2303700D2343700523CFE705232370FC
:108C2800042307E05A20F7F7E9FD08230028F6D0C7
:108C38005A2222706370DEE75B20F7F7DFFD18B178
:108C48005B2323700623F5E7302323700323F1E722
:108C58003E2303700B2343700723AFE73E230370C3
:108C6800062343700C23A9E71323037083789B0022
:108C78000133DFE7572303700223DBE73E2303704A
:108C880006234370122399E73E2303700923437098
:108C9800132393E7FF2303700D23437080238DE78D
:108CA80010B50C4648B141B1FFF735FF00282070D8
:108CB8000CBF6FF02200002010BD6FF01500FBE71D
:108CC800F8B5941C0E46054617460C446343B3F5A5
:108CD800004FA8BF4FF0FF3310F003019CB203D040
:108CE800B0211420F7F75CFCB4F5004F01D9B1218D
:108CF800F7E71422043002F0B8F8EF746C802E8085
:108D0800F8BD023101444A43B2F5004FA8BF4FF005
:108D1800FF3290B21B3020F00300B0F5004F34BF93
:108D280000B24FF0FF30704703461830F0B59E8808
:108D3800DD88B4B2C6F30E06A54214D05F89DD7C87
:108D4800845B3D44E41B0235A4B2354428440D88B5
:108D5800A54284BF0C8025465989B1FA81F1490999
:108D68001170DD81F0BD00252846FAE7F8B5828844
:108D78000026C38904460D4692B20E60CBB14189E4
:108D8800C2F30E020B4418329BB28718825A4381F1
:108D9800934204D94FF4A2711420F7F701FC04D1CF
:108DA800011DF7F775FD46812F6000230120E3813F
:108DB800F8BD1846FCE78388014602899BB29A42AF
:108DC80002D00831F7F764BD70478388C0889BB22A
:108DD800C31A584258417047023070470729034662
:108DE80070B504D84FF4EC711520F7F7D9FB00687B
:108DF800C0B1446806461A688C4210D0106860B941
:108E080001F10805AC420DD3546850501868651A32
:108E1800541800686560505002E01346E9E714688A
:108E280030461C6070BD30B590B18478B1FBF4F366
:108E380004FB131300EB430252898A4201D1D8B2D2
:108E480030BDC27822B900F10803D0B2844201D8FB
:108E5800FF20F5E733F8025F01328D42F5D1EFE7E5
:108E68008278038805324B4303EB4203184470476A
:108E780037B500240546CDE900448DF8060068465C
:108E8800ADF80440F7F7D8FEBDF8044008B103B0C8
:108E980030BD29462046F7F7ABFE0028EFD040F258
:108EA80035211720F7F77CFB70B51E460D460921C2
:108EB800FFF727FF0446324609212846FFF721FF1E
:108EC80040EA04031B0454BF00194FF0FF3070BD83
:108ED80001230370704710B5FF238B70C2F3800322
:108EE80001245B00DBB2CA18127D032A08BF0133D4
:108EF800CA18147503F10C04002201EB830321F84E
:108F080014205B688A700360828010BDF8B50C4637
:108F1800054611461E4684F001046400E4B2FF23AE
:108F2800837003191B7D012B05D00134E4B20319AA
:108F38001B7D012B0AD105EB44073B8B3A8C981912
:108F4800904205DD00232C443B8323750020F8BDA7
:108F580005EB8404324660681844FEF73DFC3B8B01
:108F68001E443E830023AB700120F0E781F001012D
:108F7800490010B5C9B2FF23837043181C7D012C2A
:108F880007D10C3120F8112002221A7500238370B2
:108F980010BD0131C9B243181C7D012CF1D04FF42A
:108FA80099710920F7F7FCFA024630B5837803F087
:108FB800FF00F3B9137D022B19D0537D022B15D175
:108FC8000346012089B10024D5180C332C7522F8EA
:108FD8001340131803241C7502EB80035B680B60B5
:108FE80000F10C0332F813308B80012030BD0123CF
:108FF800E8E70020FAE7034630B5827802F0FF0080
:10900800E2B99A7D022A17D0DC7D022C13D1032203
:1090180081B11D1900200C34287523F81400981804
:109028000324047503EB82000C32406833F81230D5
:1090380008608B80012030BD0324E9E70020FAE7AF
:10904800037D012B01D1008B7047437D012B0CBFA1
:10905800408B00207047837D012B01D1808B7047A6
:10906800C37D012B0CBFC08B00207047027D022AF4
:1090780001D1008B7047437D022B01D1408B704793
:10908800032AF6D0032BF9D000207047827D022AEC
:1090980001D1808B7047C37D022B01D1C08B7047F3
:1090A800032AF6D0032BF9D000207047F7F796BEB5
:1090B800F7F7EABE002307B5CDE9003301238DF8A1
:1090C80006306846F7F7B8FD08B1002004E00098BC
:1090D80000F00BFF0028F4D003B05DF804FB1FB5C7
:1090E800002240F6881303A90092FCF7F1F805B0B6
:1090F8005DF804FB10B5FFF7DDFF60B1F8F70CF879
:10910800044601F035F840B9204601F02DF880F00A
:109118000100C0B210BD0120FCE70020FAE71122CF
:1091280043F239030270C2705922A0F801308280DC
:10913800C38000207047082108B5F7F781FE00209A
:1091480008BD10B504466FF07F00FFF7C8FFFBF7B6
:1091580029F820707F20FFF7C2FFFBF723F8607023
:10916800002010BD0A4600F1100108B5072301F0E0
:10917800E6FD002008BD10B5014604460020F8F7BA
:1091880001FB08B92060A080002010BD10B504467E
:10919800F8F752FA28B900202146F8F7DBFA002040
:1091A80010BDFFF7A7FF0028F5D10C20F8E710B590
:1091B8000446FFF79FFF28B101202146F8F7CAFAB5
:1091C800002010BD0C20FCE710B50446F8F74EFA55
:1091D80020600020616010BD37B50446F7F79CFF9A
:1091E800054623781F2B18D8816A04226846FFF7A2
:1091F80072FE22460021A86A12F8013BFFF786FE9C
:1092080068B1AC6A2046FFF726FF002102462046D7
:10921800FFF7ACFE002003B030BD1220FBE70720AB
:10922800F9E737B50446F7F777FF054623781F2B8C
:1092380018D8816A00226846FFF74DFE22460121B0
:10924800A86A12F8013BFFF761FE68B1AC6A2046D4
:10925800FFF7F6FE012102462046FFF787FE0020B1
:1092680003B030BD1220FBE70720F9E7008808B5F6
:109278000880002180B2F7F7A5FC20B10021BDE8E5
:10928800084001F018B9022008BD10B5044600785E
:10929800FF280AD00121F7F795FC58B16378A27826
:1092A80043EA0223C383002010BDB4F80100F9F794
:1092B800A9FCF8E74220F7E710B5044604B910BD49
:1092C800236898476468F9E703680BB90160704739
:1092D8001A465B6813B18A42FAD170478A4218BFAE
:1092E8005160704708B5F9F793FFF9F7EBFBBDE854
:1092F8000840F9F775BF08B5F9F7B4FBF9F75EFF51
:1093080020B140F263119320F7F74AF90120BDE834
:109318000840FFF7ADBDFCF7DBBC0B46892203F81C
:10932800032BD0F80920C1F80320427B1A7170473B
:1093380038B50D460446F8F79FF92B78002B08BF7F
:10934800034684F868306B78002B08BF034684F81E
:1093580069306B88A4F86A3038BD704730B5424030
:109368001C7808785D7860404C786C409D78204483
:109378008C786C40DD782044CC786C401D795B7922
:1093880020440C7949796C404B40204418441044DF
:10939800B0FA80F0400930BD024600200139C9B258
:1093A800FF2900D17047535C83F001030344D8B20E
:1093B800F4E708B5F8F70CFA082803D0BDE8084028
:1093C800F8F728BA08BD08B501F0AAF818B1BDE841
:1093D8000840FAF7BDBF082008BDF8B505460C4699
:1093E800D0E9047601F04AFA18B952212920F7F792
:1093F800D7F8E4B1D5E90423D21B63EB0603012AAD
:1094080073F100014FF0000113DB6FF0010090428F
:10941800994101DA5C21E9E7631E1344B3FBF4F3D5
:109428005C43E41946F10006C5E904461C4620469B
:10943800F8BD0C46FBE7022905D13C2808D9801065
:109448000F3880B27047702802D9C0100E38F8E77C
:1094580000207047012908B5034605D002290BD022
:10946800E7212920F7F79CF840F6C41040F2E242C1
:10947800002B08BF104608BD40F6C410FBE738B5FE
:109488004FF426720D460021044601F0EEFC6FF001
:1094980036020123A4F8AA5084F863200422A37595
:1094A80084F864206FF03B0284F8A83084F86520C3
:1094B8006F2284F86620032284F86720002284F84B
:1094C80068206FF07F0284F869202B2284F86220DC
:1094D800FE2284F89E207F22E27238BDC2B292FA40
:1094E800A2F2030A93FAA3F31B0E100E40EA03201C
:1094F8007047013105300022C9B270B510F8013F3C
:109508008B4216D310F8054C0023012505FA03F603
:1095180026421CBF01F1FF31C9B269B10133082BE2
:10952800F4D10132D2B2052AE8D19B214620F7F7BF
:1095380037F8C91AC9B2F4E703EBC200C0B270BD6C
:109548000B6870B5C0F8013004460B790546461D16
:1095580003F01F0343710023C37215F8010F00F0D5
:1095680023FA6871B542E37A1844E072F5D170BD08
:1095780081EA114170B58CB20546C17A032682EAA8
:109588000400FFF7ABFF013E00EB001016F0FF06EA
:1095980004EB000290B2F4D144402522B4FBF2F36C
:1095A80002FB1343C3F3C402D8B203F007032A44EF
:1095B8005678012202FA03F31E4207D16143284676
:1095C800C1F30741BDE87040FFF793BF70BDF8B520
:1095D80090F8215004466B1E242B03D9E121462024
:1095E800F6F7DEFFDAB1807D002843D194F8233006
:1095F80094F8221002FB01322523B2FBF3F103FB9E
:109608001123DBB204EBD30203F0070684F82330FE
:10961800D17D0122B240114202D084F82430F8BD35
:10962800B3FBF5F205FB123304F11B01013303F020
:10963800FF0311F8012F9A4219D311F8055C002293
:10964800012606FA02F72F4208D0013B13F0FF0368
:1096580004D102EBC00284F82420E0E70132082A92
:10966800EFD10130C0B20528E3D1D721B7E79B1A63
:10967800DBB2F6E7E28804F11600096AFFF778FF23
:1096880084F82400CBE70378890123F0400301F034
:1096980040010B4303707047037803F07F0343EAEC
:1096A800C113037070471F2A38B50546144603D9FD
:1096B800A8212A20F6F774FF06340930FEF78CF843
:1096C8006C7038BD1F2A38B50546144603D9CA211F
:1096D8002A20F6F765FF06340930FEF77DF86C702E
:1096E80038BD0378024603F00F03032B3ED0052B49
:1096F80042D1C37F90F82000034392F8210003432E
:1097080092F82200034392F8230000F01F00184348
:1097180033D05378222B2FD1B2F81930B1B1B3F529
:10972800506F13D940F607518B4225D8B2F81B3039
:10973800B3F5FA7F20D2B2F81D0040F676430A3816
:1097480080B298428CBF002001207047991F40F6D4
:109758007A4089B281420FD8917D481E07280BD8DC
:10976800994209D2B2F817109942DEE74078A0F181
:109778000C0358425841704700207047F8F744BA24
:1097880010B521B940F2A9211020F6F709FF4A6067
:109798000B72EFF3108472B6031D0B6042681AB1A6
:1097A800127A012A08BF036003681960016004B9CE
:1097B80062B6BDE81040F8F771BA0222F8F732BB7A
:1097C8000322F8F72FBB0422F8F72CBB0222F8F784
:1097D8005FBB8D230B7030F8953CA1F8033030F84F
:1097E800573CA1F8053030F8533CA1F8073030F861
:1097F800553CA1F8093030F8513CA1F80B307047BE
:10980800012908B503D10E30C00080B208BD022975
:1098180002D10F308000F8E74FF40C710620F6F7FC
:10982800BFFE40687047C08A70478A880B8910B5A8
:10983800CC884988A0F85840A0F85410A0F85620C1
:10984800A0F85A3010BD0346B3F84C10B3F85820AE
:10985800914270B528BF1146B3F85A40B3F850206A
:10986800B3F84850A242B0F84260B0F8460028BFAA
:109878002246B3F84A40A3F842109442A3F846207F
:1098880038BF14468D4238BF0D468E42A3F84A4071
:10989800A3F8485021D1801A18BF0120B3F84E1000
:1098A800B3F85420B3F856609142B3F84050B3F877
:1098B800444028BF1146B3F85220B242A3F84010E2
:1098C80028BF32468D42A3F8442008D1944218BFDD
:1098D80040F0010000F0010070BD0120DEE701202A
:1098E800F8E738B5C58B0446438C007A9D4228BFFB
:1098F8001D46FFF785FF6389AB4228BF2B46984278
:1099080038BF184680B238BD2DE9F0419846074661
:109918000E46808919461446FFF772FF05464146F0
:109928003846FFF7DEFF85429DF8181028BF054628
:10993800B88AFFF765FFFB8AADB2834228BF0346AA
:10994800A01D9BB230442B441844BDE8F08107B5F4
:1099580090F86D30002296213430009390F838301A
:10996800FFF7D2FF03B05DF804FB38B514460D4687
:1099780019469634FFF7EBFF2044A84294BF281AF3
:10998800002038BD38B50D4611460446FFF7DFFF05
:109998002844A06338BD01F19C0383423DBF9C3835
:1099A800401A40080020704700F05503400800F0B6
:1099B8005500034403F033009B0803F033030344CA
:1099C80003F00F0000EB13107047036800229A732E
:1099D80083F84A20A3F84620704703680022A3F8BA
:1099E8004E2093F85020013283F8502070470268C7
:1099F80008B592F85030013B5BB2002B82F850302A
:109A080003DA52214A20F6F7CBFD08BDA0F109037D
:109A1800042B09D9A0F14603012B05D923380728BF
:109A28008CBF00200120704701207047026813682E
:109A380010B513F0080408D143F0080382F8981011
:109A48001360FFF7CAFF204610BD0120FCE730F87D
:109A5800023CF7B505460E46B0F8827073B1012294
:109A68006846ADF801708DF80020ADF80330F7F7BF
:109A7800F3FB18B195216320F6F792FD83230024A8
:109A8800A6F803703370B4706B7AD5F898007371C8
:109A9800FFF79BF908B9BA21EDE721463846F7F7F1
:109AA800A7F84FF40173204603F004021B0A62F37F
:109AB800070063F30F2003B0F0BD0B46822203F8C2
:109AC800032BD0F80920C1F80320D0F80D205A60E4
:109AD800427C1A720023CB7070473E230B700C2314
:109AE8004B7004238B70D0F80930C1F80330D0F8DC
:109AF8000D30C1F80730B0F81130A1F80B30C37C35
:109B08004B73704787230B7030F88C3C4B80704741
:109B1800036800209A7B0E2A01BF002283F83E20AA
:109B280083F84A209A73704710B5D0E90D42A242D3
:109B380006D38B8C121B498E05334B43934202D3B9
:109B4800012380F83E3010BD10B50B7901284C79FF
:109B58000A6843EA0421104608BF41F4803110BD69
:109B680007B5FFF7F1FF0DF10702F8F75DFB03B04A
:109B78005DF804FB002307B501A80193FBF778FB08
:109B8800019810F0030018BF012003B05DF804FB32
:109B980008B5FFF7EFFF002814BF1420002008BD08
:109BA80010B5FBF74FF90446FFF7F2FF4FF47A724E
:109BB80004F54443A4304933B3FBF2F3184410BD11
:109BC80010B5044690F86D00FFF7EAFF0122014640
:109BD8002046BDE81040FFF7D5BE7FB5044618B94A
:109BE800A5213020F6F7DCFC052900F2B580DFE876
:109BF80001F003AE2A25B3A990F80032C288A3B1B8
:109C0800B0F8FE31934208BFB0F8B4319A1AA0F800
:109C1800B621E3802046D4E99023C4E99223F9F7DA
:109C28008FFE94F84C3004B070BDB0F8FC319B1A2C
:109C3800A0F8B631B0F8FC319BB2EAE704B0BDE851
:109C48007040FBF773B800F0F5FCD4E99223801A52
:109C580061EB0301012871F1000302DA40F20161AE
:109C6800BFE76FF0010383424FF000038B4102DA34
:109C780040F20261B5E7D4F8C4300BB1B0FBF3F39E
:109C8800E17BB4F8FE210C2931D10132A4F8FE2180
:109C9800B4F8623203AEE5880133A4F86232B4F84E
:109CA80042301D44B4F84030013DED1AADB2B4F86D
:109CB800FE116B1A180434D40023204600961A4665
:109CC800F8F752FB0128AED1B4F8FE21B4F8B01170
:109CD800BDF80C301344521A12049BB204D5EA1A88
:109CE80012F4004F18BF0B46A4F8FE31DFE7E188F5
:109CF8000B449BB2D11A0D044BBF013301329BB206
:109D080093B2A4F8FE3194F80132002BC0D1B4F814
:109D1800B431B4F8FE21934204BF0133A4F8FE31F4
:109D2800B6E7A37C30460394002B14BF08233E23D8
:109D380084F83130F8F7C8F9204600F0B1FB002369
:109D4800637370E704B0BDE87040FFF7B1B9437BB7
:109D5800042BF4D0C62144E7CB2142E7D0F8E80031
:109D6800704738B5044690F828319BB1FF2380F836
:109D78003031012100F015FA94F8283153B104F17B
:109D8800C005284600F07BFC284600F084FC002330
:109D980084F82831002038BD08B590F8302142B940
:109DA80090F8EC2042B1D0E93C31994202D9F9F758
:109DB80063FB0022104608BD0122FBE710B50446EC
:109DC800FFF7E6FE00F25911E269636B9A4228BF79
:109DD8001A461046FFF7DFFD40F64803984228BFB1
:109DE800184680B210BD70B5044621B1012978D05B
:109DF80040F2D37172E000F007F994F82931054672
:109E08000E46DBB150EA010318D0D4E93E32D4E95A
:109E18004601C01A334661EB02012A4600F0DCFF16
:109E280005FB01F300FB0633A5FB00021344D4E94C
:109E38003E21121843EB0103C4E93E23E08B30B105
:109E4800F8F738F8E38BB0FBF3F202FB1300D4E920
:109E58003E32ED184FF0000346EB02062D1840F293
:109E6800024284F8083146F1000684F82931A4F842
:109E78001021C4E93E56C4E9465694F8303103F03F
:109E8800FF01DBB96FF00043D4E948029A4208BFEA
:109E9800B0F1FF3F18D02046D4E9465600F0A9F8A3
:109EA800AE30D4E948325B1B62EB06021B1A62F142
:109EB8000002002A08DA2046F9F7DEFAFAF704FE6B
:109EC800BDE87040FCF74CBE04F5847104F1C00095
:109ED800FCF75AFE0028F1D14FF4E0613020F6F784
:109EE8005FFB002380F8EC30E8E790F828010038A1
:109EF80018BF012070470B468C2203F8032BD0F8BB
:109F08000920C1F80320D0F80D205A60704738B5F1
:109F180088220B460C4603F8032B00F1090229306E
:109F280052F8041B824243F8041BF9D1127800212D
:109F38001A700123A588A3712846F6F743FE58B185
:109F4800E3784BB100212846F6F752FE20B140F2E3
:109F580033212D20F6F724FB38BD0121F9F72CB861
:109F6800FFF7FBBF90F872300BB10120704790F8F3
:109F7800AA2002F0FF03002AF7D190F89C20184687
:109F8800704737B50D464FF49C720021044600F027
:109F98006CFFFF2323701323638042F21073E38363
:109FA800F6F7EEFE00220146A0626846FEF793FF30
:109FB800A06A00220121FEF7D9FFA16A684604229F
:109FC800FEF789FF0022A06A1146FEF7CFFF04F1D1
:109FD8002000A57403B0BDE8304000F019B9FF2394
:109FE800886A0B70FEF774BF0078FF3818BF01202D
:109FF800704710B50446203000F05AF928226188CD
:10A00800F9F76AFA6D3010BDD0E9020170472DE901
:10A01800F04F07468FB00C46064606AD0DF1100806
:10A028000FCF0FC597E80F0085E80F00404600F0F6
:10A03800EFF8677894F8149007F07F0594F80AA071
:10A04800B9F1010F94F800B02F4607D0B9F1020F0B
:10A0580004D040F212310620F6F7A2FA617A40469F
:10A0680000F0DDF8237D227F4046022B02F1010239
:10A078000CBF617D0121D2B204BF0131C9B200F029
:10A08800D0F815F0080360D14046019300F010F9AC
:10A0980028223946F9F720FA40F2712100F2862287
:10A0A800E5782079019B45EA00256079B2FBF1F259
:10A0B80045EA00454A434D43AA420AD9E079A579C1
:10A0C80045EA0025207A45EA00454D43954228BFD8
:10A0D8001546227E0393531EA17CB06A5A42029110
:10A0E8005A410192FEF7C2FFB06AFEF7CFFF039B09
:10A0F800019A0299ADF81A7006AF8DF818B0089554
:10A1080035468DF828208DF82B108DF82CA08DF869
:10A118001C9009930FCF0FC597E80F0085E80F0033
:10A1280098E8030030620020B184E37A03F0FD036D
:10A13800003B18BF012386F84F30E3683365238A54
:10A14800A6F854300FB0BDE8F08F00252B46C0E7C5
:10A158004FF40043C38443881D2B08BF002141747A
:10A16800704790F912007047408800F0010070476E
:10A178008078C0F3400070478078C0F3C000704713
:10A1880090F84830816181F8B330D0F84930C1F88F
:10A19800B430B0F84D30A1F8B83070477047F8F7D0
:10A1A80081BD80F8681070478278034612F001007C
:10A1B80002D0D978C90710D5900702D5D978890770
:10A1C8000AD512F0040008D0D878C0F3800080F0D7
:10A1D80001008000C0B2704702207047C0F34002FF
:10A1E800C0F3800300F001001344184470470228AC
:10A1F80008B507D0042807D0012807D039212E2018
:10A20800F6F7CEF9262008BD2720FCE72520FAE737
:10A218000023C0F802300123437003707047817037
:10A22800704710B54270144601708078FFF7D6FF6A
:10A23800484304FB00F2FE2A03DD5C212E20F6F7DA
:10A24800AFF910BD0023C37043710371704710B597
:10A258000446FFF7A9FF637962780133DBB29A42BB
:10A2680063710CD1E3780022A17803436271DBB2F9
:10A278009942E37001BF2379E27001332371BDE88D
:10A288001040FFF7B4BF38B504468078FFF7A6FF43
:10A298000146E078FFF7A2FF2378227965789B1AB8
:10A2A8006B4359436379C91A00FB1510C0B238BD16
:10A2B800014608B58078FFF791FF4A780B78534339
:10A2C8005843C0B208BD40F2EE20704740F25A33FE
:10A2D8005843704738B50E38136814460D469A7BB4
:10A2E80009283ED8DFE800F0053D3D3D0F3D183D0B
:10A2F8003D27042A05D12046FFF767FB2046F7F7DC
:10A308002DFF002038BD0E2AFBD100222046114621
:10A31800BDE83840FFF7FCBB202AF2D12046FFF702
:10A3280054FB002DEDD0226892F8623023F0200310
:10A3380082F86230E5E7DA7B262AE2D1002520465A
:10A34800DD73FFF754FB236893F82C31012B03D1FD
:10A3580029462046F7F7B2F92368002283F82C2112
:10A36800CFE740F262213120F6F71AF908B5036801
:10A37800DA7B172A04D040F27E513120F6F710F923
:10A388001D22DA7308BD08B590F89E30FE2B04D064
:10A3980040F66F113120F6F703F9002380F89E107C
:10A3A80080F89F3012B9A0F84E2008BDA0F84630BA
:10A3B800012380F84A30F8E708B50368DA7B342AC5
:10A3C80005D10022DA73BDE80840FFF710BB172A51
:10A3D80002D11D22DA7308BD40F293513120F6F7FD
:10A3E800DFF808B503689A7B082A0AD193F8991010
:10A3F80093F8A020914204D100229A7383F84A204E
:10A4080008BD1A68110706D522F008021A60BDE8CF
:10A418000840FFF7ECBA4FF4AF613120F6F7C0F807
:10A42800037D63B9C37BA3F10F02032A07D990F810
:10A43800520028B11F2B8CBF00200120704701203B
:10A448007047024600684978837B202B13D00AD8CE
:10A45800042B12D00E2B12D0C37B262B0CBF172037
:10A46800FE20F9F7A1B92A2B03D02C2B09D0242BD5
:10A47800F2D11620F5E71420F3E70E20F1E71220B9
:10A48800EFE72320EDE7024600680B4690F86210DC
:10A4980041F0040180F8621099785878F9F784B986
:10A4A8000022C281827490F84C3013B10221F8F76F
:10A4B80023BB0321FBE738B504460846E37B03F0DA
:10A4C800FD0394F8682212B10C25284638BD152BD7
:10A4D800FAD194F8843203F0FF05002BF4D191B13E
:10A4E80094F8D63123B940F66C313120F6F758F894
:10A4F800052304F1800204F5E37100F020FC012338
:10A5080084F86832E1E70223FAE708B5FAF72CF98C
:10A51800F9F742FFF9F770FEBDE80840FAF752BDB7
:10A5280010B5C824F9F7FCFE022808D1013C14F044
:10A53800FF04F7D10620F7F787FC204610BD431E1D
:10A5480058425841FAE710B5FAF726F9044600F0E0
:10A558001DF9201841F1000110BD19B943780BB15C
:10A56800C3788370704710B504460846FAF76AFC4A
:10A578004FF47A73B0FBF3F0201A10BD10B50446FF
:10A588000846FAF75FFC4FF47A7200F2E733023CB0
:10A59800B3FBF2F3E01A10BD00F038B8801A00F3EC
:10A5A800070038B50D46144659B240B2FAF716FFFF
:10A5B8000023287020446B7040B238BD002303602C
:10A5C80070477047002070474FF0FF3070474FF0DA
:10A5D800FF30704770474FF0FF30704700207047DA
:10A5E800002070470023037070479DF80030002258
:10A5F800FFF7D4BF4FF0FF307047002070474FF08F
:10A60800FF3070474FF0FF307047704770470020A9
:10A61800FAF73ABF0020FBF727B80020FBF738B855
:10A628000020FAF731BF7047FBF77EB8FBF790B808
:10A63800FBF780B8FCF7E0BCFCF7ACB9FCF7C2B993
:10A64800FCF704BD00F03CB9FCF7F6BCFCF7E6BC2F
:10A6580010B5837F8BB9034601F1180251F8044BFA
:10A66800914243F8044BF9D1012484772146FBF742
:10A67800C3FBFCF781F9204610BD0020FCE710B5AC
:10A6880004460221FBF7B8FBFCF776F9A07FB0FA85
:10A6980080F0400910BD38B50446A37F03B938BD22
:10A6A800A37F032B02D0A37F042B0ED1EFF31085D9
:10A6B80072B62046FBF7BEFD05B962B6A37F002B34
:10A6C800EDD0FF210320FCF78BFEA37F012B02D1E5
:10A6D8004FF48271F6E700F03CFBDEE7F8B5074679
:10A6E800FCF7B8F9044620B940F229110320FCF719
:10A6F80077FEFCF7B5F9A46800252418384641F11F
:10A70800000622463346FBF71DFEA04271EB060306
:10A7180009D3001B6FF0010361EB0601834275EB5F
:10A72800010102D3F8BD2846FCE74FF0FF30F9E7F6
:10A738002DE9F04104460F46FCF78CF9064620B98E
:10A748004FF4A3710320FCF74BFE856800236219C0
:10A758005B4113B10020BDE8F081FCF781F92A18AC
:10A76800384641F1000314EB020843F10005FBF7FA
:10A77800E9FD4045A941EDD3FCF73EFC00F05FF848
:10A78800B368012037752344B360E4E7FCF768B980
:10A7980080687047F8B50369044623B14FF4D17156
:10A7A8000320FCF71DFEFCF727FC05460E46FBF7C9
:10A7B80079FA70B36435D4E9003246F10001AB424E
:10A7C80072EB010001D22B460A46C4E90032EFF3CE
:10A7D800108572B6FCF73EF9064698B1FCF740F9C9
:10A7E800B3680B332CBF012200221B18D4E9006088
:10A7F80042EB0101B34271EB00023CBF3346014614
:10A80800C4E9003105B962B62046BDE8F840FBF757
:10A818000FBEFBF767FA0746FCF730F9B84238BFB6
:10A828003846963546F100024319D4E9000142F151
:10A838000002834272EB0105C7D20346C4E7FBF767
:10A84800F5BB032910B5044606D801290ED840F2F5
:10A858005D11B020FCF7C4FD0429F8D1FBF7E2FA3A
:10A8680020B12046FBF762FE022010BD0020FCE765
:10A87800C0E908122022002100F0F7BA10B50378C9
:10A8880086B0044623B14FF4AB714520FCF7A8FD10
:10A898000593CDE90333D0E90423CDE900234368C8
:10A8A8000293037A68468DF81430FFF773FF01208E
:10A8B800DDE90023C4E9042306B010BDFCF736BA6D
:10A8C80010B5029C241841F10001A01A61EB0301A4
:10A8D800B0F1004F71F1000103DBAA210420FCF75D
:10A8E8007FFD10BD08B500230B8581F82A300B6A5F
:10A8F8000921984728B103781BB1E9216A20FCF7A0
:10A908006FFD08BD436A19444162A1F19600FFF743
:10A9180093BEF8B5044620B940F2AD116A20FCF7A1
:10A928005FFD90F85850052900F2C780DFE801F074
:10A93800038043656F7990F82A30033B012B02D9D5
:10A948004FF4DC71EAE7052380F82A30002380F809
:10A9580059300378EBB12378012B24D1FCF774F933
:10A96800636894F828606362C4E90601F6B9FFF7E2
:10A978006BFE31462046FFF7C5FF236A314628465D
:10A98800984701462046FCF715FC022840F09880BD
:10A99800F8BDFFF74FFE07460E46FCF755F987420C
:10A9A8008E41F6D3D7E7D4E90401D9E72046BDE8BC
:10A9B800F840FCF7CBBB90F82A30DA1E012A02D9FE
:10A9C80040F2ED11AAE790F828202AB1214628463E
:10A9D800BDE8F840FFF786BF042B036A18BF0121C2
:10A9E80080F82A100521284698470028D0D00378F7
:10A9F800002BCDD04FF4007190E790F82A30052B4A
:10AA080002D040F2062189E7036A0221B7E790F8ED
:10AA18002A30052B02D04FF403717FE7036A012126
:10AA2800ADE790F82A30052BC0D040F2122175E727
:10AA380090F82A30052B07D090F829200AB1032B6B
:10AA480002D040F2172169E794F82820002ABDD1E6
:10AA580094F8593083B102230821284684F85920F4
:10AA680084F82A30236A9847002891D00378002B6D
:10AA78008ED040F2232151E794F8292062B1214673
:10AA880004F1300084F82930FCF77EF800287FF4C0
:10AA98007FAF4FF40A7141E702230721284684F863
:10AAA8002A30236A984700283FF472AF0378002BB6
:10AAB8003FF46EAF40F22F2130E74FF40D712DE7D0
:10AAC8000128236A0CBF0421032158E770B500242C
:10AAD800FCF72AFC05462646E0B2854200D870BD40
:10AAE800FCF728FC0134068580F82A60F4E7F8B5FD
:10AAF80004460D460027FCF717FC0646F8B28642C6
:10AB080004D8082D0CD96FF0150008E0FCF712FCEA
:10AB180090F82A300137002BF0D04FF0FF30F8BD05
:10AB28002CB129462046BDE8F840FCF70FBC214669
:10AB38002046F8E710B50446FCF7FCFB014688B14F
:10AB480090F828308BB990F82A3073B1013B012B6B
:10AB580004D82046FFF7C6FE002010BD012380F868
:10AB68002830F9E76FF00100F7E76FF02200F4E70B
:10AB780070B50D46FCF7DEFB044600284CD090F873
:10AB88002A60731E012B4DD8002D48D02846FCF7AB
:10AB9800B1FA002843D02B780BBB012323702B7903
:10ABA8006A79003B18BF0123002A14BF042202223D
:10ABB80043F004032272AA68A5326260EA686372ED
:10ABC80003232261214604F1300084F82A30FBF780
:10ABD800DBFF50BB40F2C1216A20FCF701FC022ECA
:10ABE80020D1002323702B796A79003B18BF0123F9
:10ABF800002A18BF042643F004032672EA68637229
:10AC0800A532A9686260D4E906325B1842EBE172AA
:10AC1800C4E904320423D5E76FF0010070BD6FF07A
:10AC28001500FBE76FF02200F8E70020F6E7F8B51B
:10AC3800037904461BB11B219D20FCF7D1FB467903
:10AC4800017126B901234371217909B96171F8BDF0
:10AC5800276820462671B84702280546F4D1032103
:10AC68002046B84708B12F21E6E723682946204641
:10AC780098470028E8D03021DEE70346006800B98D
:10AC880070478842F9D102681A60704701F11003D1
:10AC9800013813F8012D8B4200F8012FF9D17047C4
:10ACA8002DE9F04713F0010F8EB004460D46174604
:10ACB8009A46DDE9168924D006A8FFF7E7FFA3071F
:10ACC80035D002AA04F110052068083454F8041C91
:10ACD8001346AC4203C31A46F6D106AD02AC1AF0CD
:10ACE800020F4346CDF8009023D0294620460AAAF1
:10ACF800FCF720FC0AA93846FFF7C8FF0EB0BDE8EC
:10AD0800F08713F0040F0DD106AB0E4601F1100CBD
:10AD18001D463068083656F8041C1A46664503C2B4
:10AD28001346F6D1214602A8FFF7B0FFD6E706ADD5
:10AD3800D5E73A4629462046FCF7FCFBDEE713B583
:10AD48000024CDE90044FFF7ABFF02B010BDFCF7CB
:10AD5800F5BC20BF704720BF70479142F8B503D3B8
:10AD680073219620FCF73CFBB2FA82F33BB1C3F1A6
:10AD7800200499409A4020FA04F4984021434FEA6D
:10AD8800124C93B2040C87B2B1FBFCF50CFB151EF8
:10AD980005FB03F64FEA0E4E0EEB1040864205D92E
:10ADA800361A964294BF01260226AD1B04EB0141D8
:10ADB800280405FB1211B1FBFCF40CFB14116343CE
:10ADC80007EB0147BB4205D9DB1B934294BF012324
:10ADD8000223E41A2043F8BD2DE9F0411D46074639
:10ADE8000C46164652EA050303D1A6219620FCF725
:10ADF800F7FA85B9914204D2FFF7AFFF2946BDE8BB
:10AE0800F08108462946FFF7A8FF0546324638462E
:10AE180006FB1541F0E7B5FA85F80123400803FA67
:10AE280008F3C8F11F0840EAC470A3FB02126108C6
:10AE380003FB0522FFF791FF30FA08F04FF00001FD
:10AE480002D0013861EB010100FB05F3A0FB062CE1
:10AE580006FB0133BF1A634464EB0304B742AC41F9
:10AE6800CDD3013041F10001C9E7F0B5C9B20446BC
:10AE7800A30726460ED14FF0013522F003034D43B8
:10AE8800E718BC420CD1334402F003021A4493423F
:10AE980009D1F0BD002AFCD0013A04F8011BE7E70C
:10AEA80044F8045BEDE703F8011BF0E700280CBF4A
:10AEB8006FF01500002070470020704707230370CB
:10AEC80000207047002070470020704710B500210F
:10AED8000446FDF7ABFC20B92046BDE81040FDF75D
:10AEE8007BBD04F10040FDF777FD404261EB410175
:10AEF80010BD2DE9F0478C468E46089E154604463F
:10AF08001946002B40F0D080724547D9B2FA82F733
:10AF18004FB1C7F120030EFA07FCBD40BC4020FA30
:10AF280003F343EA0C0C4FEA154EA8B2230CBCFB02
:10AF3800FEF80EFB18CC08FB00F943EA0C439945D0
:10AF480028D9EB1808F1FF3204D2994502D9A8F1A3
:10AF580002022B44A3EB0903A4B2B3FBFEFC0EFBD5
:10AF68001C330CFB00F044EA0344A04214D92C190A
:10AF78000CF1FF3304D2A04202D9ACF102032C44F5
:10AF8800241A43EA02401EB1FC4000233460736077
:10AF9800BDE8F0874246DDE76346F1E7002A79D04D
:10AFA800B2FA82F3002B3FD01946C1F1200302FA0E
:10AFB80001F500FA01F42EFA03F20EFA01FE20FA66
:10AFC80003F3AFB243EA0E034FEA154EB2FBFEFCA1
:10AFD8000EFB1C201A0C0CFB07F842EA00429045B5
:10AFE8005AD9AA180CF1FF3004D2904502D9ACF115
:10AFF80002002A44A2EB08029BB2B2FBFEFC0EFB45
:10B008001C220CFB07F743EA02439F4246D9EB1880
:10B018000CF1FF3204D29F4202D9ACF102022B4458
:10B02800DB1B42EA004202E0AEEB020301224FEAD8
:10B03800154EAFB2200CB3FBFEFC0EFB1C330CFB11
:10B0480007F840EA034398452AD9EB180CF1FF307A
:10B0580004D2984502D9ACF102002B44A3EB0803B3
:10B06800A4B2B3FBFEFC0EFB1C330CFB07F744EA4F
:10B078000344A74216D92C190CF1FF3304D2A74276
:10B0880002D9ACF102032C44E41B43EA00400F460A
:10B09800114678E71F2188E76046ABE76246BFE7BD
:10B0A8006046DBE76346EFE7734506D916B900212A
:10B0B80008466DE7C6E9000EF9E7B3FA83F787B9E2
:10B0C800734501D3824207D8841A6EEB030301202B
:10B0D8009C461EB900215BE73846FAE7C6E9004CF2
:10B0E800F8E7C7F1200CBB4000FA07F422FA0CF588
:10B0F80020FA0CF1BA401D432EFA0CF30EFA07FEA3
:10B108004FEA154941EA0E011FFA85FEB3FBF9F82B
:10B1180009FB18300B0C08FB0EFA43EA00439A456A
:10B1280040D9EB1808F1FF3004D29A4502D9A8F1AA
:10B1380002002B44A3EB0A0389B2B3FBF9F809FB1D
:10B14800183308FB0EFE41EA03418E452CD96918D5
:10B1580008F1FF3304D28E4502D9A8F1020329442D
:10B1680043EA0040A1EB0E01A0FB02984145CE4600
:10B17800434602D306D14C4504D20138B9EB020E3E
:10B1880068EB0503002EA5D0B4EB0E0261EB0301BA
:10B1980001FA0CFC22FA07F3F9404CEA0303C6E96A
:10B1A800003197E74046C5E74346D9E7000000006D
:10B1B80000232DE9F04FAE49B9B0AE481A9309F013
:10B1C800C3FC1AA804F0B4F90146002858D11A990A
:10B1D8008D0646D5A84809F0C9FC04F0E5F9A74D45
:10B1E800A74CAE682846336898471F284AD82022BB
:10B1F8000021A3480EF057FE0DF003FBD4E902C668
:10B20800A04AA14B871841F10005C01841F100017F
:10B21800674575EB060638BFC4E90275CDE9152305
:10B22800D4E90423904271EB030338BFC4E9040155
:10B238009649974801F07CFB9649974801F078FBBE
:10B248009649974801F074FB96480EF019F848BBE8
:10B25800954809F08BFC6FF01201944809F074FCD2
:10B268004FE00C0501D59248B5E7080601D591488D
:10B27800B1E719B1904809F067FCAEE78F48AAE733
:10B288008F48F8E720232246002128467668B047F1
:10B298000028ACD1182120460BF05EF8A36998422B
:10B2A800AAD0A4E705214FF420227E480AF087F8A7
:10B2B800011ED2DB00214FF420227A480AF07FF8E1
:10B2C800011ECADB03214FF4202276480AF077F8E2
:10B2D800011EC2DB01214FF4C02272480AF06FF848
:10B2E800011EBADB02214FF4C0226E480AF067F84B
:10B2F800011EB2DB0421734A6A480AF060F8011E95
:10B30800ABDB71480DF0BCFF48B309216F4A6E48AA
:10B318000AF055F8011E02DA6D4809F015FC002400
:10B3280001230DF18905CDF88940AC808DF888306E
:10B3380028AE0821304604F0E3F80528014611DC60
:10B34800644809F001FC002002F090FF0446E0B1D7
:10B358000146614809F0F8FB01200AF0C1FA6FF0D4
:10B368001201D9E72898B388CDF88900AB809DF8F9
:10B378008E30214663F03F0322A88DF88E3003F00B
:10B38800E3F8011EDFDA5548DBE700251A9954482F
:10B3980009F0DAFB05F0E0FA4FF0FF33A946A846BA
:10B3A800A246504ACDE90844CDE90F23CDE9064429
:10B3B80003940DF026FA324BCDE90A019A68002170
:10B3C8001292DA6828A813921A695B690D924022D2
:10B3D8000E930EF068FD44480CF05AF8B0F1000BDB
:10B3E8000DDA5946414809F0AFFB5946404809F083
:10B3F800ABFB002147F612200EF0A9F9D9E705208A
:10B408000AF00DF83B480DF03BFF80B939480DF0C4
:10B418002EFFB0F1000B0ADA1BF1780F07D059465E
:10B42800354809F091FB30480CF062F8DDE7334B02
:10B438001B931BAB2293042323934FF002038DF835
:10B4480090302F4E0122B368304604939DF8903017
:10B4580022A943F002038DF89030049B9F686A2369
:10B46800B847B0F1000B4FDA59462648D9E700BF74
:10B47800FDB801000DB901004CB9010014A201008A
:10B488007816002000E9A43500A493D619BA010063
:10B4980070B2010021BA010068B201002ABA0100A5
:10B4A80060B20100F4A1010034BA010045BA0100FC
:10B4B8005FB9010087B90100A7B90100C4B901004B
:10B4C800EFB9010020000100B4A101001100010042
:10B4D80077BA0100B7BA01002BBB0100F7BA010027
:10B4E8005ABB010060F0FFFFB4A301008CBB010050
:10B4F80043BC0100F4A30100BBBB01001070006451
:10B50800B4A20100E1BB010040F61C400EF03BF97B
:10B5180028238DF867300DF16703229300238DF8F7
:10B5280090301CAB259306230127269307232397E6
:10B538008DF89C309DF89C30022243F002038DF870
:10B548009C30049B3046D3F808B022A96A23D84718
:10B55800B0F1000B02DA5946AE4862E7BDF9700057
:10B56800FCF772FFAC49FCF7C3FF04902890BDF9C3
:10B578007200FCF769FFA849FCF7BAFF29908346D7
:10B58800BDF97400FCF760FFA349FCF7B1FF0A9B03
:10B59800129A059093420B9B139A2A9093418DF827
:10B5A800AC703AD30C219D4809F024FF002840F0E4
:10B5B80020810C21994822AA09F01FFF074600287C
:10B5C80040F017812398FCF73FFF9549FDF744F8B1
:10B5D80006462298FCF738FF01463046FCF780FE05
:10B5E8009049FCF785FF4FF047410646FDF71EF9E5
:10B5F800002840F0FB8030468B49FDF735F90028DC
:10B6080000F0F2808848FDF739F900B2B7FA87F7F9
:10B618007F09ADF8B0008DF8B2700DF1B603009354
:10B628005946059A04982DAB01F0A4F8002C2CD0AB
:10B6380041460498FCF752FE494604465846FCF732
:10B648004DFE294606460598FCF748FE2146054664
:10B658002046FCF74DFF314604463046FCF748FFCC
:10B6680001462046FCF73CFE294604462846FCF7DE
:10B678003FFF01462046FCF733FE0EF0A1FC6B4964
:10B68800FDF7F2F8041E18BF0124BDF9B430684A6A
:10B6980011931199B2F902308DF8B840CB1A002BEA
:10B6A800B8BF5B42142B00F3A880BDF9B630B2F9DD
:10B6B80004209B1A002BB8BF5B42142BD4BF002375
:10B6C80001238DF8B93009F09BFE0A9B0D9A0546B7
:10B6D80093420B9B0E9A0E469341CDE9300180F0C0
:10B6E8008E80BDF8B830002B00F08C800F9BC21AFA
:10B6F800109B61EB0303B2F57A6F73F10003ACBFE3
:10B708004FF001084FF000084A4A4B4B12688DF879
:10B71800BA8003EBC20153F832204B6852EA0301A6
:10B7280072D04EF66021AA1A66EB03038A4273F1BF
:10B738000003B4BF0123002399460C930C9B8DF89A
:10B74800BB30B8F1000F14D0B9F1000F11D10120AE
:10B7580000F0F4FF0721314809F04CFE071E75DAA6
:10B76800484600F0EBFFADF8DC90012333978DF8E5
:10B77800C83032480BF0BCFEB8F1000F40F03681FB
:10B78800002C00F05282DDE90832134300F09E825B
:10B798000023A246CDE9063303930A9B129A9342EB
:10B7A8000B9B139A9341C0F01C839DF8B2400CB1D7
:10B7B800BDF9B04022480DF063FD002840F0B98281
:10B7C8001F480DF054FD011E80F2B38211F1780F6D
:10B7D80000F0AF821B4809F0B7F91B4809F0C6F919
:10B7E800002318461A46CCE230460CE74FF0474093
:10B7F80009E700206FF0040708E7012361E74FF02D
:10B80800010881E798467FE74FF00009CDF83090AE
:10B8180094E700BF1ABC0100E7D01C3AF4A301006A
:10B82800002474490000C84200FEFF469A99993ED8
:10B8380078160020E01D002020160020B4A3010087
:10B84800D4A30100A2BC0100CCBC010004211EAAA3
:10B858005D4809F0D2FD052120AA5B4809F0CDFD1D
:10B8680022AA0621584809F0C8FD1F98FCF7ECFDEC
:10B878005649FCF7F1FE07461E98FCF7E5FD014620
:10B888003846FCF72DFD5249FCF732FE34901790EC
:10B898002198FCF7D9FD4D49FCF7DEFE07462098B4
:10B8A800FCF7D2FD01463846FCF71AFD4849FCF77B
:10B8B8001FFE359014902398FCF7C6FD4349FCF70A
:10B8C800CBFE07462298FCF7BFFD01463846FCF739
:10B8D80007FD3F49FCF70CFE07463690484600F046
:10B8E8002DFF179B19461846FCF702FE149A81464D
:10B8F80011461046FCF7FCFD01464846FCF7F0FCF3
:10B90800394681463846FCF7F3FD01464846FCF7C0
:10B91800E7FC0EF055FB2F49FCF7EAFD00218146B4
:10B92800FCF784FF002847D148462B49FCF79CFFC9
:10B9380000283FD02848FCF7C7FFADF8DC0009F025
:10B948005FFD264B81461491D3E9000150EA0103BB
:10B9580029D0149BB9EB000063EB0101FCF78AFDC9
:10B968001C49FCF779FE3946FCF7C2FD1C49FCF777
:10B97800BFFD1C4B0746B3F90600FCF765FD014601
:10B988003846FCF7ADFC4FF047410746FCF74EFF41
:10B99800B0B938461449FCF767FF78B11248FCF78C
:10B9A8006DFF104BD8800D4B149A0027C3F80090F8
:10B9B8005A60DAE64846BEE70020BCE73846EEE7BC
:10B9C8004FF04740EBE700BFF4A30100002474499F
:10B9D800E12E654200007A4400FF7F477016002080
:10B9E800000020417816002000FEFF460C9B002B2B
:10B9F8007FF4C6AE0A9B0D9A93420B9B0E9A934115
:10BA080080F0F880BC4BBD4A002C18BF1346224674
:10BA1800214628A800F00CFF9DF8C830002B00F044
:10BA2800EB80DDF8CC900499BDF8DC800846FCF783
:10BA38005FFD594607465846FCF75AFD0146384609
:10BA4800FCF74EFC059907460846FCF751FD0146F0
:10BA58003846FCF745FC0EF0B3FAA949FCF748FD57
:10BA680000210746FCF7E2FE002840F0CA8038466D
:10BA7800A449FCF7F9FE002800F0C180A148FCF7B2
:10BA880023FF87B23B46424649469F4809F05CF887
:10BA98009E4A049813780133DBB213709C4A97715D
:10BAA80082F809803F0A4FEA182882F80A80137141
:10BAB800D771FCF785F88CA3D3E90023FCF7D8F8F5
:10BAC8000022944B80468946FCF744FB002840F04E
:10BAD8009D8087A3D3E9002340464946FCF758FBDD
:10BAE800002800F0908082A1D1E90001FCF75AFB00
:10BAF800874BC0F307221873000C9873000AD87399
:10BB08005A735846FCF75CF877A3D3E90023FCF78F
:10BB1800AFF800227F4B80468946FCF71BFB0028C4
:10BB28007AD173A3D3E9002340464946FCF730FB9A
:10BB380000286ED06EA1D1E90001FCF733FB744BED
:10BB4800C0F307225874000CD874000A18759A7448
:10BB58000598FCF735F864A3D3E90023FCF788F8C7
:10BB680000226C4B80468946FCF7F4FA002859D12C
:10BB78005FA3D3E9002340464946FCF709FB0028A8
:10BB88004DD05BA1D1E90001FCF70CFB604BC0F381
:10BB980007229875000C1876000A587602215E482C
:10BBA800DA7500F0A1FD5D4A5D491368574F01EB56
:10BBB800C30041F833500A2101334660B3FBF1F06A
:10BBC80001FB10331360119B0D9A7B80BDF8B630D2
:10BBD800BB800A9B93420B9B0E9A934107D30CF0B0
:10BBE80010FE169BC01841F10001C7E90401CDE918
:10BBF8000F56C5E54B4B0AE76FF0040913E73846C3
:10BC08003DE700203BE7404649466FE700204149B1
:10BC18006CE74046494690E700203E498DE740469C
:10BC28004946B1E700203B49AEE7BAF1000F3FF4BF
:10BC3800B4ADDDE90632134352D0039B002B75D116
:10BC4800069BE91A66EB020342F21072914273F105
:10BC580000030FDADDE9083213433FF49EAD089B79
:10BC6800ED1A47F2305366EB02069D4276F1000664
:10BC7800FFF693AD039C294D294E00222A4B11460D
:10BC880028A800F0D5FD09F0BBFB2B68013406EBB2
:10BC9800C302C2E900010A220133B3FBF2F102FB3D
:10BCA8001133032C2B6004D040F6B83009F0B7FBF1
:10BCB800E3E709F0A5FB53464FF0000ACDE90F0171
:10BCC800CDE908AACDE906AA039366E5089BA24632
:10BCD8000693099B0996CDE90735002303935CE594
:10BCE800CDE9065659E500BF0000000080842E41CA
:10BCF8000000C0FFFFFFDF41F0B80100F6B8010007
:10BD080000007A4400FF7F4767BC010078160020D6
:10BD1800330900200000E0C1B8040020E01D002025
:10BD280020160020E6B801009CBC0100DDF80CA03C
:10BD380033E54E480DF0A4FA00283FF44EAD362105
:10BD48004A4809F057FB0028FFF647AD3621474817
:10BD580022AA09F052FB0028FFF63FAD229B239848
:10BD6800C3EB431203EB82034FF47A7290FBF2F0B9
:10BD780041F2670200EBC30080B2904203464FDDF8
:10BD880064223B4E0E2AF0724FEA102030738CBFAB
:10BD980000200120374DC4F307272978B2710131FB
:10BDA800C9B231713472B0737772642694FBF6F0BD
:10BDB80006FB104424B2002CB8BF6442A4B2297018
:10BDC800CDE900042C4808F0BFFE03212B4800F001
:10BDD8008BFC0CF016FD159BC01841F10001C5E95C
:10BDE8000201182123480AF0B7FA224B9861244C23
:10BDF800A56820462B6898471F2805D920230021CD
:10BE08002046AD681B4AA84747F6122000210DF0CE
:10BE18009EFCD9460124059DDDF81080FFF7C9BABC
:10BE280040F6B832904201DC0022AAE70022154D04
:10BE380029681746884202F1010212DCAE68B04256
:10BE48000FDB104D891B05EBC20205EBC705127904
:10BE58002D79871BAD1A7D4395FBF1F52A44D2B2A3
:10BE68008FE7062A05F10805E2D1DDE7D4A3010032
:10BE78004D0900207816002007BD0100C8040020E5
:10BE880014A2010028B2010070B5144606460846FF
:10BE9800FCF7DAFA2146FCF72BFBFFF717F80EA39D
:10BEA800D3E900230A4D80FB054520462946FCF7C7
:10BEB8002BFD0023074A306029462046FCF724FD65
:10BEC8000023044AFCF720FD726070BDAFF30080C8
:10BED8003AA3950040420F000010A5D4E8000000E6
:10BEE80070B5144606460846FCF7AEFA2146FCF73C
:10BEF800FFFA1349FCF7B0FBFEF7E8FF0CA3D3E900
:10BF08000023104D80FB054520462946FCF7FCFC24
:10BF180009A3D3E90023306029462046FCF7F4FC46
:10BF28000023094AFCF7F0FC726070BDAFF3008093
:10BF380000209BF35E10000080A8120100000000A2
:10BF480000002041D8EF2F0040420F000000000001
:10BF5800032970B504460D4604D0072949D06FF06F
:10BF6800850028E0002A38D0072AF8D158681E68CA
:10BF78000346514AC117C6FB0231012B71F1000279
:10BF8800C0F28D804D48181841F1000146A3D3E94D
:10BF98000023FCF7B9FC022826690DD010280DD023
:10BFA80004280DD008287AD1294620460CF01AF822
:10BFB80040B16FF0040070BD0025F5E70125F3E7F7
:10BFC8000225F1E73D203E4B33F8151081FB0001B7
:10BFD800FCF750FAF0600020EDE7188804F020F92B
:10BFE800011E5CDB2046C9B204F048F90028F2D0F3
:10BFF800DFE7002A49D0072AB1D1B4255A68196861
:10C008002D4BD017C1FB0320A2FB0531012A05FBEC
:10C01800001170F1000028DB2A48181841F10001CE
:10C0280023A3D3E90023FCF76FFCFA28266924D060
:10C03800B0F5FA7F23D0B0F57A7F22D0B0F5FA6F49
:10C0480021D07D282BD10425294620460BF0DAFF84
:10C058000028AED141F217101B4B33F8151081FBA5
:10C068000001FCF707FAF061B5E71848181861F104
:10C0780000010FA3D3E90023D5E70025E4E7012554
:10C08800E2E70225E0E70325DEE7188804F0C8F8B0
:10C09800011E04DB2046C9B204F0D2F8A6E76FF00F
:10C0A800150088E7AFF300803AA395000000000070
:10C0B800D8EF2F000000000040420F009DD14A0039
:10C0C800F2B70100ECF71700E8B701001408E8FF21
:10C0D80013B500246FF009034FF480621449154822
:10C0E800009406F031FF144912480DF099FA1349EB
:10C0F80013480DF03EFA224604211C2000F0F0FF00
:10C108000122104BD3E8EF1FC3E8E02F0028F9D134
:10C1180005A3D3E900230C49064806F055FF20463D
:10C1280002B010BDAFF30080389C1C000000000076
:10C1380058310020981A00203BBE0100F588010004
:10C14800E820002080200020F803002000000000E4
:10C1580010B50B4BD3E8AF3F53B1F9F7A9FD06A3D0
:10C16800D3E90023BDE810400649074806F02CBF74
:10C1780010BD00BFAFF30080389C1C000000000019
:10C1880080200020F8030020981A002000000000FA
:10C198002DE9F04721F00042B34F88B00446BA4277
:10C1A8000D464FEAD17632D9B04FBA4212D9C1F30F
:10C1B80013030246034305D00B46FBF7A3FB0446D3
:10C1C8000D4602E0002E40F01F812046294608B0A7
:10C1D800BDE8F0878EA3D3E90023FBF7D9FF074614
:10C1E80028B1002008B0BDE8F04708F0C7BF8AA30F
:10C1F800D3E9002320462946FBF7ACFF002800F0CE
:10C208008580384608B0BDE8F0470DF02BBF984B45
:10C218009A4240F2A780974B9A4277D8964BF400FF
:10C2280086F0010A03EBC603AAEB060AD3E900234A
:10C23800FBF766FB914B804689462344D3E90034DB
:10C24800CDE90034DDE9002340464946FBF758FBB9
:10C2580004460D4622462B4620462946FBF708FD94
:10C2680006460F466EA3D3E90023FBF701FD6EA334
:10C27800D3E90023FBF744FB32463B46FBF7F8FCC7
:10C288006BA3D3E90023FBF73DFB32463B46FBF7A4
:10C29800EFFC69A3D3E90023FBF732FB32463B46A8
:10C2A800FBF7E6FC66A3D3E90023FBF72BFB32463A
:10C2B8003B46FBF7DDFC02460B4620462946FBF7CA
:10C2C8001FFB02460B4606460F4620462946FBF74B
:10C2D800CFFCCDE90201BAF1000F5AD100224FF08C
:10C2E800804330463946FBF70BFB02460B46DDE937
:10C2F8000201FBF7E7FD22462B46FBF701FB02464E
:10C308000B4600205E49FBF7FBFA58E75D4B2046D9
:10C31800294603EBC6064CA3D3E90023FBF7A8FC88
:10C32800D6E90023FBF7EEFAFBF73CFF8246FBF762
:10C3380035FC06460F4646A3D3E90023FBF798FCD5
:10C3480002460B4620462946FBF7DAFA804689461C
:10C358003046394640A3D3E90023FBF789FCCDE9F1
:10C3680000016FE7484B9A420ED83DA3D3E900235A
:10C37800FBF7C8FA0022424BFBF70AFF38B100224C
:10C388003F4B2046294618E74FF0000A62E78246ED
:10C3980060E732463B4600204FF08041FBF7B0FA99
:10C3A80002460B46DDE90201FBF78CFD02460B460F
:10C3B800DDE90001FBF7A4FA42464B46FBF7A0FA79
:10C3C80002460B4600202E49FBF79AFA0B460C460C
:10C3D8006FF47F7102468A4508DBCDE90423DDE965
:10C3E800042304EB0A5314461D46EEE60AF57A7A4E
:10C3F800CDE906230022DDE9060103EB0A514FF0DF
:10C40800B873FBF735FCDAE600240025DDE600BF4B
:10C41800EF39FAFE422E864051302DD5104987C09B
:10C42800D0A4BE726937663EF16BD2C541BDBB3E32
:10C438002CDE25AF6A56113F93BDBE166CC1663F10
:10C448003E5555555555C53FFE822B654715F73F57
:10C458000000E0FE422EE63F763C7935EF39EA3DB2
:10C468009C7500883CE4377E412E8640FFFFEF7FB5
:10C47800422ED63FB1A2F03F08B20100F8B1010048
:10C488000000F03F18B20100FFFFEF3D0000000080
:10C4980030F0004201462DE9F84F034604D101204F
:10C4A800BDE8F84F08F076BE002803DABDE8F84F7B
:10C4B80008F078BEB0F1FF4F03DBFBF711FFBDE8D2
:10C4C800F88FB0F5000F35DA4FF09841FCF710F807
:10C4D8006FF018020346C3F31604DE15764B4FF0CF
:10C4E8007E517F3E2344164403F4000006EBD356E6
:10C4F80080F07E502043FBF7F1FE04F10F026F4BF2
:10C5080005461340002B3ED10021FCF785F998B170
:10C51800002E00F0C8803046FBF796FF68490546B4
:10C52800FBF7E6FF044667492846FBF7E1FF0146AB
:10C538002046C2E70022CEE75DA1D1E90001FBF762
:10C5480079FE2946FBF7D4FF01464FF07C50FBF7F4
:10C55800C5FE044629462846FBF7CAFF0146204681
:10C56800FBF7C6FF04460EB921466FE03046FBF7DD
:10C578006BFF07465249FBF7BBFF52490646384650
:10C58800FBF7B6FF72E04FF08041DFF83CB1FBF7F4
:10C59800A7FE01462846A344FCF75EF881463046CC
:10C5A800FBF752FF494680464846FBF7A1FF014684
:10C5B8008246FBF79DFF45490746FBF799FF44492B
:10C5C800FBF78EFE3946FBF793FF4249FBF788FEDF
:10C5D8003946FBF78DFF4049FBF782FE5146FBF7D2
:10C5E80087FF3E4982463846FBF782FF3C49FBF706
:10C5F80077FE3946FBF77CFF3A49FBF771FE39466F
:10C60800FBF776FF01465046FBF76AFEC4F5571361
:10C61800074603F5227343EA0B03002B30DD4FF086
:10C628007C512846FBF764FF2946FBF761FF01466A
:10C6380004463846FBF754FE4946FBF759FF0746C0
:10C6480046B901462046FBF749FE01462846FBF756
:10C6580045FE34E71A494046FBF74AFF19490646A2
:10C668004046FBF745FF3946FBF73AFE01462046B0
:10C67800FBF734FE2946FBF731FE01463046E6E774
:10C6880001462846FBF72AFE4946FBF731FF0446D8
:10C69800002E3FF469AF0A494046FBF729FF0949D4
:10C6A800064640466CE7002009E700BFAFF300806C
:10C6B800555555555555D53F20FB4A00F0FF7F008D
:10C6C8008071313FD1F71737305CCFFF9788173E1D
:10C6D80025333A3E2549923EABAA2A3F4FD01C3E0D
:10C6E800298E633ECDCCCC3EF0B5114D89B003AC5C
:10C6F80006460F460FCD0FC42B6831462360002332
:10C708003A46009303A802F0A5F8014620B109486B
:10C7180008F01AFA09B0F0BD4FF42F7008F07FFE48
:10C7280002F008FA01460028F4D00348F0E700BFF9
:10C73800E0AE010012B8010038B8010037B5044670
:10C7480088B10C22094BCDE90023094883681D688C
:10C758001DB16B4600220721A84714B1C82008F074
:10C768005EFE03B030BD02460346ECE720A1070099
:10C77800F4A301002DE9F0410546084614461E467B
:10C788000F46FBF7B5FE214680462046FBF7B0FE74
:10C7980001464046FBF7A4FD0DF012FC014605F1E9
:10C7A800004008F045FC21460546384608F040FCA4
:10C7B8001C49FBF79DFE1B4907462846FBF798FED8
:10C7C8001949FBF795FE4FF047410446FCF72EF850
:10C7D80000BB20461549FCF747F8C8B11348FCF7D9
:10C7E8004DF8114930803846FBF782FE4FF047413B
:10C7F8000446FCF71BF890B920460C49FCF734F8BE
:10C8080058B10A48FCF73AF8069B1880BDE8F08151
:10C818002046E4E74FF04740E1E72046F2E74FF0D3
:10C828004740EFE7E12E65420000204100FEFF4649
:10C838002DE9F0470F4690464FF0000A88B01D4694
:10C848000DF11A030093344E8268416806AB006804
:10C85800FFF790FF3378DFF8C49031480133DBB23B
:10C868000469337089F8043089F8068089F80870FB
:10C8780089F80AA089F80CA0836807A95B6898471B
:10C88800011E41D045DA274808F05EF90A22BDF9B1
:10C898001800BDF91A40C0F3072389F81130C4F312
:10C8A800072389F81430B6F9063094FBF2F189F8B9
:10C8B8001630C3F3072389F8173090FBF2F389F891
:10C8C800134002FB114489F8100002FB130024B244
:10C8D800002C00B2B8BF6442A4B2002889F80EA0A8
:10C8E800B8BF4042CDE90114CDE9037880B2009089
:10C8F800294632780C4808F027F902210B4808B07D
:10C90800BDE8F047FFF7F0BE236807995940C1F327
:10C9180040215FFA81FAB9E7781600205C09002007
:10C92800B4A101005DB801007FB80100E004002057
:10C9380038B504460D4600680CF0A2FC60B1002230
:10C948002179206808F03BFD021E05DA2946BDE87A
:10C958003840024808F0F8B838BD00BFBFB8010039
:10C9680080B505460E461746984606F049FE03462A
:10C9780000F0AAFC0446DFF81890424649F8003057
:10C9880039463046A84754F8090000F037FC00BF84
:10C99800080000002DE9F047058B044628071746D4
:10C9A8000CD501290CBF45F0100545F0200525835D
:10C9B80087F31188BFF36F8FBDE8F087022905F070
:10C9C800070540F09480204608F09EFF052864D8AB
:10C9D80001A353F820F000BFB9C90000F7CA00004E
:10C9E800A3CA000065CA00007FCA000091CA0000FF
:10C9F80001F007035A1F012A1FD8002221F007015E
:10CA0800062BD4F8008089B2C4E9002209D1434634
:10CA180003E0628B013262831B68002BF9D141F07D
:10CA280002012046218308F06FFF4FF0000900281B
:10CA38006DD041F02001218369E0042B0AD121F057
:10CA4800070189B22046218308F05EFF10B141F04A
:10CA5800200121834FF00008C14658E02369D3F82C
:10CA68000090238B23F0070343F006034FF00008E0
:10CA7800238346464BE02369D3F80490238B23F0A5
:10CA8800070343F00403F1E72369D3F80890238BE5
:10CA980023F0070343F00503E8E74FF00008C14619
:10CAA800E7E7012243F00803238387F31188BFF3E4
:10CAB8006F8F002A3BD1B8F1000F4AD1B9F1000FAE
:10CAC80002D020462C49C847EFF31187402383F34F
:10CAD8001288BFF36F8F238B23F008039BB2238345
:10CAE800D9063FD523F01002228303F007056669B3
:10CAF800218B002EBFF67CAF00239946D4F8008026
:10CB080021F00701C4E9003341F001012183238B9F
:10CB180003F0070AAA4502D0A268002AC1D1B8F1D9
:10CB2800000F02D1B9F1000FDAD00022BAE7A168EC
:10CB38000029C0D00D680029BDD033465246204692
:10CB48004F68B8471DB12B6829461D46F3E72B46A9
:10CB5800FAE74146334652462046D8F8008008F0A6
:10CB6800FFFEA8E79A067FF523AF23F02002228371
:10CB780003F0070527E700BF95590100014B036043
:10CB88000020704778B20100024B187880F001004D
:10CB9800704700BFCB250020F8B5C5690646002DB3
:10CBA8005ED00521284609F004F800285BD13046FC
:10CBB80008F0A3FF0446002857D10821F06908F0BF
:10CBC800F8FFE0B1F569EFF31187402383F312888A
:10CBD800BFF36F8F297931B93046AB689847041E87
:10CBE80007DB01232B712B6843F020032B60002304
:10CBF800EB6087F31188BFF36F8F2046F8BDFFF70E
:10CC0800C3FF38B94FF0FF324FF0FF3305F118007A
:10CC180008F0D5FF6B692BB915496E6105F138002D
:10CC28000CF0D9FC2979C9B9AB6868699847041E22
:10CC38000BDB01232B710023EB60D5E8EF3F43F0BA
:10CC48002003C5E8E23F002AF7D1FFF79DFF00283F
:10CC5800D3D105F1180008F0B4FFCEE70024EAE7C5
:10CC68006FF08504C9E70024C7E76FF00F04C4E735
:10CC7800CD5E010008B50348034A0021121A09F0E5
:10CC880080F908BDC00A0020D0250020074808B553
:10CC9800074A0849121A09F076F9BDE8084006481B
:10CCA800064A0749121A09F06EB900BF6000002051
:10CCB800C00A002024BF010060000020600000209E
:10CCC80024BF010030BFFFF7FDBF00BF2DE9F041D1
:10CCD80005460B4EDFF82C80324606EB0807CC1BC6
:10CCE800204609490DF0D2F8A01942460021083C17
:10CCF8000DF0D9F8AC6707F10800BDE8F08100BF76
:10CD08000000000004000000E0AE0100154B9A6A24
:10CD180012F0007F9A6A14BF1E201D2012F0807F37
:10CD28009A6A18BF1F2012F4801F9A6A18BF02203F
:10CD380012F4002F9A6A18BF212012F4802F9A6AE1
:10CD480018BF222012F4003F9A6A18BF232012F459
:10CD5800803F9A6A18BF24206FEA02426FEA1242A3
:10CD68009A62704700ED00E010B5184B0246986AC9
:10CD78009C6A10F4805F14BF1720162014F4006F0B
:10CD88009C6A18BF1820A40508D5986A000404D521
:10CD98001AB19A6A22F400429A6219200B4B9A6AD5
:10CDA80012F4806F9A6A18BF1A20D2050CD49B6AB5
:10CDB80013F4005F18BF1C20044A936A43F47F43AE
:10CDC800936200230B7010BD1B20F5E700ED00E017
:10CDD80010B51C4B0246986A9C6A10F0100F14BFDD
:10CDE8001120102014F0080F9C6A18BF1220A40705
:10CDF80009D5586B986A000604D51AB19A6A22F0C8
:10CE080080029A6213200F4B9A6A12F0010F9A6AF5
:10CE180018BF142012F0200F9A6A18BF1520D406E4
:10CE280058BF9B6A074B9A6A920642BF5A6A22F415
:10CE380000525A629A6A42F0FF029A6200230B700B
:10CE480010BD00BF00ED00E0F0B5494B04465B683B
:10CE580000258BB0C3F3080385F31188BFF36F8FE8
:10CE680002F07F40B0F17F4F11D102F00C0008288A
:10CE78000DD010074CBF0C4601250022033B8DF84E
:10CE88000720032B05D8DFE803F024676B642C46E2
:10CE9800F3E700239DF80720CAB902AE04F1200782
:10CEA800324620686168083403C2BC421646F7D18E
:10CEB800099A002D58D0C2F3080121B96FEA52220D
:10CEC8006FEA42220992184602A909F05EF80BB0EF
:10CED800F0BD274BDA6A9107DBD4DA6A002AD8DB7F
:10CEE800DA6A5200D5D55A69A16942F480725A614A
:10CEF800BFF34F8FBFF36F8F31F8022C596921F4BC
:10CF080080715961BFF34F8FBFF36F8F02F47F4376
:10CF1800B3F55F4F04D1D2B2022A01D12368B9E731
:10CF2800134B9A6AD2B232B101200DF10701FFF713
:10CF38004FFF0346AEE79A6A12F47F4F05D00120EF
:10CF48000DF10701FFF710FFF3E79B6AB3F5803F88
:10CF58009FD3FFF7DBFEECE700200DF10701E6E7C2
:10CF680000200DF10701EDE76FF30802AAE700BF03
:10CF780000ED00E0064B5A6942F010025A615A6906
:10CF880042F480625A615A6922F008025A61704775
:10CF980000ED00E0EFF30880EFF3098101B5724678
:10CFA800FFF752FF01BD00BF002080F31488BFF3D4
:10CFB8006F8F002080F30A8880F30B880F4880F376
:10CFC800088804F0A7F900200D490860BFF34F8FC7
:10CFD80000F02CF8402080F311880A484FF40061D3
:10CFE800401880F30988EFF314800221084380F386
:10CFF8001488BFF36F8F00F09BF80000984E002054
:10D0080094ED00E058350020002318460649D1F871
:10D018009020C2F30722934200DB7047C1F8983092
:10D02800C1F8A0000133F6E700ED00E010B572B6D4
:10D03800002484F31388FFF7E7FF23464FF0FF30FF
:10D048000C4A03F120010133102B42F82100F8D1DA
:10D0580000234FF0FF30074A03F160010133102B22
:10D0680042F82100F8D162B6BFF34F8FBFF36F8F3C
:10D0780010BD00BF00E100E01EF0040F0CBFEFF38D
:10D088000880EFF30980816911F8021C0229FFD09A
:10D0980001B5724608F07FFF01BD00BF00B200284D
:10D0A80007DB01234109034A00F01F00834042F8CF
:10D0B8002130704700E100E000B200280CDB0122BB
:10D0C8000649430900F01F008240203341F823201D
:10D0D800BFF34F8FBFF36F8F704700BF00E100E0D1
:10D0E800D30748BF002100B258BF02310028ACBFA7
:10D0F80000F16040064A4FEA4113DBB2ABBF00F5CE
:10D10800614000F00F0080F800331354704700BFEF
:10D1180014ED00E0044B054A23F07F039360BFF34E
:10D128004F8FBFF36F8F70470000000000ED00E0E5
:10D1380008B5FFF7EFFF074AD2F8883023F47003E9
:10D14800C2F88830FFF796FDFFF7A0FD00F09CF8C5
:10D1580005F0F4FB00ED00E042F8203C009B0B4991
:10D1680042F81C3C019B21F0010142F8183C029B4B
:10D1780042F8081C42F8143C4FF0807342F8043C13
:10D188000023203A0265C367704700BF69C90000E1
:10D1980000B50D4B15469860826F0C4B0E461A6011
:10D1A800836E83F30B882C4686F309880020044B92
:10D1B80098472046002100220023024C2047000007
:10D1C800CB5F010069C900003C210020E41D00205C
:10D1D8001022014B1A61704700ED00E0054B5A69B7
:10D1E8009B689A421FBF044A536843F080535360B8
:10D1F800704700BF3C21002000ED00E0084B9B6811
:10D2080083420BD1EFF3058343B1064B5A6842F0D2
:10D2180080525A605A6A22F400425A6206F0F6B9FD
:10D228003C21002000ED00E014498A684FF03000EE
:10D238001044EFF3098C80E8F01F402080F3128837
:10D24800BFF36F8F0E4F4FF000664A698A603E60E9
:10D25800906F0C4C2060D06F0023D36780F3118847
:10D2680002F1300090E8F01F8CF3098802F1000009
:10D2780004B508F09FFEBDE8044070473C2100203B
:10D2880004ED00E0E41D0020002340210448C218FA
:10D298000133B3F5917F82F80013F8D1704700BFCE
:10D2A80000E100E008B5EFF30583064A103B02EB06
:10D2B800C30152F8330049688847BDE80840FFF7C2
:10D2C8008DBF00BF34A4010001480068704700000A
:10D2D800E41D00201FB50121094B0A4A0A4800F045
:10D2E800F7F80023064A0393084B0121019301A88C
:10D2F800D31A029300F0F6F805B05DF804FB00BFFE
:10D3080000EC07200000002078B20100C00A0020CD
:10D318000A7A0B6810B562F304031C46CB685209FD
:10D3280023F01F0343EA4203044A43F00103C2F80F
:10D338009800C2F89C40C2F8A03010BD00ED00E093
:10D3480010B5074BD3F89030C3F30723013B98423D
:10D3580002D8FFF7DDFF10BD6FF01500FBE700BF37
:10D3680000ED00E02DE9F04F0F46144606464FF059
:10D3780000084B4D85B0B84580F28E80D6F80490F1
:10D38800B9F1000F35D0B9F11F0F40F2838019F0C1
:10D398001F0F7FD1D6F800A01AF01F0F7AD1504680
:10D3A80008F032FE834609EB0A00013808F02CFE2B
:10D3B80083456FD11BF1160F6CD05C456ADDC5F84B
:10D3C80098B0D5F89C10C5F898B0D5F8A03021F0E1
:10D3D8001F0143F01F0AD6E900321A44994202F1AC
:10D3E800FF391BD1CA4508D131465FFA8BF008F0E6
:10D3F80014FE08F101080C36BDE73146C5F898B0AF
:10D40800D5F89C30E0B263F30402C5F89C2008F01C
:10D4180004FE10F1160F3DD0441CEAE7C5F898B099
:10D42800D5F8A020013B23F01F0302F01F0213438D
:10D43800CA453146E0B2C5F8A030E8D008F0EDFDA5
:10D4480010F1160F26D0C5F898B0D5F89C209DF895
:10D4580008300AF1FF3A62F304038DF80830D5F872
:10D46800A0309DF808205B0863F347128DF8082068
:10D47800D6E900321344009323F01F035344A3EB6F
:10D488000903013023F01F036946C0B20393FFF775
:10D4980057FFBEE76FF01504204605B0BDE8F08FD2
:10D4A80000ED00E00522044BC3F89420BFF34F8F32
:10D4B800BFF36F8F704700BF00ED00E0BFF35F8FD1
:10D4C8000022024BC3F89420704700BF00ED00E033
:10D4D80010B5034C2278FFF745FF207010BD00BF40
:10D4E800F82400202DE9F74F294D8A4606464FF0CB
:10D4F8000008AB46274FD0451BDAD6F80490B9F19F
:10D50800000F3FD031680846019108F07DFD019970
:10D51800044609EB0100013808F076FD84424FF01B
:10D5280014021D4B08D002FB08F36FF015024BF8EC
:10D53800032003B0BDE8F08F14F1160F2C60F8D06B
:10D548001978A142F5DD02FB08B0C7F89840C7F882
:10D558009840D7F89C4000F10801007B64F3040070
:10D568000871D7F8A0000C79400860F347140C71D3
:10D57800D7F89C1021F01F016960D7F8A01021F09E
:10D588001F01296108F1010814350C36B3E700BF03
:10D59800E81D002000ED00E0F8240020F0B5534914
:10D5A800534DD1F890302C68C3F307239C4287B0C1
:10D5B80000F299800020FFF781FF4E4BC1F8C03080
:10D5C800844216D14C4D01A82C70FFF7D7FA0026DB
:10D5D80007464A4CB74213D100202B784349D1F86B
:10D5E8009020C2F30722934277DBFFF75BFF00200E
:10D5F80046E0696801EB0011FFF78AFE0130DFE7BA
:10D608000199300101EB0613DA682240B2F1807FFC
:10D6180052D00AD8B2F5001F34D0B2F5800F3ED0F0
:10D62800B2F5801F12D00136D4E7B2F1006F43D0B3
:10D63800B2F1805FF7D15A689B680958013B22F024
:10D648001F00034423F01F03012032E05A689B683F
:10D658000958013B22F01F0003440120844623F0AF
:10D668001F0340EA4C10CDE902218DF8100002A9F1
:10D6780028780593FFF764FE00282ADA6FF0150072
:10D6880007B0F0BD5A689B680958013B22F01F009B
:10D6980003444FF0020C012023F01F03E1E75A680E
:10D6A8009B680958013B22F01F000344022023F025
:10D6B8001F034FF0000CD4E75A689B680958013BD8
:10D6C80022F01F0003444FF0030C012023F01F0336
:10D6D800C7E72B7801332B70A5E7C1F89830C1F85C
:10D6E800A00001337BE74FF0FF30C9E700ED00E011
:10D6F80084B20100AAFF4400F82400200000F0FFD3
:10D7080008B5024B1B689847002008BDFC1D002087
:10D7180008B50549054A21F007010548521A08F0DD
:10D728008DF8002008BD00BFCF5C002000EC07206A
:10D73800001E002070B541690446867A0A4D59B129
:10D74800437ADB0706D4242303FB0653DB691B68F3
:10D758009B689847002363612420214600FB0650FC
:10D76800BDE870400BF074BE300A00202422024B42
:10D7780002FB0030704700BF300A00202421827A63
:10D78800054B01FB02331A6A1B7D801A1B3323F0F9
:10D798000303B0FBF3F07047300A002038B52424A7
:10D7A800827A064B04FB0233DB69D3E901240C605F
:10D7B8001568FFF7E3FF04FB005038BD300A00206E
:10D7C8002DE9F04385B00546684690461C4603910E
:10D7D8000CF0AFF8DDE90067EFF31189402383F31C
:10D7E8001288BFF36F8F6B8A002B41D02A8A9A4226
:10D7F80025D900220023284605F0DAF90446F0B1BD
:10D8080089F31188BFF36F8F039B002B41D03246F9
:10D818003B4668460CF0B2F82421A27A254B2046F4
:10D8280001FB0233DB6903A91B681D68DDE90023DE
:10D83800A847606170BB2046FFF77CFF24E0698A37
:10D848004B1E6B8289F31188BFF36F8F2B7D2A8A59
:10D858002C6A1B3323F00303521A02FB0344154BB3
:10D86800154AEB1A9B105343A3722B7DE372CBE747
:10D8780089F31188BFF36F8F23464246284605F087
:10D8880097F904460028BFD10024204605B0BDE81A
:10D89800F0836361012300252381039B294663826A
:10D8A800E27A656004F118000CF0FDFA63692582DC
:10D8B800E360EAE7300A0020398EE33870B52425A2
:10D8C8000C4C00B970BD037A4668002BFAD0013BB6
:10D8D800DBB20372002BF5D1C3604360837A05FB8A
:10D8E80003439B6913B198473046EAE7FFF722FFE5
:10D8F800FAE700BF300A002008B5244A244B1A6012
:10D9080001F04EF94FF47A612248D0F82436C3F377
:10D918000802C3F309434B4382F480721E498832DC
:10D9280001FB02334FF4FA215B00B3FBF1F201FB78
:10D9380012331A49B3F57A3F28BF0132C1F80429D6
:10D94800D0F820364FF47A60C3F30802C3F30943D2
:10D95800434342F21C5082F4807202F2172200FB09
:10D9680002334FF47A701B0AB3FBF0F200FB123358
:10D978000020B3F5FA7F4FF0010328BF0132C1F848
:10D988001C27C1F80009C1F8003608BD0020A1070E
:10D99800CC08002000C0FF00F82A008000001250C8
:10D9A80048B1054B054A1B68B3FBF2F35843044BD7
:10D9B80043F0010318477047CC08002040420F008D
:10D9C800D0B1010001224FF400214FF0005008B5FA
:10D9D80003F012FDBFF34F8F0549064BCA6802F4E6
:10D9E800E0621343CB60BFF34F8F00BFFDE700BF7A
:10D9F80000ED00E00400FA0510B508F0B7FB0BF0E5
:10DA080009FE044608B905F037FD064BD3E8AF3FD9
:10DA18000BB10A2098471CB9BDE8104005F040BD7D
:10DA280010BD00BF0C1E002038B50446084808F099
:10DA380018FB054648B1631EDBB21F2B96BF054A8B
:10DA48000021D15C0C3008F052FB284638BD00BFDD
:10DA5800780A0020C3BE0100034BD3E8EF2FC3E8C8
:10DA6800E10F0029F9D170470C1E00200E3801285B
:10DA780010B50AD8094808F0F4FA044618B1042188
:10DA88000C3008F034FB204610BD09B10448F2E719
:10DA98000220BDE81040FFF7C7BF00BF9C0A002066
:10DAA800300A002010B5002486B003AB00934FF471
:10DAB80062724FF0FF3305490548CDE903440594E8
:10DAC80005F042FA204606B010BD00BFD025002060
:10DAD8009816002010B5012104460C3008F028FBE8
:10DAE8002146BDE810400023014A007808F065BBD4
:10DAF80028B3010010B5012104460C3008F018FBCA
:10DB08002146BDE810400023014A007808F055BBC3
:10DB180028B3010010B5012104460C3008F008FBB9
:10DB28002146BDE810400023014A007808F045BBB3
:10DB380010B301002DE9F0478846164682460028B2
:10DB480068D00023DFF8D090D9E8EF4FC9E8E23F6A
:10DB5800002AF9D1002C5DD02046FFF70FFE0C23D8
:10DB68002E4D274603FB0050438853450DD0D9E876
:10DB7800EF3FC9E8E27F002AF9D1002B4AD01F46BF
:10DB88003846BDE8F047FFF799BEA64208D02046C0
:10DB980008F062FA328AF16804F10C0008F09EFA83
:10DBA8002046FFF7EBFD0C2606FB00504368ABB19F
:10DBB800B8F1000F12D12046FFF7E0FD012106FB66
:10DBC80000504268536803F01F00814010685B09E9
:10DBD80000EB8300137ACBB108F0E0FA2046FFF798
:10DBE800CDFD0C2606FB00508368002BC8D02046CC
:10DBF800FFF7C4FD704305F800802046FFF7BEFD1F
:10DC080006FB0055A86805F005F8B9E7C94308F010
:10DC1800EBFAE3E7BDE8F087D0010020101E0020F2
:10DC2800054BD3E8AF2F02F00B02D3E8EF1FC3E890
:10DC3800E02F0028F9D170479C0100202DE9F84316
:10DC48000C4605F019FCE568B4F810802B78042B15
:10DC580066D1B8F1020F08D82046FFF72FFE00243E
:10DC680005F01EFC2046BDE8F8836B783E2B09D1F1
:10DC7800B8F1030FF0D0EB78012B01D00A2B40D17B
:10DC8800032705E0052BFBD00E3B012B39D80127D4
:10DC980004F10C0601213046D4F8149008F040FA3B
:10DCA8000221304608F044FA037884463E2B07D117
:10DCB800E3681B78012B01D00A2B06D103260DE05F
:10DCC800052BFBD00E3B012B24D9002383F31188AD
:10DCD800BFF36F8F0323184602DF02260323214672
:10DCE800124A9CF8000008F068FAB30714D5636973
:10DCF800A5EB090513FA85F5E560A4F81080012F56
:10DD0800ADD021460A4808F0B0F90A490A480BF094
:10DD18004CFCA4E70126E1E72046FFF7CFFDEEE73C
:10DD28002046FFF7CBFD6FF0150499E7F8B2010024
:10DD3800D4010020780600204017002038B5184884
:10DD480008F0A8F9044650B300F10C05284608F07D
:10DD5800F7F9042816D12846022108F0E9F90378D2
:10DD680005460E3B012B07D8002383F31188BFF328
:10DD78006F8F0323184602DF03232146094A2878B8
:10DD880008F01BFA2046FFF799FD074BD3F80C3132
:10DD98002BB1BDE83840054905480BF006BC38BD35
:10DDA800D401002010B30100C8000020780600202C
:10DDB8004017002010B5C1E900239DF808300C4633
:10DDC8000B72FFF7DBFC0C22024B02FB00335C609A
:10DDD80010BD00BF101E0020F8B502460B461048C3
:10DDE80008F03FF90446C0B104210C3008F06CF982
:10DDF8002046FFF7C3FC0C2700260A4D07FB0050FE
:10DE080046802046FFF7BAFC07FB00508660204694
:10DE1800FFF7B4FC07FB00556E602046F8BD00BF55
:10DE2800540A0020101E0020034B0146D3F8240199
:10DE380082689268104700BFC8000020042101488A
:10DE480008F0ACB99C010020014902480BF0ADBBB9
:10DE5800680600209816002070B505460C4639B1B2
:10DE6800CB684A699B1A032B0ED86FF0150509E099
:10DE78004FF0FF304FF0FF31FFF7AEFF044618B9FF
:10DE88006FF06805284670BD2046FFF777FC0C2226
:10DE9800134BA61802FB0033032130465D8008F0BF
:10DEA8002EF90580238A0121033B8370304608F050
:10DEB8002EF940F635439D4209D12046FFF7B4FFBD
:10DEC80005460028DED02046FFF7F8FCDAE72146B1
:10DED80004480BF0B2FA0025FFF7B6FFD2E700BFFF
:10DEE800101E0020DC0100202DE9FF4105461746E1
:10DEF8000C4669B94FF0FF304FF0FF31FFF76CFF68
:10DF0800044658B96FF06805284604B0BDE8F081AA
:10DF1800887AFFF72BFC2A4B83424AD10122002141
:10DF280068460BF09FFA2046FFF728FC0C23DFF821
:10DF3800948003FB0080C0F808D0204608F0C0F8A1
:10DF480001462846FFF788FF054618B12046FFF727
:10DF5800B5FCD9E7002368461B4A04F08FFE30B1B0
:10DF680085F31188BFF36F8F0323184602DF20461D
:10DF7800FFF704FC0C23584318F80060AEB12046A4
:10DF8800093EFFF79BFC092E0CD8DFE806F0050BCD
:10DF98000B08150B0B0B0B126FF06E05B4E76FF047
:10DFA8000C05B1E76FF00405AEE7002FCED03C605A
:10DFB800AAE76FF01505A7E76FF00B05A4E700BF08
:10DFC800540A0020101E0020B4C40400F7B5002233
:10DFD80040F603401146FFF787FF0446002853D157
:10DFE800FFF71EFE214641F2030001AAFFF77CFF5E
:10DFF8000446002848D1019A994DD16805F1780363
:10E00800D1F80100D1F8051003C31046FFF756FCFC
:10E01800214641F2010001AAFFF766FF044698BBBA
:10E028000198C3685A7885F870205A88A5F8722034
:10E038001A7985F87120B3F80720A5F87420B3F889
:10E048000530A5F87630FFF739FC214641F2020089
:10E0580001AAFFF749FF0446B0B9019F05F1800600
:10E06800FA68531C4132344618685968083303C4A7
:10E0780093422646F7D13846FFF720FC95F87C30C6
:10E088005C0604D46FF01204204603B0F0BD0021F2
:10E0980042F2030001AAFFF727FF04460028F3D144
:10E0A800019A704BD168D1F80100D1F8051003C36B
:10E0B8001046FFF703FC1F23A5F8E83095F87C30DD
:10E0C800980619D44FF0FF304FF0FF31FFF784FE68
:10E0D8000646002800F0AA8002210C3007F0F8FF5D
:10E0E8000123447022460370314640F66D40FFF725
:10E0F800FBFE04460028C7D195F89C30190712D5B5
:10E10800002142F21C0001AAFFF7EEFE0446002897
:10E11800BAD10198C368D3F80120D3F80530C5E90E
:10E128003823FFF7CBFB4FF0FF304FF0FF31FFF7FD
:10E1380053FE0446002879D008210C3007F0C8FFA8
:10E14800022700222146077042708270C270027155
:10E1580042718271C27142F20100FFF7C5FE0446A6
:10E16800002891D14FF0FF304FF0FF31FFF734FE18
:10E17800064600285AD008210C3007F0A9FF802352
:10E1880043702023047084700471447184712246A2
:10E19800C770C371314640F60140FFF7A5FE04463B
:10E1A80000287FF471AF014601AA4FF60140FFF73E
:10E1B8009BFE044620BB0198FFF780FB21464FF6E3
:10E1C800024001AAFFF790FE0446C8B90198C36847
:10E1D800B3F80130A5F8C130FFF770FB95F8C130EE
:10E1E8005A070DD521464FF6034001AAFFF77CFEDA
:10E1F80030B90198C3685B7885F8C030FFF75EFBDB
:10E20800EB7923B903B0BDE8F04000F0E3BA2E780B
:10E21800002EF7D195F8C1309B061ED54FF0FF3080
:10E228004FF0FF31FFF7D8FD044610B96FF06804CE
:10E238002AE706210C3007F04BFFD5F801302146BC
:10E248000360094B32469B8883804FF60640FFF7F0
:10E258004BFE04460028D5D016E76FF0850413E777
:10E26800C8000020A0010020C900002073B5264D79
:10E278000646D5F824010BF003F800283DD06FF0CE
:10E28800020105F1D40007F0AFFF012107F086FF76
:10E2980010EA010434D11D4B1E600A4605F1F8004E
:10E2A8000BF0E0F805F58A700BF0BFF818480BF092
:10E2B8008CF96FF007034FF4006216491448009474
:10E2C80004F042FE144912480BF0AAF9D5F82401CB
:10E2D800124983681B689847044630B946B9FFF766
:10E2E80075FE044608B9FFF7A9FD204602B070BDC7
:10E2F80005F1C40004F022FEF7E76FF01204F4E71A
:10E308006FF07704F1E700BFC80000201C1E002052
:10E31800401700205829002052BD010045DC0000AC
:10E3280010B5FFF753FE044608B9FFF787FD044B05
:10E338001B681BB12046BDE81040184710BD00BF40
:10E348001C1E002038B5032104460C3007F0F0FEEF
:10E3580040F635420346B0F8010090420DD01D78D2
:10E36800E36822461978FFF7E5FB35B1034804F066
:10E3780051FCBDE83840FFF767BD38BDC00100203B
:10E3880038B505F079F8234DD5F81431002B3CD079
:10E398000022002305F1F80004F070FCA8BB00225D
:10E3A800002305F58A7004F003FC044630B980F3B5
:10E3B8001188BFF36F8F0323184602DFD5F80801D1
:10E3C80020B1FFF77BFA0023C5F80831204607F093
:10E3D80077FEC5F808012046FFF726FD98B10E48DC
:10E3E80004F018FC2046FFF7C9F90C220B4B1F213B
:10E3F80002FB003022464088FFF79CFB2046FFF7CF
:10E408005DFAFFF721FDFFF71FFDBDE8384005F075
:10E4180047B800BFC8000020C0010020101E00201F
:10E4280038B5042104460C3007F082FE457801789F
:10E4380022464088FFF77EFB35B1044804F0EAFB2A
:10E44800BDE83840FFF700BD38BD00BFC00100205F
:10E45800F8B506460024094DEF79E3B29F4202D889
:10E468006FF0010007E02946304607F0C5FE073582
:10E47800631C08B12046F8BD1C46EEE7C800002022
:10E4880070B5144E0622314604460BF014FDE0B177
:10E498004FF0FF304FF0FF31FFF79EFC0546A8B163
:10E4A800062221460C3007F019FE0022294642F2C6
:10E4B8000500FFF719FD40B93346226843F869297A
:10E4C800A288B280012283F8682070BD6FF06800CE
:10E4D800FBE700BF3101002073B504460D4689B142
:10E4E8002846174907F088FE60B9164A2968C4EB20
:10E4F800C4041151A318AA889A80AA799A71002095
:10E5080002B070BD6E46304607F022FE0028F7D1F3
:10E518003046FFF79DFF0028F5DA0A4A0098C4EB59
:10E52800C4041051B179B088A31898809971002D4E
:10E53800E5D012592A609A88AA809B79AB71DEE7E8
:10E54800B0BE0100C800002070B5044611B16FF0DC
:10E55800150070BDF0B1224907F04EFED0B9204633
:10E56800FFF776FF002835DA237863B91D4AD37997
:10E5780083BB20681060A179A088917101219080E7
:10E58800D1711846E5E7012BE1D1A37903F0C00367
:10E59800C02BDCD1134DEB79012B1ED005F1D40330
:10E5A800D3E8AF3FDB0707D4002CD0D020460C4976
:10E5B80007F022FE0028CAD1EE792146731C3046A6
:10E5C800EB71FFF789FF08B93046C2E7EB79013BE9
:10E5D800EB71BEE76FF07700BBE76FF00B00B8E7B1
:10E5E800B0BE0100C80000202DE9F3410446D8B1AF
:10E5F800002141F2090001AAFFF776FC054698B907
:10E60800019E0622D6F80C80104908F10107384609
:10E618000BF051FC28B1062238460D490BF04BFC93
:10E6280030B93046FFF74AF9002002B0BDE8F08162
:10E63800D8F801303046C4F80130BB882570A4F8FA
:10E648000530FFF73BF90120EFE700BFBDBE010031
:10E65800B7BE010007B56846FFF7C6FF044BD8717F
:10E6680018B169460020FFF737FF03B05DF804FBD7
:10E67800C8000020F0B5294D89B0EE79002E46D1AA
:10E6880095F8C230DB0722D56A4631464FF6094075
:10E69800FFF72AFCD8B9DDF800C0DCF80C40637835
:10E6A800012B1E4628BF012673B1A31C02AA1234EF
:10E6B800174618685968083303C7A3423A46F7D182
:10E6C800186838609B88BB806046FFF7F7F8EE71E2
:10E6D800002416260127EB79E0B2984202D3B3B1A1
:10E6E800002012E008AB06FB003353F8182C33F86F
:10E6F800143C6946CDF80120ADF805308DF800705E
:10E70800FFF7EAFE01340028E5D009B0F0BD00218A
:10E71800084609B0BDE8F040FFF716BFC800002062
:10E728002DE9F0411D460E4617460346002849D0FC
:10E73800002D47D00A0307D54C0743D407F06CFDDA
:10E7480010BB01232B701FE0B10704781ED02049AD
:10E758002FB1B20603D591F8D820500635D5C4EBB1
:10E76800C40411F80480B8F1010F08D10134184627
:10E77800214407F049FD38B985F8008002E0B8F176
:10E78800000FF9D0A7B90020BDE8F081720716D5AF
:10E798000F49C4EBC4040F5D012F07D10134214494
:10E7A80007F032FD0028EFD12F7001E0002FFBD0D9
:10E7B800B306E8D52B7843F002032B70E3E707F0A4
:10E7C8002BFDBEE76FF01500DEE76FF08500DBE795
:10E7D800C800002010B50A4CE3790BB1002010BD29
:10E7E800FFF738FF0028FAD1E379002BF6D1FFF7BD
:10E7F80041FF0028F3D1601CBDE81040FFF740BE80
:10E80800C8000020F7B5CDE90001694642F20800CA
:10E8180016461D469DF8207007F019FD044648B9B4
:10E828005FB90B4BD3E8EF1F41F00401C3E8E21FC7
:10E83800002AF7D1204603B0F0BD694642F209002C
:10E84800CDE9006507F003FD0028EAD00446F1E7AA
:10E85800F00000202DE9F04FD0F8109089B0029315
:10E86800B9F1000318BF012305460F469346DFF8A8
:10E87800A0A20393DAE8AF3F5A0740F12B8146681C
:10E8880073050BD56FF01504002340F201119B4569
:10E8980040F02981204609B0BDE8F08FD0F81080FB
:10E8A800B8F1000F01D0B407ECD09A4C2878E3797E
:10E8B8008342E7D9C0EBC0000722974920440BF0F8
:10E8C800FAFA0028DED0B00706D194F87030082B89
:10E8D80002D8AB689F2BD5D916F0300F6DD0B8F1A0
:10E8E800000FCFD0F1066BD406F46036B6F5603F62
:10E8F800C8D0284607F0A7FC80460028C2D0874E1B
:10E90800D6E8AF2FC2F30023D20500F1E680CDE9A7
:10E918000533CDF81B30AB686A68ADF81030EB688A
:10E9280012F4004FADF8123014BF06230723D003AA
:10E9380048BF03F00503910348BF03F0FB038DF8BC
:10E948001D30DAE8EF3F23F48073CAE8E23F002A7B
:10E95800F7D12B78039A237684F86F30696870486A
:10E968000DF11503FFF7DCFE044600288CD16D4B32
:10E97800B9F1000F30D02A6911684AF8B31C9188A0
:10E98800998092799A716B689A0727D0B9F1000F2C
:10E998002BD013F0100F0CBF012304238DF8143073
:10E9A8002B691A68CDF816209A88ADF81A209B7939
:10E9B8008DF81C304FF000081AE0B8F1000F93D121
:10E9C800D5E902239A423FF65DAF1F2A7FF65AAF78
:10E9D800B3F5804F88D955E74F4ACDE79C0502D457
:10E9E800029B002B4AD0022300E04B468DF81430DE
:10E9F8004FF0FF304FF0FF31FFF7EEF904460028E3
:10EA08006ED00F2204A90C3007F068FB21460022C3
:10EA180042F20600FFF768FA044600287FF434AF94
:10EA2800B9F1000F2ED001213D4807F06AFC0446D9
:10EA380000287FF429AF6B6898072FD0D6E8EF3FFE
:10EA480043F40073C6E8E23F002AF7D1B8F1000F9B
:10EA58002DD0D6E8EF3F43F48063C6E8E23F002AB2
:10EA6800F7D16B6859072BD5D6E8EF3F43F48053AD
:10EA7800C6E8E23F002A3FF407AFF5E703238DF825
:10EA8800143097E759463846129B029ACDF8008011
:10EA9800FFF7B8FE04460028C5D0F5E6D6E8EF3FF4
:10EAA80023F40073C6E8E23F002ACFD0F6E7D6E8A1
:10EAB800EF3F23F48063C6E8E23F002AD1D0F6E7AF
:10EAC800D6E8EF3F23F48053C6E8E23F002A3FF43C
:10EAD800DBAEF5E76FF00A04D6E66FF07704D3E60D
:10EAE8006FF06804D0E63A888A4204D17A6812B195
:10EAF8001278D20702D401330837C8E60A490B480E
:10EB08000AF069FD00230A4A084804F0BBFAC1E686
:10EB18009C010020C8000020B0BE0100F0000020C9
:10EB2800E0000020E90000205D630100F8000020FB
:10EB38001C4E0E0008B5094807F009FC084BD3E83D
:10EB4800AF2FC2F30020D20506D5A3F11000002193
:10EB5800BDE8084007F0D5BB08BD00BFE0000020B5
:10EB6800F0000020C04330B50C4D0A44914201D159
:10EB7800C04330BD11F8013B83EA000404F00F04E0
:10EB880055F8244084EA101080EA131303F00F03A9
:10EB980055F8233083EA1010E8E700BF3CB30100C2
:10EBA8000122024BC3F80424704700BF002008E08C
:10EBB800084B70B5C31A0D4607499B1004465943C4
:10EBC8004022064807F0D8FB2B4601462046BDE800
:10EBD80070401847341E0020B76DDBB694A10100C1
:10EBE800402373B50B4C0093041B0B460D460A4992
:10EBF800A41061430646094A094807F0E8FB0146A4
:10EC080028B130462B4602B0BDE87040184702B024
:10EC180070BD00BF341E0020B76DDBB6456401002F
:10EC280094A101002DE9F8430022012107464FF481
:10EC38008770FEF755FA114802F076FA0446C0B913
:10EC480009F092FE25464FF01C094FF00C083E696A
:10EC58000B4909FB056006F0A6FE031E0CDB012329
:10EC680008FB05661D44032DF365F0D12046BDE879
:10EC7800F8836FF00404F9E71C46F7E7B5ED0000E8
:10EC88007CB301001FB5002201236C46CDE90223A5
:10EC98006B46074ACDE9004407F0C9FB28B943F69B
:10ECA80009520023684603F0E9FF04B010BD00BF15
:10ECB8006364010010B5EFF31184402383F31288D5
:10ECC800BFF36F8F074A136823F00201DB07116057
:10ECD80002D4012009F03EFE84F31188BFF36F8F40
:10ECE80010BD00BFAC1E00200C22104B014602FBD9
:10ECF8000033002030B4D3E915525865EFF3118082
:10ED0800402484F31288BFF36F8FDC6D04F0C004D5
:10ED180044F00204DC6580F31188BFF36F8F1DB1E6
:10ED28002B4630BC0248184730BC7047341E0020C0
:10ED380094A1010010B4EFF31180402282F31288ED
:10ED4800BFF36F8F16490B6843F0020413F00103F9
:10ED58000C6017D0134BD3F80C3413F4803311D054
:10ED6800EFF3118182F31288BFF36F8F0E4AD36DD0
:10ED780003F0C00343F00203D36581F31188BFF3A6
:10ED88006F8F012380F31188BFF36F8F1BB10020B1
:10ED980010BCFFF7A9BF012010BC02F0AFB900BF3B
:10EDA800AC1E002000E01050341E0020042804D0BF
:10EDB800072809D0022809D07047064BD86D10F0F3
:10EDC800070005D1FFF790BF0220FBE70120F9E714
:10EDD800704700BF341E0020C3B21C20014A00FB4C
:10EDE80003207047341E00202DE9F041012280469F
:10EDF8003549D1E8EF3FC1E8E02F0028F9D133B910
:10EE0800324933484B60CB608A6006F0DFFD08F179
:10EE1800FF33012B4CD8B8F1010F06D12D4BD3F895
:10EE2800503403F00303012B42D00AF0F3FB0546EC
:10EE380050B1EFF31186402383F31288BFF36F8F2D
:10EE48000125244C244F21E0244B1B78002BF0D0C3
:10EE58000422204B0646C3F80823F2E755B3304690
:10EE680007F0C3F8D4F8403413F0FF030ED1D4F8F8
:10EE780008215AB1C4F80831D4F808314FF4804257
:10EE88000123C4F84034C7F8A0212361D4F84C24E6
:10EE9800D4F84C34D203E1D503F00303012B02D09C
:10EEA800B8F1010FDAD155B186F31188BFF36F8F2E
:10EEB800BDE8F081002120200AF049FCD2E70422B5
:10EEC800044BC3F80423F3E7301E0020201E002063
:10EED800501E002000E0105000E100E0CB2500208B
:10EEE8000023024A0020C1E90023704700D01F0018
:10EEF80000487047A0B30100024B0B600123136068
:10EF0800704700BFA8B3010008B5012205481146A3
:10EF18000AF0A8FA02F052F9034B044A0020C3F899
:10EF28000C2508BDB01E002000E0045080000080C1
:10EF380038B542F201030F4D1446C5F80035A1B1AA
:10EF48000AF0A4FFBFF35F8FD5F81834DB0706D4A7
:10EF5800C4F308041CB10123AB60BFF35F8F4FF407
:10EF68000052044BC3F8002538BDFF210AF09BFF6F
:10EF7800E8E700BF00E00450F0B5051E0F46144650
:10EF880087B033DB1B4B9D4230D8C5F5FE1303F524
:10EF980080539A422AD8FAB14FF0FF324FF0FF332C
:10EFA800154803F06BFE09F0E2FC0646B8B10123F0
:10EFB8008DF81430114B4FF4FA50009302AB0494BF
:10EFC8000193CDE9027502F001F9684602F004F9EF
:10EFD8000446094803F01EFE204607B0F0BD22464D
:10EFE80039462846FFF7A4FF3446F2E76FF01504C8
:10EFF800F2E700BFFFCF1F00B01E00209B64010096
:10F0080010B50C1E10461A460CDB084B9C4209D85A
:10F01800C4F5FE1404F58054A24203D80AF036FF62
:10F02800002010BD6FF01500FBE700BFFFCF1F00E9
:10F0380000487047FCB301002DE9F34743680F1EF1
:10F0480005461646D3F82090C0F28580BB184B457C
:10F0580000F2818047EA0204C4F30B04002C7AD141
:10F0680006F0D0FD002879DB284607F087FA21460C
:10F07800284607F002FB4FF0FF3A0446002E55D011
:10F08800002C53D12346CDE900448022062128468E
:10F0980007F096FA0446002848D14E4513D1034696
:10F0A800CDE900008022C721284607F089FA00260A
:10F0B8000446002C3AD140F21B620023284607F090
:10F0C80018FB0446DAE78046264B5A7882B10AFADA
:10F0D80002F137EA01010BD101219140B14207D871
:10F0E800B8F1000F1ED098F80110914238BF984629
:10F0F8000134042C03F10203E7D1B8F1000F13D057
:10F108000023812298F800102846CDE900333B46B9
:10F1180007F056FA012398F80120044693401F444B
:10F12800F61AC6E79846E3E76FF01504012128466A
:10F1380007F0A3FA002C14BF26460646284607F017
:10F1480012FA40F239120023284606F0F7FE30463C
:10F1580002B0BDE8F0876FF01506F8E76FF0040617
:10F16800F5E700BFE3BE010010B5044600694FF0A3
:10F17800FF3201210AF076F9636893F84A205206B3
:10F1880015D4636893F94A20002A0ADAD86B0AF082
:10F1980077F8C0B160684FF4B0113C3007F0BCF9A3
:10F1A80088B92046BDE81040084906F0B9BC586B3C
:10F1B8000AF066F838B160684FF4D011343007F0BF
:10F1C800ABF90028DDD06FF0120010BD7F69010097
:10F1D80070B546680546B068C0B109F01DFE014625
:10F1E800A0B9B06802F008FA0446A8B902460C496A
:10F1F800B06809F0FBFD22460121DB20FDF770FF16
:10F208002246012140F20D10FDF76AFF2846BDE8AD
:10F218007040044906F084BC6FF0040070BD00BF64
:10F22800ADF30000E76B01002DE9F04340F206352D
:10F238004768D00648BF4FF0030C3B7C02EA05053F
:10F2480058BFC2F3401C87B001F01F06B5F5837F95
:10F25800144646EA43168DF803C045D00DD8062D4E
:10F2680044D005D8A5B1022D12D06FF0150038E0B2
:10F27800B5F5807FF9D101250AE040F202229542D6
:10F2880036D0B5F5407F35D0B5F5007FEDD10425F2
:10F29800220331D501237A688B405360B86890BB4C
:10F2A8007F2E06F01F034FEA561175D83C4A52F8D4
:10F2B8002120C4F3004102EB8302D2F8803081F0B0
:10F2C8000101C4F3404423F4706344EA410423F089
:10F2D8000F031C4344EA8C0444EA0524C2F8804026
:10F2E800002007B0BDE8F0830925D1E70825CFE75E
:10F2F8000625CDE70525CBE7630341BF01237A68DF
:10F308008B409360CAE731460DF1020209F071FDA6
:10F3180014F4403F80460CD13146B86809F082FDAC
:10F32800B8F1000FDCD19DF80210B86802F09CF922
:10F33800D6E74FF0000901ABCDE90199CDE90439D1
:10F34800CDF80C903146B86803AA09F09BFC4845F3
:10F35800C6DB14F4003314D09DF80330C4F3004422
:10F3680084F001048DF80E308DF80C508DF80D40A6
:10F378004B463146B86803AA02F0C8F80028CFDA2D
:10F38800AEE7CDE904330DF1030303933146B868C2
:10F3980003AA09F077FCF1E7203350F82330FFDEA9
:10F3A80004B401004209022A034670B503D0012AB9
:10F3B80018D0CAB170BD0E4E326951680029F9D013
:10F3C800012503F01F030C689D400029F2D08A68CC
:10F3D8002A4002D030464B6898473CB12368214602
:10F3E8001C46F2E7034EE7E7034EE5E72346F6E758
:10F3F800F4A10100D4A10100B4A10100F0B5446852
:10F408001646A068227C01F01F0587B045EA421520
:10F4180000286CD0B6F5001F04D1294609F054FD28
:10F42800002055E06268607CB6F5800F50624FF0AE
:10F43800000001AA0190506039D1B3F1007F14BFD8
:10F44800052304238DF804300023CDE90423039316
:10F45800E3680DF1030723FA01F111F0010139D135
:10F46800B6F1A07F36D105F01F037F2D4FEA551066
:10F4780003F120033ED8214A52F8202052F82330C5
:10F48800DB0727D43A462946A06809F0B2FC1630B3
:10F4980018D002972946A06803AA09F0F3FB0028B0
:10F4A80016DB01222946A06809F0BEFCB8E7B3F1D3
:10F4B800C06F05D0B3F1007F14BF01230223C1E759
:10F4C8000323BFE73946A06802F0D8F80028E0DA3D
:10F4D80007B0F0BD3A462946A06809F08AFC002822
:10F4E800D8D19DF80310A06802F0BEF8D2E76FF0FB
:10F4F8008500EDE751F82330FFDE00BF04B40100BA
:10F50800082913B528BF08210C46084AD2F8043345
:10F51800D2F808231BBA12BA00920A466946019328
:10F528000AF0B4FC204602B010BD00BF00C0FF00C6
:10F538001C4BD3F8002602F0010312F0060F18BF87
:10F5480043F01003110648BF43F48073D10548BF48
:10F5580043F08003510548BF43F02003510648BFDC
:10F5680043F00203910548BF43F08003D10448BF2C
:10F5780043F08003510448BF43F00803110748BF14
:10F5880043F02003D10648BF43F02003910648BF4B
:10F5980043F02003120548BF43F4006303600020D2
:10F5A800704700BF00E010504FF0FF32024B0020C0
:10F5B800C3F80026704700BF00E0105070B50D4634
:10F5C800036804461B6840689847012D0DD109F06F
:10F5D8001AF90546054E236860685B68984720B9A4
:10F5E80009F011F9431BB342F5D970BD9F8601009C
:10F5F80070B545680469286809F042FE10B96FF0D3
:10F60800120070BD4FF43021284607F046FC10F177
:10F61800860F04D14FF42021284607F03EFC00282D
:10F62800EFD1A86805F1080609F02AFE0028E6D0FF
:10F638004FF43021304607F030FC10F1860F04D12A
:10F648004FF42021304607F028FC0028D9D118496A
:10F658002A46204607F019FC2969164B994221D001
:10F6680014D8154B99421FD0144BCB1A5942594103
:10F678008900204641F0100107F049FB0028C0D15D
:10F6880004F11400BDE8704009F047BE0C4B9942E4
:10F698000CD003F5C31303F5206399420CBF0A216C
:10F6A8000021E6E70621E4E70221E2E70821E0E796
:10F6B80064B4010040420F00A0860100801A0600D1
:10F6C80040E13300044B054A01219362044AC820F3
:10F6D8001A600022FDF704BD781F0020E006002014
:10F6E80000800C50054B064A01219362054A4FF4ED
:10F6F80082701A600022FDF7F3BC00BF241F0020AF
:10F708009C0600200040105038B504464568AB6997
:10F7180098470121E86907F05FFD234629462A69D1
:10F72800A86A09F04CFD002805DB2046BDE83840F2
:10F73800024906F0F5B96FF0040038BDFF72010008
:10F748002DE9F041456804460669286809F098FDE6
:10F7580018B96FF01200BDE8F081304609F0DDFD00
:10F768007461AB68BBB904220B2120466B7C07F09F
:10F7780006FE0028EFDB06220B212046AB7C07F0B3
:10F78800FEFD0028E7DB01232046BDE8F0411A46CC
:10F798000B2107F0F4BD0523062120462A7C07F03B
:10F7A800EEFD0028D7DBA86809F06AFD0028D0D054
:10F7B800B5F80EE0A868297B4EF480320127D0F80E
:10F7C80010C01EF0010FDCF8003007FA01F714BF73
:10F7D8003B43BB43D0F80880CCF80030D8F8003061
:10F7E80098470028B7DB01272B7B1A4A07FA03F34F
:10F7F800C6E90723A86806F118018368DB6913B90D
:10F808006FF05700A7E73A4698470028A3DB124B4A
:10F81800B362EB89A868297B03F040038668026914
:10F82800B669002EECD012688F4017420CBF43F027
:10F83800B86383F0707323F0794323F47F0323F4D0
:10F848007F434FF0A07223F0BF03B04700288ADA45
:10F8580081E700BF3973010065F800002623002204
:10F868002DE9F04F044650F8100C91B0D0F80490F0
:10F878001146009306AB07F05FFD002805DA204625
:10F8880003F05CFB11B0BDE8F08F0026234F97F81A
:10F89800008097F801A008F140036B4413F8273C57
:10F8A8001AEA030F13D0216931B1012354F8100C5F
:10F8B8000D6803FA06FB11BB08F10102534600214B
:10F8C80054F8100CD2B207F05AFD0028D7DB0136E5
:10F8D8000E2E07F10207DAD1D9F8080099F80C5072
:10F8E8000669836805A95B6898470028C7D1059B06
:10F8F80032685A400123AB401A42C3D0BFE78A6836
:10F908001BEA020203D04B680390984703981DB185
:10F918002B6829461D46CEE72B46FAE7EBBE0100C9
:10F92800036803F01F027F2B02604FEA53129ABF4D
:10F93800024B53F822000020704700BFE0B40100DA
:10F948002DE9F74F154607464FF0010800EB8101F6
:10F95800B94203D1002003B0BDE8F08F3A68C2F382
:10F96800C323082BC2F3080400F2AC805748C65CD6
:10F9780040F2FF139C4208BF4FF0FF34B2F1D05F52
:10F988004FEA126310D2192B12D8DFE803F01423C0
:10F998003734282F34111111113A45111111111151
:10F9A8001111111148515457382B4AD04E2B25D0DC
:10F9B8006FF08500CFE7C5F80446631C36D001A870
:10F9C8000194FFF7ADFF019B4FF0010908FA03F31B
:10F9D800436054E0C5F80C464FF0000A18E04FF0B9
:10F9E8000009C5F80046631C20D040E04FF001092B
:10F9F800C5F80446F7E7C5F80846EDE7C5F8104628
:10FA0800DBE7C5F80046002EE6D14FF0000A0826CD
:10FA1800601C0BD0D14634E0C5F80446F3E7C5F8BE
:10FA280060457B88621C03F001031CD104378FE713
:10FA3800C5F86445F5E7C5F86845F2E7C5F86C45CB
:10FA4800EFE701A80194FFF76BFF019B4FF0010A54
:10FA580000EB8300D0F8803023F0E04343F080438C
:10FA6800C0F88030D4E7002BA9D14FF0010901A8D4
:10FA78000194FFF755FF019B08FA03F383604FF0E9
:10FA8800010AD7F800B001A81BF4004F1CBF4FF0C3
:10FA980001094FF0000A0194FFF742FF019B0C4C4B
:10FAA80000EB8300D0F88020CBF3412B330243EAEC
:10FAB8008B0343EA0A031440234343EA4903C0F88B
:10FAC8008030B3E76FF0150045E700BF07BF0100BE
:10FAD800F0F0FCFF17289FBF054B584300F5742032
:10FAE80000F510709ABF086000206FF0150070478D
:10FAF800A086010010B5134CA1421DDD124B98429F
:10FB08001ADCA04204DC00236FF02100138010BD32
:10FB1800994201DD1723F7E76FF43A63A0F55B20FC
:10FB280018440A4BB0FBF3F01080584300F57420DA
:10FB380000F51070884202D96FF01500E7E7002041
:10FB4800E5E700BF3F420F00A05A3200A08601003F
:10FB5800F7B5284E0C467378317805461943174691
:10FB68000BD07378022F327803F00F030FD0032FD6
:10FB78002CD06FF0850003B0F0BD0223009326223D
:10FB88003346806A07F0D8FB0028EADAF3E795F8ED
:10FB98002C1001290FD1012A01D80CD15BB1012306
:10FBA800A340DBB2009308220221A86A07F019FCDF
:10FBB80000280FDADFE7012304F108020821A86A08
:10FBC800D2B203B0BDE8F04007F0D9BB95F82C10CD
:10FBD800012903D0002304F10802EFE7012A02D823
:10FBE800F8D1002BF6D00123A340DBB20093002309
:10FBF800D9E700BF19250020054B1B7833B1806871
:10FC08004FF0FF324FF0FF3302F010BF704700BFD4
:10FC1800CB250020034B1B7813B1806802F078BF16
:10FC2800704700BFCB25002037B5472915461C462D
:10FC3800406806D04F292ED02C2912D06FF08500AD
:10FC48000DE00A2AFAD10422032100680DF1070306
:10FC580007F08EFB18B99DF80730C4E9003003B0EF
:10FC680030BD022AEAD10522294600680DF10703B2
:10FC780007F07EFB0028F2DB9DF807301BB92360F4
:10FC880063600020EBE713F00A0318BF01231B4A47
:10FC9800C4E90032F5E70722022100680DF10703E5
:10FCA80007F066FB0028DADBEDB2133D052DC5D859
:10FCB800DFE805F0030A0F14191E9DF8072002F06B
:10FCC800010200232260DBE79DF80720C2F340020F
:10FCD800F7E79DF80720C2F38002F2E79DF80720B6
:10FCE800C2F3C002EDE79DF80720C2F30012E8E76F
:10FCF8009DF80720C2F34012E3E700BF20A10700E8
:10FD080037B50A2A44681D6830D12C2915D04729EF
:10FD18002CD10123206835B90522032103B0BDE8A1
:10FD2800304007F02CBB0022032107F028FBF8B96C
:10FD38000123042203212068F0E75A680D4B0E487E
:10FD480003FB05220DF10603114608F089F810F1AE
:10FD5800160F0DD0012202219DF80630206807F009
:10FD68000EFB28B9012302460221E4E76FF0850063
:10FD780003B030BD40420F0004B601002DE9F04F3A
:10FD8800446887B0206809F07BFA002800F04E81AB
:10FD98000A22052194F86630206807F0F0FA002856
:10FDA80040F0888010254FF07E5BDFF888A204F1D0
:10FDB80044076FF0004357F8040F98423DD0F8F716
:10FDC80043FB9D49F8F748FC5146F8F789FA014684
:10FDD8005846F8F741FC9949F8F780FA8046B4F894
:10FDE8006400F8F72DFB01464046F8F781FBF7F76A
:10FDF800E7FE266EFCF7CCF9804689463046F7F7D1
:10FE0800BDFE42464B46F7F733FFF8F7F3F9830296
:10FE18000644B3FBF6F6C6F38D0320688DF814305C
:10FE2800022306F0030600932A46032105AB8DF84A
:10FE3800156007F0BBFA00283CD10235EDB2182D49
:10FE4800B7D16FF0004704F1540656F8043FBB429F
:10FE580022D041F28832C3F5C02303F2AE535A438D
:10FE68004CBF77497749784B4BBF8918891891FB64
:10FE7800F3F3B1FBF3F3C3F38D0203F0030320683C
:10FE88008DF8153002238DF8142000932A4603219B
:10FE980005AB07F08BFA68B91A2D0ED1626804F128
:10FEA8000C051146284605AB08F081F8163006D136
:10FEB8006FF0150007B0BDE8F08F1A25C5E70C22D2
:10FEC80003219DF81430206807F059FA0028F1D171
:10FED800A2682846114605AB08F069F81630E7D045
:10FEE8000D2203219DF81430206807F048FA0028F5
:10FEF800E0D1626AE16A05AB511A013104F12800C8
:10FF080007F0AEFF1630D3D094F840102068FF29D0
:10FF1800BDF814209DF8143057D10822032107F0AA
:10FF28002EFA0028C6D1626C4848114605AB07F086
:10FF380097FF1630BCD002229DF814301146206875
:10FF480007F01DFA0028B5D10E22032194F8673076
:10FF5800206807F014FA0028ACD10F22032194F886
:10FF68006830206807F00BFA0028A3D10123242267
:10FF78000521206807F003FA00289BD101230C22F1
:10FF88000521206807F0FBF9002893D194F86A301E
:10FF9800002B3FD194F8662094F86B30002A42D0A9
:10FFA80006220321206807F0EAF9002882D194F894
:10FFB8006930002B3FF47EAF01230422032120681F
:10FFC80007B0BDE8F04F07F0DAB90225520803F090
:10FFD80001038DF80C208DF80D30082203210095BF
:10FFE80003AB07F0E3F900287FF464AF94F84020EE
:08FFF800174B206833F81230AA
:020000021000EC
:1000000003215A0803F001038DF810208DF81130F8
:100010000A22009504AB07F0CDF986E701235022B0
:100020000321206807F0AFF90028B7D046E743F076
:100030000203B9E76FF0120040E700BF3393884333
:1000400000007A440FCF5B3BC4C3E1FF3C3C1E0081
:1000500078783C0004B60100E4B7010070B53A2995
:1000600014464568036917D8352905D80C2900F0CE
:10007000B7806FF085003DE036390429F9D801A238
:1000800052F821F0D100010083010100730001004A
:10009000DD010100F700010047398AB2082AE8D8DB
:1000A0000829E6D801A252F821F000BFD9010100C9
:1000B0007300010073000100730001007300010070
:1000C00073000100CB010100D50101000B0201000A
:1000D000188841F2883358434FF47A720023002184
:1000E000800AF8F715FC4FF47A7312FB03F22060D4
:1000F0006260002070BD95F86620002AB9D098880B
:10010000F8F7A2F901464FF08940F8F7A9FA4FF045
:100110007E51F8F7E7F8FCF7BFF90646B5F864003A
:10012000F8F792F901463046F8F79AFA014638484E
:10013000F8F7D8F801464FF07E50F8F791FA3549B4
:10014000F8F7D0F84FF04F410546F8F773FB002859
:10015000CFD14FF09E412846F8F780FB0028C8D148
:100160002846F8F78FFB2060F8F772F90146284619
:10017000F8F7B8F82849F8F7BFF9F8F783FB60609B
:10018000B7E758889B7A0D2B10D80B2B10D8042B6F
:1001900013D00023584340F2FF3390FBF3F00023C9
:1001A0001E4AC117F8F7B4FB2060A1E70F2BF0D16E
:1001B0007D226B6A5343642204E0EB6B6A6B5B4203
:1001C0005343AA6B93FBF2F3E4E71B7A236000230B
:1001D00063608EE75B7AF9E7686AE0E7E86BDEE781
:1001E000D8880F4B4FF47A7258430E4B90FBF3F0C4
:1001F00000F5C02000F2AE500023C117F8F788FBCD
:100200004FF47A7320605A4372E7DB7ADEE700BF6F
:100210000FCF5B3B339388430024744940420F0067
:1002200078783C0078ECFFFF0023064A32F8021B86
:10023000814201D11846704701330C2BF6D16FF083
:1002400015007047FAB7010070B505690B016A6ABD
:100250000C46D6681121F02203F0F003B0470028C5
:100260000BDB0B2C88BF41F608234FF000009CBF2E
:10027000034B33F814306B8570BD6FF00400FBE75F
:10028000FAB7010070B505690B016A6A0C46D668B9
:100290001021F02203F0F003B04700280BDB0B2CF9
:1002A00088BF41F608234FF000009CBF034B33F892
:1002B00014302B8570BD6FF00400FBE7FAB7010026
:1002C000F7B5436804461B689847051E0BDB266993
:1002D0001221736A2046DD6880231A46A847002849
:1002E00004DA6FF00405284603B0F0BD48F6B80004
:1002F00008F0A0FF736A0F2120469B680DF10702EA
:1003000098470028EDDB9DF807306A2BE9D10021E2
:10031000204607F06BFE01460028E2D11D4B204627
:10032000F360FFF7AFFF0028DBD10421204607F080
:100330006DFE01460028D4D1174B2046F361FFF72C
:1003400083FF05460028CCD1736A0722DF680A21A3
:1003500003462046B8470028C3DB736A4622DF689D
:10036000122144232046B8470028BADB736A1521BE
:10037000DF68102320461A46B8470028B1DB736AAD
:100380001621DE68802320461A46B0470028AADAE4
:10039000A7E700BF0000744200B8884508B50649C9
:1003A000026943685162586808F06EFF00280CBF6C
:1003B0006FF01200002008BD1CB6010038B50446DD
:1003C000056908F0E9F9014670B9012205F1B400A8
:1003D00009F04CF805F15C0008F003F82046BDE890
:1003E0003840024905F0A0BB38BD00BF1F8701009F
:1003F0002DE9F04198468B880F469904064615462C
:10040000046900F189804FF0FF324FF0FF3304F1AF
:100410006C0002F037FC2766002D40F08680C4F89F
:1004200090500023C4F8943004F1A80204F1940120
:1004300004F1900007F0C2FF0546C4F8A400B8F12B
:10044000000F7AD1C4F898800023C4F89C3004F1DE
:10045000B00204F19C0104F1980007F0AFFF002303
:100460001A46D4F894C0C4F8AC00C4F88C30624585
:100470006CD100221146D4F89CE071456ED19342B4
:100480002CBFC4F8A030C4F8A02015B1D4F8A8300F
:100490002BB9002878D0D4F8B030002B74D0304677
:1004A00005F0B4FB054648BB3946304600F072F80B
:1004B0000546002864D104F15C08E76504F1B40541
:1004C000284602F005FC3046314908F0ECF84FF0C0
:1004D000FF324FF0FF33284602F0D4FB3946304656
:1004E00008F0E2F8304607F0C0FF404607F038FF5A
:1004F000054600283BD1BB889A040AD4E36D13B1AA
:100500009B889B0405D40023236604F16C0002F051
:1005100085FB2846BDE8F081636F002B7FF473AF45
:10052000236E9F427FF46FAF76E72B68C4F890305C
:10053000002B3FF476AF6B6874E7D8F80030C4F84E
:100540009830002B80D0D8F804307EE7D4F8901093
:1005500001EBC201496801320B4488E7D4F898C026
:100560000CEBC10CDCF804C00131624485E710F1EA
:10057000740F05D1304608F0CFF8404607F0F0FE82
:10058000304605F024FBB9E76FF01505B6E700BF6C
:100590007B850100F0B50569034695F828200C46D7
:1005A0008BB00AB3E96A226891421DD1296B626857
:1005B000914219D195F84020207D904214D1B5F890
:1005C0004410228B91420FD16A6BA16800286ED033
:1005D000914209D1AA6BE1684A4032F47F4003D1CD
:1005E000E96B2269914260D0A288110574D412F09F
:1005F000090674D102F4FC61B1F5807F6FD12068E7
:100600003A4988426BD929685868D1F800164F1CBE
:100610000FD012F0020201F01F07DFF8D4C04FEA3A
:10062000511149D103295DD801225CF82110BA404B
:100630008A604FF0FF320392827F21688DF812208A
:100640008269914294BF05910592A288960702F0B3
:10065000040139D500290CBF02210321C2F3001285
:100660008DF819204FF0FF32079290F820208DF876
:1006700018108DF8202001228DF823208DF82420D9
:1006800095F8282012B36946284608F0B1FC60B9F5
:1006900005F12C0304F11C0254F8041B944243F8A6
:1006A000041BF9D1012385F828300BB0F0BD91422D
:1006B0009AD1A96BE26895E7032915D801225CF865
:1006C0002110BA404A60B4E78908C7E7694628465E
:1006D000084A08F06CFCDAE76FF08500E5E76FF098
:1006E0001500E2E79260FFDE7660FCE747E8010074
:1006F000E4B601007186010070B4104CD4E9001515
:10070000501A63EB0506400940EAC6602026E0FB6C
:100710000615C4E90015002400250949C1E9002394
:10072000084BC3E90045EFF31181402383F312889E
:10073000BFF36F8F70BC03F05BB900BF08180020D7
:10074000F01700200018002008B500220121E42045
:10075000FCF7CAFC164A0020D2F8183723F44033BD
:10076000C2F8183701F0E6F8002820DB0120114913
:1007700001F06CF900281ADB01F0B4F80E4B20F000
:100780001F00C3E900010D4B0022C3E900014FF037
:10079000FF304FF0FF310A4BC3E90001094B0A4912
:1007A000187A01F0B1F867220020084B1A6008BDE2
:1007B00000200E50C808002008180020E81700206C
:1007C000F0170020C0080020F90601006420002076
:1007D00008B501F087F8064AD2E90032C01A054B85
:1007E00061EB0201C3E90001400940EAC16008BDB4
:1007F000081800200018002010B501F077F901203A
:10080000FEF7EEFA05F031F9BDE81040054B064A57
:100810001B684FF47A70B3FBF2F35843034B43F079
:1008200001031847CC08002040420F00E0B101004E
:10083000F7B5224B0146224F187A224BD7E90056D2
:10084000D3E900239E4208BF954211D1B1F1806FD8
:100850000ED24901012938BF012101224D1946F16B
:100860000006C7E9005603B0BDE8F04001F0CAB980
:10087000154BDFF858C0D3E90043DCE9002CA4187D
:1008800043EB0C0C4FF0200E22466346C1FB0E23B7
:10089000954276EB0301C7E900230DD2291B66EBD5
:1008A0000C04C82974F10004B4BF01210021009197
:1008B00001F072F903B0F0BD0021F8E7C008002094
:1008C000F8170020F017002008180020001800205A
:1008D00002460B46014802F0ADB800BFF009002007
:1008E000014802F019B900BFF0090020B0F1005F23
:1008F00007D3064B984206D8054B0344C3F3C730D1
:100900007047002070471020704700BFFFFF07208E
:10091000FF7F00E010B5FFF7E9FFB1F1005F1AD3E8
:100920000D4B99428CBF1021C1F3C731884212D2BE
:100930004FF0FF330139C9B2C1F11F01CB404FF075
:10094000FF31064C8140D4F8002503EA010022EA79
:100950000002C4F8002510BDFFFF072000F00C5076
:1009600001490248FFF7D6BF00EC0720C85C002011
:1009700070B5064686B00D461848194908F0FDFDC9
:1009800001A8F8F758F8174808F07EFC00B3164B9A
:1009900068460093F0F750FAE8B94FF0FF304FF097
:1009A000FF31FFF795FF044638B910491048EFF7BB
:1009B000CBFE044620B1FFF793FF204606B070BD82
:1009C000FFF78EFF33690B481D60FDF749F8F4E728
:1009D0006FF01204F1E76FF01504EEE76C200020D1
:1009E0007188010034A20100A10A01001018002042
:1009F000B90A0100F90B01001FB52848EFF728FEDE
:100A00000446002844D1EFF7DDFE0221204601AA6A
:100A10008DF80440EFF74AFE031E38DB0823072158
:100A2000204601AAADF80430EFF740FE031E2EDB8E
:100A30004FF01B13019340F203230321204601AA28
:100A4000ADF80830EFF732FE031E20DB012304214E
:100A5000204601AA8DF80430EFF728FE031E16DBAE
:100A60001F230621204601AAADF80430EFF71EFE31
:100A7000031E0CDB40F2822293420CD984F31188CE
:100A8000BFF36F8F0423184602DF6FF00B031C4681
:100A9000204604B010BD2346F9E700BF17880100C7
:100AA00010B403460A46034881680C681946234679
:100AB00010BC184734A2010070B5344C94F847308C
:100AC000FBB194F84730042B3CD120783E282AD142
:100AD000A678B31E5E425E4163780233472B3FD84F
:100AE000002200233146FCF7C5FF0546E8B9CEB128
:100AF000002384F8473026492648BDE8704008F0B6
:100B000058BD4FF0FF304FF0FF31FFF7E1FE48B91D
:100B1000204604F1470100F053FA0546FFF7E0FED6
:100B2000002DCED070BD0026D6E76278023217497C
:100B300005F10C0005F0D6FA174B29461B6817483B
:100B40009847D5E7022B14D1002200230820FCF798
:100B50006FFF05460028E5D062880432472AE6D9AF
:100B6000002383F31188BFF36F8F0423184602DF3D
:100B7000BEE7082BBCD1002200232020FCF758FF41
:100B8000628805460028E8D1CCE700BF3B2500205D
:100B90006C200020981A00206820002054A2010038
:100BA00038B50B8A0D461BB96FF01504204638BDC9
:100BB00001F10C0005F0C8FA0128F5D14FF0FF3023
:100BC0004FF0FF31FFF784FE04460028EED1E868BD
:100BD00000F02EF80446FFF783FE002CE6D104490E
:100BE000044808F0E6FC2846FCF76CFEDEE700BF90
:100BF0006C200020981A00200A4B93F84730042BF1
:100C000002D1810709D47047022B02D1020704D414
:100C10007047082B05D1830603D50349034808F024
:100C2000C8BC70473B2500206C200020981A00208B
:100C30002DE9F341A64D07462C78002C40F0B981F0
:100C400004238DF80730A34B0688D3F80080B8F151
:100C5000000F13D1B30A082B00F0848009D8032BAE
:100C600029D0042B40D040F206439E422ED00120D2
:100C7000B3E03F2B00F0FD80012022E10DF10603DF
:100C80000DF10702691CC0470128E3D09DF806302A
:100C900013B9012840F083810F236B700423AB70DC
:100CA0000123E8702B71A5F80560012300202B704B
:100CB00002B0BDE8F08140F60142B7F9003093423E
:100CC00006D040F6034293420BD00124012003E0FA
:100CD000F81CEFF7B5FD012484F001048DF80640FF
:100CE000D4E7F7F79FFEF6E73B88A3F58053013B77
:100CF000082B00F25281DFE813F0090012001C00FB
:100D0000500150015001500150012C009DF8073056
:100D1000714808338DF80730F8F705FADBE79DF8DE
:100D200007306D4840338DF8073007F0A3FD0020F1
:100D3000D1E700229DF8073008338DF80730664B65
:100D40001A605A60EB7A23F0600343F06003EB72A1
:100D5000EDE79DF80730604806338DF80730F8F767
:100D60000EFAB8E7384642F21C0130F8033B1AB2DB
:100D70008A4217DCB2F5005F18DDA3F50053013B92
:100D80001B2B13D8DFE803F0142F3812414412470D
:100D90004A4D12121212121212121212121250593B
:100DA0001212126242F24B039A4259D0012001E022
:100DB000EFF758FD42F264039E428DD042F2640385
:100DC0009E4200F2DF8042F219039E4200F2CD8083
:100DD00042F20C039E4200F2C18040F21D44341BDB
:100DE00018BF012478E79DF807303B4803338DF89E
:100DF0000730F0F73DFADDE79DF807303648083355
:100E00008DF80730F8F7E4F9D4E7F8F7D4F9D1E72B
:100E1000F0F7ECFACEE7F8F708FACBE7F8F7E0F9E5
:100E2000C8E7F0F73DFBC5E79DF807302A491033C6
:100E30008DF80730F8F79AF9BCE79DF80730264897
:100E400008338DF80730F8F77AF9B3E79DF80730E3
:100E5000002008338DF807300323E872EB71A9E70F
:100E60009DF807301C4802338DF80730F8F76DF90C
:100E7000A0E738464FF60B4230F8033B934210D8B8
:100E8000B3F57C4F7FF6F8AEA3F57C43013B0A2B0C
:100E900057D8DFE803F00E235656564A56563841C7
:100EA0004D004FF60C5293427FF4E6AEF8F7F1F99D
:100EB00007E09DF8073008480C338DF80730F7F746
:100EC000BCFD4FF6025326F00804E41A88E700BF81
:100ED000832500207C2000208A25002000209DF80A
:100EE000073040338DF80730334B1880EB7923F00F
:100EF000230343F02303EB712B7A23F0070343F022
:100F000007032B72DDE79DF807302B4817338DF868
:100F10000730F7F7ADFDD4E79DF8073026482033BA
:100F20008DF80730F7F7C8FDCBE7F7F79FFDC8E767
:100F30009DF80730204801338DF80730F7F7D9FDC9
:100F4000BFE701203AE7A6F50153283B1B4C9BB2B3
:100F5000DC4004F0010484F00104BDE6A6F5005372
:100F60000D3B41F241249BB2F2E742F232039E4232
:100F70003FF4B2AEA6F50154033C012C94BF00240B
:100F80000124A9E642F285039E429AD842F2670301
:100F90009E42D8D842F2660421E701209BE69DF8E4
:100FA00007300E22AB7001236A70EB70AE80A8711F
:100FB0007BE64FF0FF307BE68A2500202F80402023
:100FC00038B5094C0D4623781BB9BDE83840F7F712
:100FD0006BBEA278611C023208F05CFF0020042383
:100FE00020702B7038BD00BF8325002070B50546EA
:100FF0000E46084C204608F047F938B1A368294648
:101000002046B2B21B68BDE8704018476FF012006E
:1010100070BD00BF34A20100322337B50125ADF801
:10102000043000231C216846134A8DF80630ADF8C1
:1010300000508DF80230F6F705FA0446C8B905F0FD
:1010400017FA80B2F4F7B6FE29460C48F9F753FDBB
:10105000044670B901462A468520FCF745F82A4621
:101060002146E520FCF740F82A4621468A20FCF775
:101070003BF8204603B030BDC98801008420002021
:101080000149024808F095BAE8200020981A00208B
:101090000122054B05491A63A3F54023D3F818052F
:1010A0000860C3F81825704700E01050E4200020C5
:1010B0000122044B5A63044B1A68044BC3F81825E9
:1010C000704700BF00E01050E420002000E0045012
:1010D00001280AD0022801D020B170470420054B16
:1010E0001B681847034B1B68FBE7024B07201B6874
:1010F000F7E700BFF8200020014B02201B681847CB
:10110000F8200020012803D0022805D038B170470C
:1011100000200549F4F758BD01200349FAE7034BC5
:1011200002201B68184700BFD1100100F8200020E2
:10113000014B186000207047F820002010B51D48B2
:10114000D0E8AF3F23B9062904D8042926D839B1FD
:10115000002010BD0729FBD1383801F05FFDF7E70B
:1011600050F8203CA0F13804D3E900209047012832
:1011700008D0114B984203D00223606384F82C30CE
:101180000E48E6E742F21073A362032384F82C3082
:1011900004F11C0384F821002363F1E700F8173CF5
:1011A000074BA0F11C0140F8103C3838007CF9F7DF
:1011B000E3FCCDE7342100201F64660228210020D3
:1011C000FF3F420F01220021014808F04FB900BF44
:1011D000FC200020014B5861704700BFFC2000201C
:1011E00038B54FF0FF3105464FF0FF30FFF770FB89
:1011F00029492A48F6F766F80446FFF771FB002CE8
:1012000046DB40F20113264C002223846369A5616A
:101210006433636242F21073A3626FF07303227748
:10122000636304F13805D5E8EF3FC5E8E12F0029F5
:10123000F9D14FF0FF314FF0FF30FFF749FB04F1D8
:101240001C01207CF9F798FCFFF74AFB002320469D
:10125000144A01F017FD00282B4606DA0122D3E8D4
:10126000EF1FC3E8E02F0028F9D14FF0FF314FF016
:10127000FF30FFF72DFB207CF9F760FCFFF730FB18
:10128000D5E8AF3F13B1064801F022FD606B38BDD1
:101290006FF00B00FBE700BF0C2100203D110100A7
:1012A000FC2000200E720B0010B50C29036915D12B
:1012B00018680C4C80EAE0730028A3EBE0734FF051
:1012C00000004FEA930103F0030304FB03F3BDBFE7
:1012D00049425B4211601160536010BD6FF08500A0
:1012E000FBE700BF90D0030003689A070CD50368A2
:1012F000DB070DD50922074BC3F80C250F22C3F8D5
:10130000042501221A60FEE7034B0360EF3B0360F4
:10131000704700BF00801050F000FA5008B501235C
:101320002F4A3048C2F80038A2F55722D2F80024DC
:101330002D4AD2F84023292A04BF2C4AC2F80C3483
:10134000FFF7D2FF0830FFF7CFFF0830FFF7CCFFE1
:101350000830FFF7C9FF00F5F470FFF7C5FF244A16
:10136000D2F88C3043F44063C2F88C300022D300B2
:1013700003F57F0303F54043D3F8001401310AD08D
:10138000D3F8001439B1D3F800140132D3F804347F
:10139000402A0B60EBD1174BD3F80026D2071AD4A2
:1013A000154B1349D3F8182522F00302C3F818256A
:1013B000D3F81825C3F81825D1F88C2042F44062E0
:1013C000C1F88C200022C3F8A0250C4AD2F80034C2
:1013D000012BFBD008BD6FF00102C3F80026DFE748
:1013E0000000125000F50E5000C0FF000030055004
:1013F00000ED00E000E0105000E0045000900450C8
:10140000014B07F00FBB00BF598A0100036803F0CE
:101410001F027F2B02604FEA53129ABF024B53F810
:1014200022000020704700BF00B70100034A4309B3
:10143000D35C00F01F001844C0B2704710BF010019
:10144000F0B58446002587B0DFF848E0124F0191DF
:1014500002AE1EF8013B06AA02EBD30212F8144CAE
:1014600003F00703DC4014F0010406D10135042D1C
:10147000EFD10024204607B0F0BD97E80F0086E8C2
:101480000F0056F82520136A4CF825301362002B04
:10149000ECD0EFE720BF0100F4AE0100F7B5044641
:1014A0000846FFF7C3FF04EB4006B38A0D46DB078F
:1014B0002AD5204607F0C8FB2946204607F035FB11
:1014C00050B1204607F047FB0023276807EB800058
:1014D000C0F81035C0F810352946204607F064FBE7
:1014E000002101A8B1820195FFF790FF019B00EB5D
:1014F0008300D0F88020064B134043F00203C0F86D
:101500008030084603B0F0BD6FF01500FAE700BF69
:10151000F0F0FCFF2DE9F043044685B0084615467F
:101520001F46FFF783FF0E46804625B3204607F08F
:1015300007FB18B9204607F0F8FA18BB04EB480976
:10154000B9F8143003F01C0313B16B78012B19D0D8
:1015500001238DF80F3000233046CDE900536A1C7B
:10156000AB1C0DF10F0107F088FAB9F8143043F005
:101570000303A9F81430002F3ED03146204607F06F
:10158000DFFA20B96FF0150005B0BDE8F083002246
:10159000397823684FEA810C03EB8103C3F81025E7
:1015A000C3F8102504EB4802938A23F4604323F028
:1015B000200393827D78FDB12468B8786444D4F820
:1015C00010750E4B2D043B40C4F8103541F6F073F6
:1015D00005F4403503EA06130005D4F810752B43D3
:1015E00000F4801003433B43C4F81035938A43EA68
:1015F000413343F0200393820020C5E70FE0ECFF66
:1016000070B590F8B040054690F8B1604CBB8422AC
:101610002146143008F04BFC2146134A2B6852F83F
:1016200036608E4213D1002440F20D10C3F84441BD
:10163000D3F844210D4A934208BFDB20FBF732FD6B
:101640000123204685F8B030C5F89C3070BDCAB281
:10165000920002F58070442A04BF1C501A580131D0
:10166000DFE76FF07700F1E710B7010000A00D5041
:1016700090F8B100024B03EB800007F0BAB900BF4D
:10168000D008002010B5064B90F8B1000C4603EBD3
:10169000800007F094F90028A4BF2070002010BD3E
:1016A000D00800202DE9F04F804658F804BB90F890
:1016B000B140DBF814136B4BC9B253F83420074622
:1016C0008DB0584641F4003107F097FA8203054681
:1016D0003AD51022002108A808F0E9FB614BE6008A
:1016E00003EBC404636808A819460093FFF7A8FE3B
:1016F000331D03934FF0000A5B4B0DF12009029359
:10170000029A584912F8013B0292039A02EBD30263
:101710008A5C03F0070322FA03F3DB071AD40AF109
:10172000010ABAF1040F09F10409E9D14FF40031BB
:101730000022584607F061FA009908A8FFF780FEDA
:101740000028D7D125F400350124002D73D10DB028
:10175000BDE8F08F454B53440493D9F80060002E48
:10176000DDD096FAA6F6B6FA86F6049B1C7846EA11
:1017700044142046FFF75AFE07EB4000818AF20826
:10178000C1F3820305930193012319F8020006F0C7
:10179000070603FA06F620EA060009F8020007A881
:1017A0000794FFF733FE079A11F0100F02F12002A1
:1017B00050F82260059BC6F3014623D04046019AAB
:1017C000214607F0D2F907A80794FFF71FFE079BF1
:1017D000F6B2203350F82330C3F301439E4207D1C1
:1017E0000021204607F092F93146204607F08EF995
:1017F00007A80794FFF70AFE0122079B02FA03F3EA
:101800000362AAE7022E14BF02210321204605939A
:1018100007F07CF9059B032B03D0022E07D1012B87
:10182000E6D121464046019A07F09FF9E0E7032EF2
:10183000DED1022BF4E795FAA5F3B3FA83F304FAA9
:1018400003F225EA020503F5A2725BF8222007EBFA
:1018500043034046B3F8A010C2F3014207F085F9F4
:1018600073E700BF10B7010020BF010020BF0100D7
:101870000123034A03FA00F093680343936070471F
:10188000280400200123044A03FA00F0936823EAA5
:1018900000039360704700BF2804002073B504461E
:1018A0000191EFF31186402383F31288BFF36F8F0A
:1018B0000B4D019B6A6801A81340019307F07FF864
:1018C000002807DB01226B68824023EA02036B6079
:1018D0002070002086F31188BFF36F8F02B070BDB7
:1018E000280400204FF0FF306FF0404130B5054C28
:1018F000D4E90023904271EB0305F9D31046C3F3FA
:10190000130130BD40270E5030B50C25074B1C1875
:1019100094F8544005FB0433C3E9031218750123FE
:10192000034A8340C2F8243330BD00BF280400209E
:1019300000200E50F8B53E4C2278002A72D13D4B63
:10194000D3F8101521F00201C3F81015D3F81015C3
:1019500041F00101C3F810150521C3F8A4160421B4
:10196000C3F8AC160723672101F001000244013BD4
:10197000D2B24FEA5101F7D1052A56D119464FF09C
:10198000010C2B4E00256720CFB204E00CFA02F2C6
:1019900020EA0200013590FAA0F25FFA85FEBE450A
:1019A000B2FA82F2F2D3013132750529224482F86B
:1019B000547006F10C06E5D1012100251E489A0855
:1019C00001FA02F212F0670F18BF1D500433302BDA
:1019D000F5D1E420FBF766FB164B1849D3F8102528
:1019E00003F5C07322F00202C3F8902340F6FF72A1
:1019F000C3F8A82100221A60A3F5807004338B423B
:101A00000260F8D101250B4B0D4A1D660D4B5D2080
:101A10001B68B3FBF2F358430B4B2B439847002052
:101A20002570F8BD6FF07700FBE76FF08B00F8E7EB
:101A30002804002000200E5000210E50B0210E502E
:101A400040420F00CC080020F0B1010038B5244B13
:101A50000D46D3F8102594073CD4D3F8102542F056
:101A60000202C3F81025C0B1D3F8482712F00102D2
:101A700002BFD3F8481741F00101C3F84817184BCB
:101A8000D3F84017D3F844174800F9D42AB9D3F84B
:101A9000482722F00102C3F84827124B124A1B685C
:101AA000B3FBF2F30E4A03EB4313B3B1D2F8401782
:101AB000D2F8441749000BD44FF0FF312846FFF706
:101AC000EDFE044610B92878FFF7D2FE204638BD57
:101AD000013BEAE76FF07704F8E76FF07304F5E78E
:101AE00000200E50CC08002040420F002DE9F047A6
:101AF000DFF89C9067234E4656F8044F0025E443D8
:101B00004FF00108234F04F06704C7F82833E9B207
:101B1000E4B9E420FBF7D4FA1E4BD3F8482722F0AF
:101B20000102C3F84827D3F8102522F00102C3F8B8
:101B30001025D3F8102522F00202C3F81025012247
:101B40005A669A6689F80040BDE8F087D9F80830EF
:101B500008FA05FA0AEA030313F0670F02D00846F1
:101B6000FFF790FED9F80430DB4303F0670313EA74
:101B70000A0F09D0002207EB0513C3F82C25E30751
:101B800002D5304606F035FF64080135BFE700BFD7
:101B90002804002000200E5070B51E461546174A36
:101BA0009DF81010131893F854300C3302EBC30453
:101BB00042F833506660C6F313020401A1B104F188
:101BC000A04404F56224C4F82055C4F824250C4C24
:101BD00080000444236833B1FFF784FEA842B1417A
:101BE00001D20023236070BD04F1A04303F56223FA
:101BF000C3F82055C3F82425F5E700BF28040020CA
:101C000000210E50F0B50E4D2B1893F85430000102
:101C10000C3355F8334005EBC3077E68641800F1B8
:101C2000A04021F0004146F1000641EAC27100F5F2
:101C3000622045F833407E60C0F82815F0BD00BF33
:101C400028040020F7B5284B284CD3F82C6304F166
:101C500088070EB903B0F0BD96FAA6F00123B0FADA
:101C600080F08340DA43224926EA0306231893F8DA
:101C70005450830019440C2303FB0543DB6873B302
:101C8000D7E8EF3F03EA020CC7E8EECFBEF1000F42
:101C9000F6D1C340DB0719D5020102F1A04202F5DB
:101CA0006222D2F82435D2F82025D1F800C0BCF148
:101CB000000FCED04FF0000CC1F800C00C2101FB8A
:101CC000054529690091E9688847C2E705F10C03D9
:101CD00004EBC30C54F83320DCF80430E5E70A6861
:101CE000002AB6D00B60B4E700200E502804002074
:101CF00000210E50044B40EA0120C3F80005D3F840
:101D00000024D207FBD5704700E00450036803F0BD
:101D10001F027F2B02604FEA53129ABF024B53F807
:101D200022000020704700BF20B7010010B50B4B08
:101D300004680B4A0B48844208BF1346B3FBF1F01A
:101D400001FB1033834206D2C30704D47E288CBF24
:101D50000020012010BD0020FCE700BF0024F4009B
:101D60000020A10700D0045070B54B7F04460D46FB
:101D70007BB101236426436000220221204607F044
:101D8000C0F820B9012006F018FE013EF4D100236E
:101D90006B770023064AC4F80035D2F84023292A7D
:101DA00004D1044A944208BFC4F8043C70BD00BF8B
:101DB00000C0FF0000D0045073B51646421C1C46FC
:101DC0000546069B18D0012902D1BBB107F0D7F810
:101DD00001A80195FFF79AFF019B240200EB830005
:101DE000D0F88020074B44EA86040C4313401C4380
:101DF00044EA4101C0F8801002B070BD07F0CBF892
:101E0000E6E700BFF0F0FCFF431C07B50ED00190E1
:101E100001A8FFF77BFF019B00EB8300D0F8802037
:101E2000044B134043F00203C0F8803003B05DF868
:101E300004FB00BFF0F0FCFF2DE9F04F91F82130DA
:101E400005460C4685B0002B00F0C58091F8227045
:101E50006F4A29686F4E70486369914208BF064611
:101E6000B6FBF3F66D4BD3F84033292B02BF95F840
:101E7000223043F0080385F8223094F8232095F8A7
:101E8000223062F3000385F82230227CDBB262F359
:101E9000410385F8223094F82380B8F1000F34D143
:101EA00062695F4B01219A4214BF4FF005094FF060
:101EB0000F09237E4246012B94BF00230123009388
:101EC00020684B46FFF778FFCDF800804B4642462E
:101ED00001216068FFF770FFCDF800804B46414656
:101EE000A27EA068FFF768FF237C424683F00103CF
:101EF000009301214B46E068FFF75EFF012100914E
:101F00004B464246E069FFF757FF94F82130002B1B
:101F100063D04FF0FF336B62637E94F8211094F826
:101F20001280207E0393002961D0D4F80CC0217C5C
:101F300094F8249094F820E02B68B9F1000F12D1A6
:101F4000D4E901BAD4F81C902268C3F80026C3F87B
:101F500004B6C3F808A6C3F80C96C3F810C6C3F8B5
:101F6000B815C3F8B075039AC3F8C085003A18BF16
:101F700001220228C3F82C653CD003283DD001285B
:101F800001D142F00202C3F85425C3F8ACE5234B5B
:101F9000D3F84033292B14D1022E31D9237E13F0EC
:101FA000FD0F2DD176080136F6B2BE4238BF3E464F
:101FB0002B68C3F8B06595F8223043F0040385F828
:101FC00022306B680BB32868C0F3083005B0BDE859
:101FD000F04FFBF767B802273AE7E3686B62227CB1
:101FE00095F8223062F3410385F8223094E74FF0F0
:101FF000FF3C9DE742F00402C5E742F00602C2E75B
:1020000095F8223023F00403D9E705B0BDE8F08F3E
:1020100000D004500024F4000020A10700C0FF00FD
:102020000048E80138B504460068C0F30830FBF703
:1020300047F8636843B12146154A51F8043BC3F899
:1020400008232068FFF790FE2368D3F80006D3F832
:102050000416D3F8085694F82230DB0714D4FFF79F
:10206000D3FE2846FFF7D0FE0846FFF7CDFE606A94
:10207000FFF7CAFE2368D3F80C06D3F81016FFF753
:10208000C3FE0846FFF7C0FE002384F8203038BDA9
:102090000700F81FF0B590F8213005460E461746A8
:1020A00085B0002B40F0B58043682BB112F0140FBF
:1020B00004BF012380F8213005F1100496E80F00D9
:1020C00084E80F00686A431C05D095F822309C070D
:1020D00017D506F054FF33682C6823B103F0604332
:1020E000B3F1005F06D1B36873B103F06043B3F19D
:1020F000005F09D000236FF00C0085F8213005B097
:10210000F0BD06F048FFE6E717F0010318BF012312
:10211000C4F84C3717F0020318BF01230020C4F89D
:102120001437D6E900C1D6E90223C4F83CC7C4F885
:102130004017C4F80427C4F80837C4F80801D4F8D5
:1021400008013548D0F84003292805D13348844296
:1021500004BF0220C4F8040C0720C4F8000595F859
:102160002200000744BF8220C4F8800C95F82200AA
:1021700046070CD58220C4F8840C686838B100206A
:10218000C4F80001D4F800010120C4F8040317F0DA
:10219000080605D14FF0010E6868C4F800E0F0B100
:1021A0006B686BBB95F82220100748BFC4F8803CD1
:1021B00095F82230590744BF0023C4F8843C686A6C
:1021C000421C05D095F822309B0716D506F0E3FE99
:1021D0001EB92046291DFFF7C7FD00208FE7D4F860
:1021E00008010028FBD0CDE900C1CDE9022304217C
:1021F0006A46204606F085FED2E706F0C0FEE7E715
:10220000042317F0040F14BFC4F80833C4F80433D0
:10221000E3E76FF00F0072E700C0FF0000D004504A
:1022200070B5847B2CBB02687F2A02F01F034FEA43
:1022300052111FD840F60C05104E56F821201049B7
:1022400002EB8302D2F880300B402B43C2F880307F
:1022500042687F2A02F01F034FEA52100AD856F84C
:10226000202002EB8302D2F880300B402B43C2F8CF
:10227000803070BD203354F82330FFDE30B70100CA
:10228000F0F0FCFF00210268094BC160C2F808337E
:10229000D2F8003223F0FF5323F4BC53C2F80032CB
:1022A0000123C2F8001580F8263080F82810704706
:1022B0002264F81F00232DE9F04780F827304B688F
:1022C00005460E461746046833B1CB6803F06043F9
:1022D000B3F1005F40F042813378023B012B06D816
:1022E000336903F06043B3F1005F40F037819D4BE9
:1022F000C4F8083395F8283003F0FF023BB16FF0C3
:102300000F08EB68C4F804334046BDE8F08707F0D7
:102310001403B3FA83F35B0985F82830337885F822
:102320002430737885F82530F3682B6173686B610E
:102330003369AB61B3682F62EB61C7F3001385F8B3
:1023400029307378C4F88835C4F83821D4F8383186
:10235000C4F82821D4F82831C4F81421D4F8143151
:10236000C4F80421D4F8043117F0010318BF012385
:10237000C4F84C3717F0020318BF0123C4F8143710
:102380003378032B00F28180DFE803F05E764A02A7
:102390004FF48073C4F80032D5E90423C4F83C2715
:1023A000C4F84037012323654FF00061204606F052
:1023B000C9FE0028F8D1D5E90623C4F83C27C4F8A3
:1023C00040374FF48063EB604FF0000817F00809C6
:1023D00010D13378032B0DD0012B6A686CD1A36226
:1023E000002A55D073682BB96B68002B00F09480DD
:1023F000012363606B68002B00F08E80780744BF78
:102400000023EB6079065EBFEB6843F00203EB60EC
:10241000EB6843F02003EB60EB68C4F8043373E728
:10242000D5E90423C4F83C27C4F84037D5E906238E
:10243000C4F80427C4F808374FF48453C4F80032B2
:10244000012323610223BEE7B806D5E90423C4F8BB
:102450003C27C4F840374BBF4FF480734FF40073F0
:10246000C4F80032C4F800324CBF4FF4806302233A
:10247000EB6001232361A7E7D5E90423C4F804270F
:10248000C4F808374FF48053D8E76FF015089DE77C
:102490006A6902B963604FF0010A40F2024940F2F2
:1024A0002241204606F04EFE810601D5C4F804A064
:1024B00010EA090FF3D095E701232365002A91D193
:1024C0006A693AB340F2024A19EA0A0F8AD140F225
:1024D0002241204606F036FE10F0200F8146F3D050
:1024E0004FF48041204606F02DFED4F8003208B1AA
:1024F0009A0505D401222261626040B14FF00009C3
:10250000DB05E1D54FF48061204606F01BFE4FF05D
:102510000009D9E76360D5E70022D4F8C434C4F8D1
:10252000C43485F828206BB19A0756BF03F0010820
:102530006FF00D08A8F18C0813F0040F18BF6FF0AE
:102540000A08E1E67B063FF5DFAE2046291D06F0CE
:10255000B7FD002808BF6FF08B08D5E66FF00C08B8
:10256000D2E600BF2264F81F70B50568022186B06C
:102570000446284606F0E6FD20210646284606F0D9
:10258000E1FDD0B1D6B9E3684FF48041C5F8083316
:102590000223E360E3682846C5F8043306F0D2FD61
:1025A00018B1D5F800329B0502D401232B616B6072
:1025B000012384F8273006B070BD8EB3236A5E060F
:1025C0000AD494F827303BB92846211D06F078FD3F
:1025D00080F0010084F82700236A13F0040337D148
:1025E000C5F83831D5F83821C5F83431D5F834314B
:1025F00094F8293013B194F82730F3B10023012265
:10260000C5F80032E3602E4BC5F30431C5F808333A
:102610008A40C5F343432B49603341F823200CE043
:102620004FF48061284606F08DFD94F82430002B8D
:102630002FD194F82930002BE1D0A38CADF80430D1
:102640002369049363690293A3690593E369039380
:10265000D5F8C4349807C5F8C4342AD459072AD405
:10266000DA072AD494F827309B00DBB28DF80030CB
:1026700094F829300BB984F82830236A5B0703D516
:1026800094F82730002B96D0D4E90131684698475A
:1026900091E74FF40073C5F800322223E360084B42
:1026A000C5F80833E368C5F8043301232B652B61B3
:1026B00081E70123DAE70223D8E70323D6E700BF47
:1026C0002264F81F00E100E0036803F01F027F2B83
:1026D00002604FEA53129ABF024B53F822000020C7
:1026E000704700BF40B70100F7B5064606F096FDFB
:1026F000084606F093FD01A80196FFF7E5FF40F6B6
:102700000D050C46019B2C4900EB8300D0F880306E
:1027100001940B402B43C0F8803001A8FFF7D4FF91
:10272000019B012700EB8300D0F880300B402B4346
:10273000C0F88030042006F040F9092501A8019472
:10274000FFF7C2FF019AC368D340DB0714D401A886
:102750000196FFF7B9FF019B013D07FA03F3836080
:10276000042006F02AF9304606F058FD042006F051
:1027700024F915F0FF05E1D101A80194FFF7A4FFAA
:102780000123019A93408360042006F016F9204645
:1027900006F044FD042006F010F901A80194FFF7AB
:1027A00093FF019AC368D34013F0010F0CBF6FF081
:1027B0008B00002003B0F0BDF0F0FCFF38B5EFF364
:1027C0001185402383F31288BFF36F8F064B9C68FB
:1027D00006F06DFD85F31188BFF36F8F2046BDE8CD
:1027E0003840FAF70FBD00BF3C21002038B50A4B36
:1027F00053F82040013053F82050A54200D838BD8E
:10280000606830B1037EDB0701D406F017FD0834A1
:10281000F3E723689847FAE750B70100012270B543
:10282000294B86B003201A70FFF7E0FF07F045F947
:102830000420FFF7DBFF254C254D2646AE4204F170
:1028400030040FD300F01CFE204CAC4226D300F025
:102850002BFEF8F7B1FC1F4A938923F00103938103
:1028600006B070BD54F80C3C059354F8103C04932A
:1028700054F8143C039354F8183C029354F81C3C4D
:10288000019354F8203C009354E90A2354E90C01C5
:1028900000F002FC54F8303C5E65CEE7D4E90A2330
:1028A000B3F1FF3F08BFB2F1FF3F05D052EA030189
:1028B000206803D106F078FF3034C6E706491830A7
:1028C00001F006F8F8E700BFCB25002044AD010079
:1028D00044AD0100C81B0020E5960100882370B5B7
:1028E000134E012203FB0066002386B0CDE90423CA
:1028F0000F220193CDE9023214234FF4A0720D4D43
:102900000D4903FB0055044602FB00110B4B3046FA
:10291000009500F0C1FB337C2C7423F00403337466
:10292000074B013403EBC423EE606B6006B070BD4F
:10293000401B00203C210020583D0020FD9201005A
:10294000583500207FB50020FFF750FF284B03F5D6
:10295000006282F3088883F30A88E023254C00256F
:1029600084F822302023E37725766576A57684F8EF
:102970002050636A43F4E023636284F82350FAF73B
:10298000FDFAFAF729FC4FF0FF33A362E362FAF78E
:1029900009FEFAF7A3FC184800F0E8FB0120FFF756
:1029A00025FF0220154CFFF721FF00F0A7FD144B77
:1029B0004FF480525C61134B134905930123204669
:1029C000CDE90353CDE90155104B009500F064FBB0
:1029D0000646237C204623F00403237406F05FFEA2
:1029E0002846FFF77BFF31462046084AFAF7D4FB1A
:1029F0005835002000ED00E0501C0020C81B0020CE
:102A00003C21002050BE0100983E00201D280100FE
:102A100038B5064C064DAC4201D3002038BD2046E7
:102A2000D4E9011206F046FC1434F4E7A0090020B2
:102A3000A00900202DE9F341044617461E46EFF396
:102A40001188402383F31288BFF36F8F304BC26825
:102A50009B6872B18068984217D057EA060216D177
:102A600088F31188BFF36F8F6FF00F0002B0BDE8DD
:102A7000F08193F90E1001322161C4E9023288F32A
:102A80001188BFF36F8F0020F0E72169F3E793F916
:102A90000E1090F90E30994230DA9942A8BF1946CB
:102AA00006F037FC054622464146CDE90076194836
:102AB00000F044FC0028E6D0EFF31186402383F3B6
:102AC0001288BFF36F8FA068D0B1236821699C4240
:102AD0000AD04BB193F90E309942A8BF19466FF056
:102AE0007F039942B8BF194606F013FC40B1314646
:102AF000084806F007FE6FF00A00B7E70025D2E7A6
:102B0000002DF4D186F31188BFF36F8FF3E700BF78
:102B10003C210020CC250020F8B583680546002B19
:102B200040D0234A926893423FD1C368012B03D916
:102B3000013BC3600020F8BDEFF31187402383F30E
:102B40001288BFF36F8F0169806806F0E2FB2C6882
:102B5000A54207D10023C5E9023387F31188BFF3EB
:102B60006F8FE7E7002CF5D0D4E900320026136020
:102B70005A60237CC4E9006623F002032374A66034
:102B800004F1180006F09EFEAC6094F90E30204669
:102B90002B61C4F8806006F082FD3946054806F0D6
:102BA000B1FDC7E76FF01500C5E74FF0FF30C2E792
:102BB0003C210020CC25002037B51146EFF31185CC
:102BC000402282F31288BFF36F8F04689CB12368A0
:102BD000426823F003039442036008BF436001216D
:102BE000204606F01AFC044685F31188BFF36F8F68
:102BF000204603B030BD51EA0302F5D000F10802CF
:102C0000CDE900131046294600F098FB0028EFD1CB
:102C1000014B9B685C69EBE73C21002070B5EFF34A
:102C20001186402383F31288BFF36F8F0468A0429C
:102C30001BD0D4B1D4E90032002513605A60237C44
:102C4000C4E9005523F002032374A56004F11800C1
:102C500006F038FE2046C4F8805006F020FD3146CC
:102C6000BDE87040064806F04DBDD0E902329A42F8
:102C700018BF0133836086F31188BFF36F8F70BD77
:102C8000CC25002013B5EFF31181402484F3128882
:102C9000BFF36F8F846844B1013C846081F3118875
:102CA000BFF36F8F002002B010BD52EA030406D1BB
:102CB00081F31188BFF36F8F6FF00F00F3E7CDE959
:102CC00000230246014800F039FBECE7CC25002048
:102CD00070B50546EFF31186402383F31288BFF3E6
:102CE0006F8F00232C68A54219D0C4B1D4E90032FB
:102CF00013605A600023227CC4E9003322F00202F0
:102D00002274A36004F1180006F0DCFD6FF00A03E2
:102D10002046C4F8803006F0C2FC0123E2E700221E
:102D2000AA6023B986F31188BFF36F8F70BD314657
:102D3000BDE87040014806F0E5BC00BFCC2500208E
:102D40002DE9FF4104464027534EEFF3118887F3E6
:102D50001288BFF36F8FD4F88C50F5B9022104F1BB
:102D6000A40006F08FFB002870D004F19C0500221F
:102D70000121284606F038FD0028F8D100234FF045
:102D8000FF3202934FF0FF334146CDE90023434821
:102D900004F1940200F0DCFCD7E7D4F890202B6813
:102DA0009542C4F88C3008BFC4F89030D4F8A430F1
:102DB00043F00203C4F8A430EB6823F0040343F0AB
:102DC0000103EB606B6888F31188BFF36F8F2846AF
:102DD0009847EFF3118887F31288BFF36F8FEB6882
:102DE000D80623F001023ED4EA60EB689A0717D5B3
:102DF000306823F00203EB6090B10021036878B1E2
:102E0000426895423DD10368002934D1726833602D
:102E1000904200D17360002340F8083BFFF7FEFEAC
:102E2000D4F8A43023F00203C4F8A430DB0530D476
:102E3000D4F88C30003B18BF012388F31188BFF30E
:102E40006F8F002B81D000F061FB7EE7D4F8A430B7
:102E5000D90693D5C4F8A40088F31188BFF36F8F07
:102E600004B0BDE8F08123F01103EB6005F1100020
:102E7000FFF7D4FEB9E70B607368984208BF716032
:102E8000C9E701461BB11A6818461346B7E71A4648
:102E9000FAE70023D1E700BF5C210020CC25002009
:102EA000F8B5C36804469A070E46C3F3400542D4FA
:102EB0005F0742D40B680BB983680B60E368D807DF
:102EC00042BFA36802253360376858BF012557B356
:102ED0001B4B9A68D7F888309A421ED106F09EFBA9
:102EE00080F00100C0B2D7F8A430D907C3F3800244
:102EF0001CD5F2B1F8B100232360D7F8903073B934
:102F0000C7E92344384606F0D7FAE36843F00403E0
:102F1000E3603368A3602846F8BD0020E3E71C6047
:102F2000C7F89040EEE76FF0150506E06FF0120568
:102F300003E01B07DFD56FF00F0500233360EAE7DE
:102F40003C2100200146014806F033BBF81C00205C
:102F5000F0B50446002089B00E9DC4E9230004F1B9
:102F60009400C4E9250004F19C00C4E9270055B38E
:102F70002879002840F2011008BF0120C4F8A400FD
:102F800000204FF0FF364FF0FF37CDE90330CDE999
:102F90000100CDE9066720460C4B009400F0BAF81A
:102FA00055B1296811B1204606F03EFB6B791BB183
:102FB000A38943F00103A381204606F0F5FBC4F882
:102FC000884009B0F0BD0120D8E700BF412D0100C5
:102FD00037B501900846EFF31184402181F3128840
:102FE000BFF36F8FC16811F01E0F16D153EA0205AF
:102FF00008D101A9FFF754FF84F31188BFF36F8F45
:1030000003B030BD41F00801C16001991030816109
:10301000034900F05DFC0120EEE70020ECE700BF73
:103020002D95010001460148FFF7D2BFF81C002092
:10303000F7B50C4616461D460190EFF31187402365
:1030400083F31288BFF36F8F084606F026FA55EA1D
:10305000060309D1204601A9FFF722FF87F3118853
:10306000BFF36F8F03B0F0BDE368324643F008034F
:10307000E360019B0449A36204F110002B4600F0B9
:1030800027FC0120EAE700BF2D9501000146014819
:10309000FFF7CEBFF81C00202DE9F043984685B01D
:1030A00000F15803C0E91633109B002683810423E6
:1030B000073222F0070503740F9B01EB05090F4649
:1030C00083734946C0E906668660C6730446F9F70D
:1030D00001FE0E9B073020F007002067C4E91A7537
:1030E00002930D9BA9EB000901930C9B4A460093A8
:1030F000394643462046FAF733F8054B66659B6828
:1031000003B15B6F4846636705B0BDE8F08300BF5D
:103110003C210020F0B5002587B00595109DDDE924
:10312000127604950F9D044603950E9D02950D9D04
:1031300001950C9D0095FFF7AFFFB6F1FF3F08BF6B
:10314000B7F1FF3F05D056EA070305D1204606F048
:103150002BFB204607B0F0BD3A46334604F1180079
:10316000014900F0B5FBF4E7E59601000123037483
:1031700083810023C0E91A334367014B986070478D
:103180003C2100206FF00A01094A9368C3F88010BF
:103190000849D8674B6843F080534B60002383F3A2
:1031A0001188BFF36F8F9368D3F88000704700BF1A
:1031B0003C21002000ED00E070B590F91020037C68
:1031C000002A2FDBD9062DD11A4C63F07F0322464B
:1031D000037452F8183FE169934207D1C0E9002116
:1031E0000860E0610FE09942F8D01B68002BF5D031
:1031F00093F90E6090F90E50AE42F4DD5968C0E9C3
:10320000003108605860A569954200D005B9E568AD
:10321000A3681A7CD20606D1DA897F2A03D9AA6963
:103220000AB9636170BDAB4202D0284600F0D2FA01
:103230006561F7E73C21002038B590F91020014680
:10324000002A037C04DA03F07F03037406F0EFF92D
:103250000D4D2A4652F8184FAB68944200D004B97D
:10326000EC688B4207D01A7CD20604D1DA897F2A17
:1032700001D9A2692AB1A34202D0204600F0AAFADD
:1032800023466B6138BD00BF3C210020B3F1FF3FF6
:1032900008BFB2F1FF3F03D00249183000F018BB5D
:1032A000704700BFE5960100034648B9EFF3058279
:1032B00032B9064A51699268914201D0FFF762BF64
:1032C00083F31188BFF36F8F704700BF3C2100204C
:1032D00038B5184CA168E0690B68814214BF1A46E2
:1032E000002249680B605960A368E1692AB9124A53
:1032F000C3E900210B60E3610AE092F90E5093F9F3
:103300000E00854212DD5168C3E900210B60536055
:10331000A569094B9D4200D005B9E568A3689D42A7
:1033200002D0284600F056FA656138BD8A42DED0E8
:103330001268DBE73C21002054210020F8B5DDE9CC
:1033400006670D4B0C46986811460C4A1060EFF367
:103350001182402282F31288BFF36F8F9D68284646
:1033600006F077F9284632463B46FFF78FFF2046A6
:10337000BDE8F840FFF706BF3C2100206421002093
:10338000F8B50446EFF31187402383F31288BFF3A7
:103390006F8F037C49B203F01F02002A0CBF012685
:1033A000002635D103F07F032A4D037406F03FF960
:1033B0002A46037C817363F07F03037452F8183F3D
:1033C000E869934207D1C4E900200460EC610DE094
:1033D0009842F8D01B68002BF5D093F90EC08C45AD
:1033E000F6DD5968C4E900310C605C60AC69944258
:1033F00000D004B9EC68AB689C4202D0204600F0D3
:10340000E9F96C6187F31188BFF36F8F3046F8BD1F
:103410009B071CD5856806F00AF981732B689D42CD
:1034200009D16B68C4E900531C606C60EAE76A6804
:103430009A42F6D01B68002BF3D093F90E208A42F3
:10344000F5DD5A68C4E9003214605C60DAE7817324
:10345000D8E700BF3C210020034648B9EFF30582BE
:1034600032B9064A51699268914201D0FFF78ABE8B
:1034700083F31188BFF36F8F704700BF3C2100209A
:10348000EFF31181402383F31288BFF36F8F054B55
:103490009A68D37B013BD37381F31188BFF36F8F9D
:1034A000704700BF3C21002070B5EFF31186402328
:1034B00083F31288BFF36F8F0F4DAB68DA7B013255
:1034C000DA732A4652F8184F944200D004B9EC68D7
:1034D0001A7CD20604D1DA897F2A01D9A2692AB1DD
:1034E0009C4202D0204600F075F923466B613046BD
:1034F000BDE87040FFF7D8BE3C210020024B03F12D
:103500001802C3E9062270473C21002070B5EFF392
:103510001186402383F31288BFF36F8F1A4CA16882
:10352000E0690B68814214BF1A46002249680B60AB
:103530005960A368E1692AB9144AC3E900210B6004
:10354000E3610AE092F90E5093F90E00854216DD10
:103550005168C3E900210B605360A5690B4B9D4284
:1035600000D005B9E568A3689D4202D0284600F066
:1035700031F965613046BDE87040FFF703BE8A420D
:10358000DAD01268D7E700BF3C2100205421002088
:10359000F8B550EA010306460C4603D1FFF7B6FF23
:1035A0000020F8BDEFF31187402383F31288BFF3A7
:1035B0006F8F124D124BA8681860FFF73DFEA86888
:1035C000234632460F49183000F082F9AA680446B3
:1035D000137C384643F004031374FFF7D3FDAB6844
:1035E000D3E90A23B3F1004F08BF002AD8D106F06F
:1035F0009EF9201A20EAE070D3E700BF3C210020AA
:1036000064210020E5960100014B9868704700BFD7
:103610003C2100202DE9F84304468789EFF3118609
:10362000402383F31288BFF36F8F037C190705D5FE
:1036300086F31188BFF36F8FBDE8F883D90943F093
:1036400008026FD10274A36813B1204605F0F7FF9A
:1036500004F1180006F036F9A56D04F15808A845E4
:1036600011D04FF0000975B1284605F0E8FF05F1CB
:10367000180006F027F92846C5F88090FFF79CFD52
:10368000A56DA845EFD1DFF8BC80D8F808309C4282
:1036900050D1EFF30589B9F1000918BF4FF00109C6
:1036A000D8F81850284A954200D00DB9D8F80C50D7
:1036B000AB4202D0284600F08DF82046C8F81450DE
:1036C00002F080FCB9F1000F02D02048FFF74EFD58
:1036D000D8F808309C4230D1EFF305836BBBA28948
:1036E000D20711D586F31188BFF36F8F83F311884A
:1036F000BFF36F8F0423184602DFEFF311864023D8
:1037000083F31288BFF36F8F3046FFF73BFDFB0753
:1037100092D5002383F31188BFF36F8F04231846DB
:1037200002DF89E703F07F0343F00803037405F029
:103730007EFF88E74FF00009B2E786F31188BFF3F8
:103740006F8FE4E73C21002054210020501C002012
:10375000D3B5DDE90667089CCDE90067FFF7EEFD0C
:103760001CB1034B9B685B69236002B0D0BD00BFF6
:103770003C210020027C034612F01F0210D10A49AE
:1037800088420DD00949086868B1D9897F2909D8CC
:1037900093F90E20064B1B689A42B8BF0020704771
:1037A0000020704710467047401B0020D8080020BA
:1037B000682100200122044BC01A044BC01058435A
:1037C000034B1A54704700BFD81C0020ABAAAAAA0A
:1037D000CC25002070B50C4B0C4D1E7CFFF7CAFFAA
:1037E000182303FB06550446284606F06BF8002212
:1037F000074B9A553CB1621E2846BDE8704005490A
:10380000D31700F065B870BD3C210020D81C002003
:10381000CC250020B537010038B5EFF311854023E2
:1038200083F31288BFF36F8F0F4B104A9C681068A8
:10383000A04206D1FFF7CEFF85F31188BFF36F8F4B
:1038400038BD00211B7C1160094AD35C002BF3D0EA
:103850002046FFF78FFF0028EED0237CDB0601D146
:10386000FFF736FD2046E5E73C21002064210020DB
:10387000CC250020024B1868984208BF00207047F2
:10388000DC080020034B1B680BB9FCF7A1BF00202C
:10389000704700BF6C21002030B570B10B4B5B68E6
:1038A00098420AD0036843B1D3E90421D0E9044522
:1038B000121941EB0501C3E90421D0E9003213607C
:1038C0005A600023C0E9003330BD00BFDC0800208F
:1038D000B3F1FF3F08BFB2F1FF3F2DE9F84F0446B7
:1038E000994615461F467AD08160EFF31188402330
:1038F00083F31288BFF36F8FB9F1000FDFF8E4A0F4
:1039000020DBFFF7BFFFDAE90027013549F10009A5
:103910002D1849EBE07306464FF00109C4E9045342
:10392000AD1843EB0707FFF7A5FF0346DFF8B8E044
:10393000DEF804A0EBB9C4E900EACAF80040CEF80A
:10394000044028E06FF00103DAE900125B1A4FF03F
:10395000FF3161EB02025B1B62EB0902012B72F18A
:103960000001BCBF012300224FF00009C0E904326E
:10397000D9E7D3E9041CD4E904208A4270EB0C0B8C
:1039800024DA891A5A686CEB0000C3E90410C4E910
:10399000003214605C60FFF76DFF84420ED1134B60
:1039A0001B685BB9B9F1000F02D1FFF76BFF064648
:1039B000304605F070FF0021FCF73AFF88F31188CC
:1039C000BFF36F8F28463946BDE8F88F521A60EB77
:1039D0000C005345C4E90420ADD01B68AAE70025BC
:1039E0002F46EFE7F01C0020DC0800206C210020AF
:1039F0002DE9F047DFF8A8900246C9F800000D460F
:103A0000FFF738FF00260027DFF898804FEAE27EB4
:103A1000D8E9001350B1D0E9044CA2427EEB0C0A65
:103A20001ADAA41A6CEB0E06C0E9044600245218F8
:103A300043EB0E032046C8E90023C9F8004005F017
:103A40002AFF2146FCF7F4FE85F31188BFF36F8F40
:103A5000BDE8F047FFF7E0BE611843EBE473C0E94F
:103A60000467C8E90013FFF717FF01224FF0004376
:103A7000C0E9042385F31188BFF36F8F83689847EB
:103A8000EFF31185402383F31288BFF36F8FD9F8CA
:103A90000020121BC9F80020FFF7ECFEB6E700BFBC
:103AA0006C210020F01C002010B5EFF3118440239E
:103AB00083F31288BFF36F8FFFF7E4FE0346054AD6
:103AC000D2E90001181841EBE37184F31188BFF3C8
:103AD0006F8F10BDF01C002073B50446EFF3118604
:103AE000402383F31288BFF36F8F8368594003EA42
:103AF00002050A4053400022009309496B46019297
:103B000005F095FEDDE9003223EA020304F10C0022
:103B10003146A36005F0F6FD284602B070BD00BF37
:103B20004D9A0100F8B507460C46164605F076FD9D
:103B300008B10020F8BD0D4B9B685D6F002DF8D0DB
:103B4000221DF6D2EFF31184402383F31288BFF3D2
:103B50006F8F284647F00401B04784F31188BFF304
:103B60006F8F0028E5D040F8045BE3E73C2100209C
:103B70000146024A0020FFF7D5BF00BF3F580100B1
:103B800007B5074B4FF40062009306494FF0FF332F
:103B90000548FFF7DDF9002003B05DF804FB00BF26
:103BA00068B70100984E0020F81C002038B50C4C76
:103BB0000C4805F0B7FF65780A4805F0B9FF0A48D8
:103BC00005F0B0FF022D08D12478E31F5C425C4170
:103BD000054805F0ADFF204638BD0024F8E700BFDA
:103BE00070210020E4080020FC08002038B50446BD
:103BF0000D46FFF7DBFF30B12A462146BDE83840CD
:103C0000024805F089BF6FF0880038BD742100209C
:103C100010B51B4C1B4805F085FF2378590744BF9E
:103C200003F0FB0323709A0705D500F0B1F8237861
:103C300023F002032370134805F07AFF124805F0C1
:103C400071FF637813B1114805F069FF0023042167
:103C50000E48637000F0B6F80B4805F069FF09489C
:103C600005F060FF2378DB0705D505F051FF2378C9
:103C700023F0010323700348BDE8104005F058BF4E
:103C800070210020FC080020E4080020742100209E
:103C900070B5FFF78BFF10B10024204670BD34488B
:103CA00005F040FF044620B16FF08F04FFF7B0FF2E
:103CB000F3E7304D2B789E0706D400F061F80446F8
:103CC0002B7843F002032B70294805F031FF10B127
:103CD000002CE9D0EAE7002CE8D1254805F022FFC6
:103CE00004460028E0D12B78D80706D405F00EFF53
:103CF00004462B7843F001032B701D4805F018FF94
:103D00000028E5D1002CD1D1194805F00BFF00287F
:103D1000CAD117482E7805F00BFF0028C4D11648E9
:103D200005F000FF04460028BED16B783BB9F107CF
:103D300005D5124805F0EDFE022304466B700E48CF
:103D400005F0F6FE0028C3D1002CAFD1084805F0DD
:103D5000E9FE0028A8D12B7805485A075CBF43F03C
:103D600004032B7005F0E4FE002895D09CE700BF0B
:103D7000FC08002070210020E408002074210020AD
:103D80000122024B002083F8C022704778210020D6
:103D90002DE9F0410A4C002526464FF00108032783
:103DA0002046C4F820802777013505F092FE102DBB
:103DB00004F12C04F4D1002386F8C032BDE8F08170
:103DC0007821002010B50A46044619B1024B0021A3
:103DD0001B68984710BD00BF74B7010010B50D4CAB
:103DE000206806F023F80C4A1368591C11605BB96F
:103DF0000A4A5920D2F8003443F00703C2F80034CD
:103E0000F9F750F900F052FC2068BDE8104006F0C8
:103E100013B800BF180900203C2400200090055072
:103E200038B5164D286806F001F8154B1C68013CA2
:103E30001C60ECB95920F9F743F90722114BC3F87C
:103E40000823D3F8002422F00702C3F80024C3F8A3
:103E50000041D3F80021C3F80441D3F804214FF006
:103E60000072C3F80841D3F80831074BC3F8882122
:103E70002868BDE8384005F0DFBF00BF1809002002
:103E80003C2400200090055000E100E070B5104D8A
:103E9000104E2B68B34219D0FFF7A0FF00F056FD7B
:103EA00000F0E8FD38B105F045FE0446FFF7B8FF25
:103EB0003CB92E6005E000F007FB044618B1FFF79F
:103EC000AFFF204670BD05F01AFFEEE70024F8E7CB
:103ED00014090020117365000022074BC3F810215C
:103EE000C3F80C21C3F80021C3F80421C3F808214A
:103EF000C3F81821704700BF0090045008B5FFF7C1
:103F0000EBFF01230360104B0A6832B9D3F80C2190
:103F10001AB9D3F80821002AF6D00B687BB90B4BED
:103F200099420ED0A3F58473D3F80831002B14BF47
:103F30006FF002004FF0FF30FFF7CEFF08BD00200A
:103F4000FAE74FF0FF30F7E7009004500891045073
:103F500038B505460C4691B10021012004F0BAFFA6
:103F600008480949C0F80055C0F80445FFF7C6FFE6
:103F700000210446084604F0ADFF204638BD6FF02E
:103F80000104FAE70090045000910450034B0449E7
:103F9000C3F800050348FFF7B1BF00BF009004500D
:103FA000049104500490045010B5044600210120EF
:103FB00004F090FF064B0749C3F800450648FFF799
:103FC0009DFF00210446084604F084FF204610BDF2
:103FD00000900450089104500890045038B50C46E5
:103FE00059B1074D0749C5F800050748FFF786FF97
:103FF00010B9D5F80835236038BD6FF00100FBE734
:1040000000900450109104500C90045000212DE9B0
:10401000F043064695B0084600F028FC0DF1270550
:10402000044625F01F0520B115B0BDE8F04305F0AA
:1040300081BD4FF01009DFF88080012210211F4858
:1040400005F0E4FD1D4A2B19009320211023CDF823
:104050000490A2F1200000F075FA074650B100204C
:1040600000F02EFC384605F065FD0746384615B0D1
:10407000BDE8F083D8E90C321034013342F100027C
:10408000302CC8E90C32D8D100F01AFC26B12246F7
:104090003146284605F0ADFD2E46074C0FCE0FC425
:1040A00096E80F00203584E80F0095E80F001034E3
:1040B00084E80F00DAE700BFA01D0020C01D00202B
:1040C000F0B5194D194FAB6B8DB0BB4229D0184ECE
:1040D000306805F0ABFE402300221946284605F063
:1040E000C2FE3021684605F0A5FD044678B9684651
:1040F000FFF78CFF044690B9302302461946684604
:1041000005F0B1FE01220023C5E90C23AF6330683E
:1041100005F092FE204605F00DFD0DB0F0BD0E2419
:10412000F5E70020F9E700BFA01D0020B4A5B4A565
:104130001C0900202DE9F04F99B00DF1570902F14B
:104140000F0A04468846154629F01F094FEA1A1A35
:1041500032B1002900F08780B2F5005F00F2838061
:10416000424F434E386805F061FED6E90C321343E6
:1041700008D12046FFF7A4FF044618B1386805F0BF
:104180005BFE5CE0D6E90C231AEB020A43F1000364
:10419000BAF5803F73F1000314D3302102A805F073
:1041A00049FDF8B902A8FFF731FF04460028E5D120
:1041B00030230246194602A805F055FE00220023CE
:1041C000C6E90C230021084600F050FB044660B904
:1041D00010249DB9284600F073FB2846FFF716FF10
:1041E0000446CBE76FF09204C8E7386805F024FE78
:1041F000204619B0BDE8F04F05F09CBC102D4FF0E3
:1042000001024FF010011B48AB4628BF4FF0100BC6
:1042100005F0FCFC174A10232021CDE90094A2F1FF
:10422000200000F08FF9824668B1002000F048FBC2
:10423000386805F001FE504605F07CFC0446204637
:1042400019B0BDE8F08F5A464046494605F022FEB7
:10425000D6E90C32013342F10002C6E90C32A5EB7B
:104260000B05D844B5E76FF08604E8E71C09002089
:10427000A01D0020C01D00202DE9F04F89B01C4674
:1042800007460D46164605F017FD0346002840F088
:10429000F8807A690090C2F3013161F305138DF85B
:1042A000003013F0300308D1B868800710D06FF0E9
:1042B0008608404609B0BDE8F08F102B08D1BDF844
:1042C000023023F4F87343F4A873ADF8023053E0DE
:1042D000D2B2F82A2ED100224FF0010B90461046A0
:1042E0009446D7F808E0DFF8D09159F804AB1EEAFD
:1042F0000A0F08D00BFA0CF242EA080202F07F081B
:10430000012240EA0A000CF1010CBCF1070FECD1CC
:104310002AB19DF8032068F347028DF803203EEA96
:10432000000007D17A88FF2A0FD006D8802A35D01E
:10433000C02A35D06FF08508BBE7B2F5807F31D059
:10434000B2F5C07FF6D1062200E003229DF80200FC
:1043500062F306108DF8020013B91EF0030FA6D108
:104360003B79022B2BD01FD8012BA0D1BDF8022006
:1043700063F3C812ADF80220012938D0032923D0F5
:10438000002994D13B88B3F5105FD3D1182C03D00A
:10439000202C01D0102C8AD1484F2CE00122D5E7E7
:1043A0000222D3E70422D1E7032B02D0FF2B7FF4B4
:1043B0007EAF0222BDF8023062F3C81385E7BDF874
:1043C000023043F4C07380E7202C05D006D8102CAF
:1043D00002D0182C7FF46BAF394F0CE024F020038F
:1043E000412B01D0302CF5E70136013CF4E7302CAD
:1043F0007FF45DAF334F4FF000080F344FEA1419CC
:1044000005EB080005F00CFC002852D008F101086B
:10441000C145F5D11F2C2ED11C22002101A805F089
:1044200046FD4FF0000B4FF0FF3A07EB0B124FEA3F
:104430000B130692BBF1000F26D1009A0792BDF82C
:1044400002203344C2F3C11205920DF1040C03F1B2
:10445000100E624618685968083303C273459446C3
:10446000F7D101A905EB0B00FFF772FD804670B193
:1044700005F022FC05E04946284605F005FC002829
:10448000CAD06FF0920814E7CDF81CA0D7E71C2122
:1044900001A80BF1010B05F0F1FCD945C5D11F2C8A
:1044A0003FF407AFBA20FFF77FFD00283FF401AFCC
:1044B000E7E76FF08A08FCE678B7010000FF072005
:1044C000000000201094055010B590B01C2200216F
:1044D00001A805F0ECFCF82005F0A2FB00B32022B7
:1044E00000200DEB0201FFF725FE0446F0B94FF462
:1044F0008071104A104B01A8CDE901230F4BCDE983
:1045000003130F4BF821069320230DEB0302FFF753
:10451000B3FE202104460DEB010005F0AFFC05E0E1
:10452000F92005F07DFB0028D9D10446204610B0C3
:1045300010BD00BF00240001014B4E800010C004DC
:10454000F800FF7F37B54FF480740194214C41F09F
:104550000051A16140F6110143F00053A3622123F1
:10456000E16104F12001616101212262E362069AA6
:10457000194B01AD1A60079A256042F000521125CF
:10458000C3E901122022DFF854C02061C4E902C54A
:1045900004F1100565606162DA60BFF35F8F104A55
:1045A0001460BFF35F8FBFF35F8F1361BFF35F8F43
:1045B000BFF35F8F03235363BFF35F8FBFF35F8F3F
:1045C0009363BFF35F8F00F033F8431CFBD003B05D
:1045D00030BD00BF502400204024002004000020F3
:1045E0000000015038B5BFF35F8F104CE569BFF391
:1045F0005F8FBFF35F8F10236363BFF35F8F012073
:1046000005F02FFCBFF35F8F00236363BFF35F8F61
:10461000BFF35F8FE36BBFF35F8F5B06F8D425B109
:10462000BFF35F8FE561BFF35F8F38BD00000150BE
:1046300008B500F09FF9104A20B9BFF35F8F906A68
:10464000BFF35F8FBFF35F8FD36BBFF35F8F10F04C
:10465000240F03F0230304D0FFF7C4FF6FF01F0003
:1046600008BD4FF0FF30002BFAD1BFF35F8F10630E
:10467000BFF35F8F1846F3E700000150BFF35F8F71
:10468000094A1368BFF35F8F43F48071BFF35F8FF4
:104690001160BFF35F8F23F48073BFF35F8F1360EC
:1046A000BFF35F8F704700BF00100150BFF35F8FF3
:1046B0001522064B5A62BFF35F8FBFF35F8F40F244
:1046C00037129A62BFF35F8F704700BF001001502E
:1046D00008B5FFF7D3FFBFF35F8F064A1368BFF338
:1046E0005F8F43F00103BFF35F8F1360BFF35F8FF2
:1046F00008BD00BF0010015070B50026C0E900667B
:1047000005460C46FFF76AFB01232B70FFF7B6FF47
:10471000BFF35F8F204BDB68BFF35F8F9B08013BCC
:10472000ACB3226842B19A4205D9FFF779FB6FF02A
:104730003F002E7070BD1346D4E90115E0680029D2
:1047400008BF4FF40071002808BFF1202469BFF3AF
:104750005F8F114A9360BFF35F8FBFF35F8F156464
:10476000BFF35F8FBFF35F8F5064BFF35F8FBFF303
:104770005F8F5163BFF35F8F44F4802444F00104E2
:10478000BFF35F8F1460BFF35F8F0020D2E74FF459
:104790000071F1202546DAE70010015070B503786A
:1047A0000D461446002B52D0BFF35F8F2C4A136B7B
:1047B000BFF35F8F03F00E010A294BD013F00C0FEB
:1047C00002D14FF0FF3070BD4368D3B9BFF35F8FA4
:1047D0005368BFF35F8F032BF3D9224B2249BFF3FA
:1047E0005F8FD2F88060BFF35F8FBFF35F8F43F8B6
:1047F000046BBFF35F8F8B42F1D1FFF769FF012399
:104800004360BFF35F8F164B9A68BFF35F8F01322F
:10481000B4EB021F21D8BFF35F8F5A68BFF35F8FDD
:10482000B4EB820FCDD884B1BFF35F8FD3F8802073
:10483000BFF35F8F291D05F8012BA9424FEA122211
:1048400004F1FF34EFD0002CF5D10020BBE76FF06E
:104850002000B8E76FF05100B5E76FF03F00B2E716
:1048600000100150101001502010015010B50446E6
:10487000FFF7B4FA104B186805F0D8FA0CB1012311
:104880002370BFF35F8F00200C4BD861BFF35F8FA5
:10489000BFF35F8F4FF0FF321A63BFF35F8FBFF339
:1048A0005F8F3422DA61BFF35F8F012203F5922319
:1048B000C3F8042310BD00BF2009002000000150F0
:1048C00010B5044608B1037843B1FFF7A9FA044BC9
:1048D000186805F0B1FA0CB10023237010BD00BFB9
:1048E0002009002038B5154CD4F80051BDB1BFF3F4
:1048F0005F8F134B996ABFF35F8FBFF35F8F4FF0EA
:10490000FF321A63BFF35F8F0023C4F80031D4F87D
:1049100000310C4B1868BDE8384005F0A0BAD4F857
:10492000083153B100F076F805F019FAC4F80851CF
:10493000D4F808310121044BECE738BD0090055054
:1049400000000150280900202409002008B5074B69
:10495000186805F073FA064B186805F06FFABDE8A1
:104960000840002259201146F8F7BEBB2809002054
:104970002409002038B5094B1C7864B1084B4FF06E
:10498000FF311D68284605F05BFA4FF0FF31044601
:10499000284605F062FA204638BD00BFCB2500202E
:1049A0002809002010B5064CE36C3BB9214651F8AC
:1049B0004C3B986905F014FA0123E364014810BDEB
:1049C00080240020CC24002010B504460E4B18682B
:1049D00005F02CFA0D4B1A68236122605A68626058
:1049E0009A68A2600A4A12689A660023A364FFF7D5
:1049F000F5F9204605F0A4F90028FAD1204605F083
:104A0000A4F90028F5D110BD2C0900208024002035
:104A100094B70100004870478024002010B5044678
:104A2000054A036912689A6605F0CDF92046BDE88B
:104A3000104005F09CB900BFACB7010010B50446AA
:104A4000FFF7ECFF0422084BC3F80823FFF7E8F94F
:104A5000064A236912689A6600236364044BBDE822
:104A60001040186805F0E8B90090055094B70100AF
:104A70002C09002010B50E4B0E4C236003F5C043EB
:104A800063602461FFF78EFF236D2046B3F5007F3E
:104A9000CCBF4FF480634FF40073A360FFF794FF23
:104AA0002046FFF7BBFF2046FFF7C8FF002010BDE0
:104AB0000020015080240020244B0340B3F5806F78
:104AC00030D016DC402B2FD008DC102B2ED0202B22
:104AD0002ED0181E18BF012040007047B3F5807F0C
:104AE00028D0B3F5007F27D0802B14BF02200B20E5
:104AF0007047B3F5804F21D00BDCB3F5805F1FD03A
:104B0000B3F5005F1ED0B3F5006F14BF022006207E
:104B10007047B3F5004F17D0B3F5803F14BF0220A4
:104B200003207047112070470A2070470C207047FF
:104B300009207047082070470720704714207047ED
:104B400005207047042070470F207047F0FF0100D8
:104B50000FB407B504AA064B52F8041B186801925B
:104B600000F028F803B05DF804EB04B0704700BF14
:104B7000ACB20100F8B50E4B06461D68AB789B073A
:104B800012D56F6816F8014B29462CB90A20B84790
:104B9000002805DB204609E02046B8470028F1DA66
:104BA000AB7843F00403AB704FF0FF30F8BD00BFAB
:104BB000ACB201002DE9F04F43688BB080469246BD
:104BC000009383789C0740F1F9800025087800283D
:104BD00000F0F68025280AD04B1C01930135414690
:104BE000009B98470028C0F2E3800199EEE74E78D9
:104BF0008B1C252E0193F1D000270A22B9463C4692
:104C00001F2C22D8A6F12003102B20D8DFE803F0B8
:104C1000141F1F1A1F1F1F0B1F1F1F121F171F1FDD
:104C2000090044F00104019B13F8016B0193002E6D
:104C3000E6D13AE044F0020444F00404F3E744F01F
:104C40000804F0E744F01004EDE77F2C24D8A6F127
:104C50003003092B08D860064EBF02FB073744F02B
:104C6000200402FB0939DEE72A2E0DD161065AF82D
:104C7000043B53D4002BA7BF44F020049946C3F152
:104C8000000944F02804CEE72E2E05D1630600F17A
:104C9000978044F04004C6E76C2E2ED028D8682EAA
:104CA00032D06A2E37D04C2E35D0002F46F020035C
:104CB000B8BF24F04004A3F16502BCBF0027A4B232
:104CC000022A01D9612B2BD10AF1070A07279D4E31
:104CD0002AF0070A0AF1080A210760D506EB070B3C
:104CE00034465C455DD1AE1BA9EB0709A21959E119
:104CF000742E98D07A2E96D0D7E7260648BF44F473
:104D0000007444F080048EE7E00548BF44F400746A
:104D100044F4807487E744F4207484E71F4682E7F4
:104D2000A6F16302122A00F2D880DFE812F0130025
:104D30004D00D600D600D600D6004D00D600D600D5
:104D4000D600D600D600E800D100D600D6001A0062
:104D5000D600A0005AF8043B012704AE8DF81030AD
:104D6000BAE75AF8046B784B002E08BF1E4614F0C1
:104D7000400F304614BF39464FF0FF3105F0C2F8FE
:104D80000746A9E741462020009B984700280FDBF3
:104D9000013CA742F6D34D44A1462D1B9EE74C464D
:104DA000F7E7414614F8010B009B9847002898DA72
:104DB00098F8023043F0040388F802304FF0FF35D2
:104DC00028460BB0BDE8F08F220630D5A3052AD5C2
:104DD0000AF1070A2AF007039A4659685AF8080B9D
:104DE00024F0100B00291FFA8BFB2FDA40424BF402
:104DF000806B61EB410104AC0A23224605F08EF87A
:104E00001BF0400FA0EB040200F08E802BF0010499
:104E10009742A4B240F38F80002E40F08E802BF09A
:104E20001104A4B21DE05AF8040BC117D8E7E0053D
:104E30005AF8041B01D40846F7E7A20547BF48B259
:104E400041F3C01108B241F3C031C9E750EA010390
:104E5000D1D16306CFD5002FCDD124F011043A462D
:104E6000A4B23B4640F206410C4262D124E024F059
:104E700010040A23A4B214F0800243D014F4007189
:104E800017BF0AF1070A5AF8040B2AF007029246E4
:104E90001CBF51685AF8080B50EA01023ED124F0B9
:104EA000160B62061FFA8BFB3CD5002F3AD124F07B
:104EB00017043A463B46A4B221075AD4E10705D568
:104EC000994572DDA9EB03039F184B469B464AE0C8
:104ED00044F0100410237826CDE7782B04D1C6F1D6
:104EE000780343F01003C6E741462520009B98470E
:104EF0000028FFF65DAF02354146304670E60823D4
:104F00000026B8E714F480715AF8040BC4D014F4E6
:104F100000711ABFC0B2114680B2BDE724F006048A
:104F20001FFA84FB04AC68E713465C46E10699D59A
:104F30002EB90133C0E71346F8E73B46F6E70233E4
:104F4000BAE700BFA8BE0100A1BE0100CDE9023250
:104F500041462020009B98470028FFF629AF0BF11F
:104F6000010BDDE90232D945F0DCEB1A03EB0B054E
:104F70005B46E10627D541463020CDE90232009B51
:104F800098470028FFF614AFDDE902327EB90135FB
:104F90002F44791B8A4229DB144604AE94BB2A4471
:104FA000A9EB03091546914440E017468EE7023508
:104FB00041463046CDE90232009B98470028DDE9A2
:104FC0000232E5DAF4E640F206410C42E0D014F099
:104FD000020F05F10105414614BF2B20202014F4D7
:104FE000806FCDE9023218BF2D20E5E7CDE902320E
:104FF0004146009B3020013598470028DDE9023208
:10500000C7DAD5E6013C4146CDE90232305D009B6E
:1050100098470028DDE90232C0DAC9E6414620207F
:10502000009B013598470028FFF6C2AEA9EB0503A7
:10503000002BF3DCD9E500BFF8B521F000460346AC
:10504000B6F1FF4F05D820F000420746B2F1FF4FFE
:1050500004D91846F3F748F9034610E0B1F17E5F32
:1050600003D1BDE8F84000F0A9B88C1704F00204A1
:1050700044EAD0746AB9022C03D0032C04D0184639
:10508000F8BD35493548E5E733493548F3F72AF99E
:10509000E2E736B9002F304901DA3248F6E7324804
:1050A000D8E7B6F1FF4F21D1B2F1FF4F16D1022C54
:1050B00008D0032C0CD0012C274901D02B48C9E77C
:1050C0002B48E3E72B492948F3F716FA2249C1E7B1
:1050D00029492648F3F710FA1F49D7E7022CD0D008
:1050E000032CD1D0012C33D00023C8E7B2F1FF4FFD
:1050F000D0D0921BB2F1F45F4FEAE25010DB1F49AF
:105100001948F3F7EFF80346012C17D0022C18D0FA
:10511000002CB4D01A491846F3F7E6F80F49B5E762
:10512000002901DA3C3007DB1846F3F799FA20F042
:10513000004000F043F8E6E70023E5E703F1004311
:105140009DE70F491846F3F7CFF8014603489DE75E
:105150004FF0004393E700BF6042A20DDB0F4940D0
:10516000DB0F49C0DB0FC9BFDB0FC93FDB0F493F76
:10517000DB0F49BF00004040000040C02EBD3B3364
:105180002EBDBB3310B100200249704700200249F8
:10519000704700BF0000F0FF0000F07F08B1024838
:1051A00070474FF0FF407047000080FF08B504F0E3
:1051B00065FF014808BD00BF0000C07F20F000432C
:1051C000B3F1A14F2DE9F0410446804612D3B3F16B
:1051D000FF4F06D90146F3F787F804462046BDE89D
:1051E000F0810028634901DD6348F4E76348F3F781
:1051F00079F8F2E7624A934257D8B3F1445FEDD3AE
:105200004FF0FF3621462046F3F776F90146074670
:10521000F3F772F95B490546F3F76EF95A49F3F76C
:1052200063F82946F3F768F95849F3F75DF829461A
:10523000F3F762F95649F3F757F82946F3F75CF9A3
:105240005449F3F751F82946F3F756F95249F3F761
:105250004BF83946F3F750F9504907462846F3F71B
:105260004BF94F49F3F73EF82946F3F745F94D4915
:10527000F3F738F82946F3F73FF94B49F3F732F8DB
:105280002946F3F739F94949F3F72CF82946F3F79A
:1052900033F901463846F3F727F82146F3F72CF99E
:1052A000731C014651D12046A1E7414A20F0004439
:1052B00093422AD8A2F5D002934214D82146204620
:1052C000F3F712F84FF07E51F3F70CF805464FF064
:1052D00080412046F3F708F8014628460026F3F7F8
:1052E000BFF904468EE74FF07E512046F2F7FAFFF1
:1052F00005464FF07E512046F2F7F6FF014628465C
:105300000126F3F7ADF904467CE72A4A934215D803
:105310004FF07F512046F2F7E5FF4FF07F510546F1
:105320002046F3F7E9F84FF07E51F2F7DDFF014632
:1053300028460226F3F794F9044663E721461E48FF
:10534000F3F78EF9032604465CE71C4B53F826104E
:10535000F2F7C8FF2146F2F7C5FF194B014653F893
:105360002600F2F7BFFFB8F1000F0446B8BF00F106
:10537000004433E76821A233DA0FC93FDA0FC9BF0F
:10538000FFFFDF3ED769853C59DA4B3D356B883DE1
:105390006E2EBA3D2549123EABAAAA3E21A215BDEA
:1053A0006BF16E3D95879D3D388EE33DCDCC4C3EF7
:1053B000FFFF973FFFFF1B40000080BFC4B7010005
:1053C000D4B7010070471346F0B4DA028768066963
:1053D00007D513F4402F1EBF43F3000202F440220E
:1053E0005340012534688D4023F48012DB074CBF05
:1053F0002C43AC4334603B68F0BC18478368DB68DF
:10540000184783681B69184738B504F094FA4FF4BD
:105410007A74A0FB040547F61222002304FB015115
:10542000F3F7C6FA38BD10B547F6122C0446002132
:1054300040F2E7304FF47A720023E4FB0C01F3F7FB
:10544000B7FABDE8104004F086B9836800EBC101EB
:10545000B3F5004F2CBF51F8220031F8120070470D
:1054600000EBC1018068B0F5004F2CBF41F822303D
:1054700021F812307047012208B5FFF7E6FFD0404F
:1054800008BD836800EBC101B3F5004F08D34B683A
:105490001AB143F001034B60704723F00103FAE7B0
:1054A0004B881AB143F001034B80704723F001038E
:1054B000FAE753000122FFF7D3BF08B58368B3F5BD
:1054C000004F06D3FFF7D7FF01288CBF0020012033
:1054D00008BD0020FCE78368B3F5004F34BF042308
:1054E0000823C91A081AC00870478368B3F5004F2B
:1054F00028BF0139B1FA81F0C0F11F0070472DE9D2
:10550000F041174603220E460446FFF79EFF8642EF
:10551000054607F104080AD10122E368BA4023EAEC
:105520000203E360002344F82830BDE8F0813146EF
:1055300002222046FFF789FF06462B46014603223A
:10554000204644F82850FFF78BFF33462946204673
:10555000BDE8F0410222FFF783BF38B504460D468F
:10556000FFF7ABFF70B929462046FFF784FF0146DD
:105570002046FFF7BAFF294602462046BDE83840DC
:10558000FFF7BDBF38BD2DE9F04705468946FFF757
:10559000ACFF05EB800ADAF81070064677B94FF0D9
:1055A000FF34EB680136B4401C4015D094FAA4F2E5
:1055B000B2FA82F2131D55F8234009E03C464FF041
:1055C000030821462846FFF756FF484507D33246D1
:1055D00021462846FFF793FF2046BDE8F087214685
:1055E00003222846FFF731FFB8F101080446CAF844
:1055F0001000D4D08742E4D1D1E72DE9F041144620
:105600000E460546FFF737FFA4EB0608371B074495
:10561000424631462846FFF74CFF3A462146284687
:10562000FFF747FF4346002221462846FFF718FFB1
:1056300021462846FFF71FFF3B4621180022284637
:10564000BDE8F041FFF70CBF2DE9F04116460446D6
:105650000F46FFF710FF314605462046FFF70BFFC8
:1056600005442A4639462046FFF723FF31462046A7
:10567000FFF701FF2B46311800222046BDE8F0411C
:10568000FFF7EEBE2DE9F04104460D46FFF715FF8A
:10569000B8BB29462046FFF7EEFE01462046FFF73D
:1056A00024FF04EB80010E6996B90122E368824071
:1056B0001343E36002220D612B4629462046FFF783
:1056C000CFFE032229462046BDE8F041FFF7C8BEC1
:1056D000022231462046FFF7B8FE07460346294618
:1056E0002046FFF7BDFE0322334629462046FFF73A
:1056F000B7FE39462B462046FFF7B2FE022231465E
:10570000E1E7BDE8F08170B500295CD005680122B1
:105710002846FFF7E0FE014604462846FFF795FEBF
:10572000104006D180F31188BFF36F8F0423184611
:1057300002DF21462846FFF79EFE2618314600224A
:105740002846FFF782FE361AB44206D082F311884B
:10575000BFF36F8F0423184602DF0022214628463C
:10576000FFF78FFE2146FFF786FE261801223146FD
:105770002846FFF76AFEC20708D431462846FFF7DD
:10578000ECFE324621462846FFF75EFF0022214606
:105790002846FFF75AFE261A012231462846FFF70F
:1057A00054FEC30709D431462846FFF7D6FE2246E9
:1057B00031462846FFF748FF344621462846BDE8D3
:1057C0007040FFF75FBF70BD70B5056809B9002074
:1057D00070BDAB6801F00704B3F5004F34BF04227D
:1057E000082207341444E40804EBD1049C4228BF87
:1057F0001C4628462146FFF7C6FE06460028E6D08E
:1058000001462846FFF737FEA04209D93444314605
:1058100028462246FFF7F1FE21462846FFF732FFD1
:10582000284601223146FFF72CFEAB68B3F5004F46
:1058300034BF0423082303EBC6031844C8E711460A
:10584000FFF7C2BFB2F5802F34BF042308232DE930
:10585000F0410026D21A8C18CD1D25F0070524F042
:105860000704641BE408056021462846AC60EE602E
:10587000FFF73BFE820002F11B07FF0831460432AE
:1058800005F1100004F013FB3A4631462846FFF7B5
:1058900010FE3346324631462846FFF7E1FDA4EBC1
:1058A0000708284631460122FFF7EBFD42463946FC
:1058B000FFF7FFFD3B46324639462846FFF7D0FD4D
:1058C00021462846FFF7F5FD434632462146284645
:1058D000FFF7C6FD214628460122FFF7D2FD3946D3
:1058E000BDE8F041FFF7CEBE044608B5EFF31183E3
:1058F000402383F31288BFF36F8FEFF3108372B6E8
:10590000FAF77AFF2046F8F761F800F065FBFCE74C
:10591000038B13F0070306D10368002B18BF032085
:1059200008BF00207047022B05D1408BB0FA80F0F1
:10593000400980007047012B04D10368002B18BF79
:105940000520EDE70020704710B50C4600B111B9F5
:105950006FF0150010BD081D00F0ABF80028F9D15C
:10596000A368032BF6D9F3E72DE9F0410D4607466E
:105970001946281D90461E4600F0ACF8044638B182
:105980003346424629463846A446BDE8F0416047C2
:10599000BDE8F08110B4EFF31182402484F3128843
:1059A000BFF36F8F416110BC0121F6F7F7BF38B527
:1059B0000C46054658B151B10B6843B14B6833B141
:1059C0001C22002104F073FA00202C6138BD6FF016
:1059D0001500FBE7F8B504460E46FFF7B5FF051EB8
:1059E0003BDBEFF31182402383F31288BFF36F8F09
:1059F0004FF6FF71638B278B8B4207F007072ED082
:105A0000062F2FD8DFE807F0182E082E18041800EC
:105A10006FF08505002303E0013363830225012332
:105A200082F31188BFF36F8FBBB100233A46314632
:105A30002046FFF799FF10E000233360636823B925
:105A4000C4E9006627B13D46E4E71E606660F9E7F9
:105A500002212046F6F7A2FF3D462846F8BD6FF02A
:105A60000A05D7E76FF00405D4E710B5EFF311820C
:105A7000402383F31288BFF36F8F048B04F0070475
:105A8000022C0AD0012C0CBF6FF004006FF08500CF
:105A900082F31188BFF36F8F08E0438B013B9BB209
:105AA000438323B92146F6F779FF204610BD2046EF
:105AB000EEE7034658B1426802F00302012A03D020
:105AC000032A04D1026812B10020986070476FF079
:105AD000150070474268034602F00302032A4FF0A4
:105AE0000002816014BF104600685A60704770471A
:105AF000C3691BB11B7900200B7070476FF0570012
:105B00007047C06918B1D0E8AF0F00F001007047CE
:105B1000C3693BB11B692BB1DB691879B0FA80F01E
:105B2000400970470120704770B5C56904460E46AC
:105B30000DB103232B712046FFF7EAFF80B103214B
:105B40002046B047002802DA10F1860F09D12DB99E
:105B500020463346BDE870400121184701232B71D0
:105B6000002070BD38B5C4692568A90601D400209D
:105B700038BDE168D9B10139E1600029F7D1A368E6
:105B80009847002803DAE3680133E360F0E7012374
:105B90006A072371ECD52069C3691B68DB0509D549
:105BA000FFF7E0FF236823F004032360E0E76FF0D2
:105BB0007700DDE76FF00A00DAE7D0E8AF0F0841C1
:105BC00000F001007047FDF75DB8FDF727B870B52C
:105BD0000446C06990B10821FFF7EFFF014670B19C
:105BE000EFF31185402383F31288BFF36F8F2046B4
:105BF000FFF7B8FF85F31188BFF36F8F70BD2046A4
:105C0000BDE870400022002300F0ECB82DE9F74F0A
:105C1000C569064625B90024204603B0BDE8F08FCB
:105C200005212846FFF7C9FF02460028F3D00821C6
:105C3000F069FFF7C2FF044678B3EFF31187402302
:105C400083F31288BFF36F8FF569EB6803BB2B6892
:105C50005A070DD4286958B1C3691B68DB0519D5EB
:105C6000FFF7D4FF041E0EDB2B6843F004032B6008
:105C700001213046AB689847041E04DB00232B71DA
:105C8000EB680133EB6087F31188BFF36F8FC3E7D5
:105C90000024F5E76FF00A04F5E7F6F779FF074609
:105CA000F0B9EFF31181402383F31288BFF36F8FB4
:105CB000EB6823B1287910B917460133EB6081F303
:105CC0001188BFF36F8F002FA5D103F0A7FC421EF0
:105CD00067F1000305F11800FFF775FF041E7EDB76
:105CE00003F09CFC10B12B79022B13D02F692FB33A
:105CF0000221F069FFF761FF00BB3846FFF786FF1E
:105D0000044648B901212846FFF757FF70B13846CD
:105D1000FFF75DFF6FF00A04F6F73AFF00287FF403
:105D20007BAF05F11800FFF750FF75E7D5E8EF3FAF
:105D300043F00403C5E8E23F002AF7D1EB680133E2
:105D4000EB602B79022B08D105F1380003F053FCEE
:105D500010F0010001D12871DEE7F6F719FF40B914
:105D60004FF0FF384FF0FF3905F1280A2B79022B4D
:105D70001AD0EB68012BCFD80121AB68686998472E
:105D8000041E29DAEB68013BEB60002FC4D03846D3
:105D9000FFF71DFFF369D3E8EF1F21F00401C3E80B
:105DA000E21F002AB8D0F6E70321504605F1180B90
:105DB00003F075FE5846FFF708FF00220321504606
:105DC000CDE9008903F06FFE4FF0FF324FF0FF3353
:105DD0005846FFF7F8FEC9E700232B719CE76FF0E8
:105DE0000A0419E72DE9F047C46907468A462046A8
:105DF0000521FFF7E2FE91469846064618B90025B0
:105E00002846BDE8F087EFF31182402383F3128820
:105E1000BFF36F8FE368012B8ABF03F1FF330026C6
:105E2000E36082F31188BFF36F8F002EE7D1F6F79E
:105E3000AFFE18BB03F0F2FB421E66F1000304F153
:105E40001800FFF7C0FE051E3DDB5646E368002B39
:105E500036D0013BE36043B996B102234A46237131
:105E600004F138004346FDF7DDF8F6F791FE00280F
:105E7000C6D104F11800FFF7A8FEC1E73546E5E7F3
:105E80003146A36860699847051E03DAE368013369
:105E9000E360EAE7012323710221F869FFF78DFE31
:105EA0000028E2D0FB691869FFF791FEFB69D3E88F
:105EB000EF1F21F00401C3E8E21F002AD5D0F6E766
:105EC0006FF07705D1E76FF00F0599E7F8B500217E
:105ED000044650F8303C50F8240C98470546A4F18D
:105EE00020074FF0FF334FF0FF323846FFF76BFECD
:105EF000002DB7BF54F82C3C0123013344F82C3C4F
:105F0000B8BF002304F8343C0121A4F110009940EB
:105F100003F0C1FD3846A4F13806FFF756FE85B9F7
:105F200002213046FFF749FE58B154F8280CFFF71C
:105F30004EFED6E8EF3F23F00403C6E8E23F002A16
:105F4000F7D1F8BD70B50446C06988B10821FFF7E4
:105F500034FE70B1EFF31185402383F31288BFF351
:105F60006F8F2046FFF7FEFD85F31188BFF36F8F1B
:105F700070BD2046BDE870400121FFF733BFC36903
:105F80000BB1F6F70DBE1846704703F090BF03F053
:105F900081BF012801D1EFF30583FCF70FBC014657
:105FA0000068FFF7F6BF08B5F6F790FEBDE80840B9
:105FB000F7F718B900210120FFF7EBBF836E83F3D9
:105FC0000B8870476FF08500704761B662B680F34A
:105FD0001188BFF36F8F704772B6002383F3118867
:105FE000BFF36F8FBFF34F8F30BF62B6BFF36F8FBA
:105FF000704772B6002383F31188BFF36F8FBFF32E
:106000004F8F20BF80F31188BFF36F8F62B6704748
:1060100040E800F313F4803FD8B208BF6FF01500DA
:10602000704730B50C684B6885B00A894D8900947B
:10603000013B24F01F04234402F01F0242EA4512F0
:1060400023F01F0369468DF808200393F7F77CF9C6
:1060500005B030BD08B5F7F757FB002008BD704705
:10606000002303824369C3607047C1698968F7F7F9
:10607000ABBBEFF31182402383F31288BFF36F8F22
:1060800000230B60436833B9C0E9001182F3118823
:10609000BFF36F8F704719604160F7E7034610B593
:1060A000EFF31181402282F31288BFF36F8F0068F3
:1060B00028B15C680268A0421A6008BF5A6081F388
:1060C0001188BFF36F8F10BD027A013202727047E0
:1060D00083680B4403607047838802681944818099
:1060E000D018704730B484880568A31883802819B5
:1060F00030BC03F0CFBE10B5838802685C1C84807E
:10610000D154D01810BD034600689A88401A114433
:106110001860998070470268531E036083880133BA
:10612000838002F8011C704703468288521A8280DD
:106130000068084418607047034600689A88521A3D
:1061400001449A801960704710B5036801211C78DA
:10615000FFF7EAFF204610BD012310B506210446D3
:1061600000F8013BFAF742FF18B9A37963F03F0347
:10617000A37110BD38B50446807AF7F7FBFA616960
:10618000054649B1637ADB0704D4C36920461B681E
:106190009B6898470023636121462846BDE8384044
:1061A00003F05AB9034610B5D3E8EF0F40EA0102F5
:1061B000C3E8E42F002CF7D110BD01210C30FFF70C
:1061C000BBBF30B40446084602EBC3039A4201D178
:1061D00030BC7047114611F8085BA54206D1018A10
:1061E00053789942F4D330BC536818470A46EDE718
:1061F000D0E8EF3F0B40C0E8E23F002AF8D17047FB
:10620000072208B503F05BFEB0FA80F0400908BD34
:1062100018B111B10846F8F737B96FF0150070479B
:1062200013B5044680B106216846FAF7DFFE48B987
:106230009DF80530694603F03F0320468DF8053090
:10624000FFF7E6FF02B010BD6FF01500FAE7003867
:1062500018BF012070472DE9F74F884601904FF095
:10626000FF314FF0FF30F7F7BBFD0446002849D05F
:1062700020210C30FFF730FF0027064600212022A6
:1062800003F015FE3946D8F8005006F1010BD8F896
:1062900004309F4208D3317000222146019803B098
:1062A000BDE8F04FF7F724BE6A78881C13181F2B3F
:1062B00095F800C05FFA80F908D9BCF1090FC9F15F
:1062C0001F0217D1002A15DD4FF0080C5FFA82FA81
:1062D0000AF1010E0BF801E00131C9B20BF801C05F
:1062E00069685844D14403F0D5FD01375FFA89F15C
:1062F0000835CCE72046F7F7E5FA6FF0150003B054
:10630000BDE8F08F6FF06800F9E770B506460D46FE
:106310004FF0FF304FF0FF3186B0F7F761FD0446D4
:10632000B0B10C3095B10121FFF7E5FE204606F132
:10633000100203A908230095F7F740FD002221462B
:1063400042F20A00F7F7D4FD06B070BD2946EBE72C
:106350006FF06800F8E7183003F04DB9F8F7EEBBBE
:1063600008B50A4601460020F8F700FC08BD0C22DB
:106370000369C9B202FB0133D86D00F00700704712
:1063800070B50346C9B20069EFF31186402484F367
:106390001288BFF36F8F0C2505FB0104E46D14F028
:1063A000C00401D0A24210D1012205FB0100C26548
:1063B000002086F31188BFF36F8F28B95B6803EB69
:1063C000C1035B689847002070BD4FF0FF30F0E7D5
:1063D0008022FFF7D5BFF8B5069F05460469C9B20C
:1063E000EFF3118C402080F31288BFF36F8F0C26DF
:1063F00006FB0146F06D00F0070EBEF1010F11D152
:10640000F76500268CF31188BFF36F8F46B90C2017
:1064100000FB0144C4E915236B6853F831309847F9
:106420003046F8BD00F0C00087420CBF6FF0770621
:106430004FF0FF36E6E713B580240094FFF7CBFF5B
:1064400002B010BD10B41C240069CBB204FB0300E1
:10645000002110BC10470220FAF754BE022002F0BF
:106460007DBA1046FCF7DABB02F077BAFAF744BE01
:1064700040F272607047084608B51146FDF7B6FB5A
:10648000002818BF6FF0040008BD08B5FDF700FC38
:10649000002818BF6FF0040008BD70B5037B0446E8
:1064A0000BB102F074FA0026A06800B970BDB0F517
:1064B000007F28BF4FF4007005460246D4E9001063
:1064C000F8F73AFD63682B44636023680BB12B44F3
:1064D0002360A3685B1BA360002BE5D0237B013600
:1064E000002BE1D0304602F053FA0028DCD0012026
:1064F000DCE741EA02030846C3F30B0109B9F8F7E8
:106500003FBD6FF015007047084611461A4621B18D
:1065100003431B0701D1F8F733BD6FF01500704737
:106520000346F0B40C46DA88006819792243012545
:10653000066942F3000303F44023346853408D405E
:1065400023F48012DB0787684CBF2C43AC433460D4
:106550003B68F0BC1847436824330B600123136089
:106560007047436800201B6AC1E90030704710B5CE
:10657000044643681868FFF72AFB2069BDE810400D
:10658000FCF74CBB10B5446800694FF0FF324FF088
:10659000FF33FCF777FB2068BDE81040FFF736BB00
:1065A00003460A4619790123006803FA01F10369D9
:1065B0001B68194218BF82F0010212B18368DB68C0
:1065C000184783681B69FBE78C462DE9F0418EB0C4
:1065D0008DF800C04FF0010CDDE914154468D0F8C7
:1065E00010800020CDE907C1CDE90BC10DF10107F5
:1065F000D107CDF80100CDE9095002F0800602F084
:10660000080E3871CDF818D00D9513D598F81420D0
:106610001BBAD207049357BFBDF81130CDF8013033
:10662000ADF801309DF813304EBF0523BB70042335
:1066300007930B93BEF1000F05D0079B013307931F
:106640000B9B01330B9306AB0293A6B1002D14BF35
:106650000223012303930AAB0493022321460593EB
:1066600051F8040B4EB183681C68002302AAA047AE
:106670000EB0BDE8F0810123ECE783681C6804AB31
:10668000F4E773B5064640680D4690F84A305A065E
:1066900003D511B93430FFF783FF736893F84A408C
:1066A00014F0200409D0ADB92B4680229821304641
:1066B000CDE90055FFF788FF0446706890F84A302E
:1066C0005B0604D51DB101213430FFF769FF204678
:1066D00002B070BD0024F0E71FB5012301930DF156
:1066E0000F030093002305211A46FFF76DFF08B939
:1066F0009DF80F0005B05DF804FB2DE9FF4106464B
:1067000015461C4601270DF10F08002305211A46E6
:106710003046CDE90087FFF757FF40B99DF80F30AD
:10672000DB0704D52846214603F015F8EDE704B051
:10673000BDE8F0812DE9F3471F4643680C1E05466E
:1067400090461B6A62DBE2199A425FD8FFF75EFA55
:1067500000285EDB2846FFF715FF00212846FFF7DB
:1067600090FF064600283CD18146D7B3B7F5807F1D
:10677000BA4628BF4FF4807A224604EB0A03002C65
:1067800003F1FF334FEA1323B8BF04F1FF02B3EB69
:10679000222F08D06342DBB25FFA84FA58BFC3F1FC
:1067A000000ACAF5807A0023802206212846CDE916
:1067B0000099FFF709FF98B9234681220221284654
:1067C000CDE9008AFFF700FF50B9012200232846D7
:1067D000A7EB0A07D0445444FFF78FFF0028C4D02A
:1067E000064601212846FFF74CFF002E14BF344611
:1067F00004462846FFF7BBFE40F239120023284624
:10680000FFF7A0FB204602B0BDE8F0876FF015044B
:10681000F8E76FF00404F5E72DE9F341D0F80480C0
:106820000C1E1E4605461746D8F8203027DBA21955
:106830009A4224D8FFF7EAF9002823DB2846FFF71D
:10684000A1FE98F84B30284613F0020F18BF09221A
:1068500023460ABF01220B210321CDE90076FFF771
:10686000B3FE04462846FFF782FE40F239120023A9
:106870002846FFF767FB204602B0BDE8F0816FF0C5
:106880001504F8E76FF00404F5E7F7B5446805462A
:1068900094F84A309A0749D5076903F04CF84FF449
:1068A0007A76A0FB060C002347F6122206FB01C1F4
:1068B000F2F77EF83B69C31A15D4B4F84420B4F853
:1068C00046609B1AB3420EDA47F6122740F2E730D1
:1068D0000021F61A4FF47A720023E6FB0701F2F763
:1068E00067F802F038FF94F84A3013F004031DD122
:1068F0008022AB212846CDE90033FFF765FEB0B911
:1069000094F84A309B0711D540F2E7310D46014615
:1069100047F61220B4F848404FF47A72E4FB005175
:1069200000232846F2F744F802F015FF002003B0D8
:10693000F0BD73B54368044693F84A309A071BD5F7
:1069400000238022B921CDE90033FFF73DFEA0B935
:10695000636893F84A309B070ED5256902F0EBFF78
:106960004FF47A74A0FB040647F61222002304FBBE
:106970000161F2F71DF82861002002B070BD2DE919
:10698000FF410446032900F2DD80DFE801F09907AA
:1069900002110025284604B0BDE8F081FFF7F2FDA2
:1069A0002046FFF772FF05462046FFF7E0FDF1E7BE
:1069B0004668306802F068FC80B1337E1BB1F06835
:1069C00002F062FC50B12046FFF7DCFD2046FFF7E5
:1069D0005CFF0028204604DAFFF7C9FD6FF01205BE
:1069E000D8E7FFF779FE051E07DDE90705D5002288
:1069F00000232046FFF781FE05462046FFF7B7FD3E
:106A0000002DEBDB2046FFF701F90028E6DB2046EE
:106A1000FFF7B8FD4FF00308002303AF1A469F218C
:106A20002046CDF804800097FFF7CEFD05462046AE
:106A3000FFF79DFD40F2391200232046FFF782FA4E
:106A4000002DCBD13846424606F12C0103F037FA2F
:106A50000746002873D196F8303073B32046FFF70D
:106A600091FD2046FFF738FE051E21DD96F83030F7
:106A7000802225EA030506213B462046CDE9007722
:106A80008DF80B50FFF7A0FD054688B901210DF1E7
:106A90000B0300938022034601912046FFF794FDEB
:106AA000054628B9002200232046FFF726FE0546AA
:106AB0002046FFF75CFD002D90D196F82F5035B998
:106AC0002046FFF75FFD2046FFF733FF6BE7FF2D02
:106AD000F6D015F00B0F81D02046FFF753FD15F0CF
:106AE000080314D00123802201930DF10B030093BE
:106AF000172100238DF80B202046FFF765FD054682
:106B0000B8B92269137D43F00103137511E0AA0798
:106B100005D400238022B721CDE90033ECE78022A1
:106B200006212046CDE90033FFF74EFD054600283B
:106B3000EFD02046FFF71BFD002DC1D04EE76FF0D0
:106B4000150527E76FF0570524E7436800205B68C9
:106B5000DB680B607047436802EA01005B6821EA6A
:106B600002015860002099607047436800205B680C
:106B700059607047436800205B68996070474368BC
:106B80005B681A6821EA0200114058600020996091
:106B9000704730B50369586800B30024884219D1A2
:106BA00008688CB99C685860A14200D198600020A8
:106BB00008602AB15A680A609A68596002B99960F7
:106BC00000200FE02846E9E720609868814208BF6E
:106BD0009C60ECE705680446002DF3D1002AE9D15A
:106BE0006FF0150030BD00207047FAF75BBD0368F9
:106BF00040689B68184703684068DB68184738B5E9
:106C0000044601F004FE054601F001FE431BA342C9
:106C1000FAD338BD10B50446FFF7EDFF014660B961
:106C20002046F8F7CFFCA068FFF7E9FF20460121D6
:106C3000F8F7C8FCA068FFF7E2FF00212046FFF745
:106C4000D6FFE068FFF7DBFF20460021F8F7BAFC2B
:106C5000A068BDE81040FFF7D2BF10B5044601217F
:106C6000FFF7C5FF01212046F8F7ACFCE068FFF70D
:106C7000C6FFA068FFF7C3FF2046BDE81040FFF73E
:106C8000C9BF38B504460121FFF7B1FF01212046F5
:106C9000F8F798FCE068FFF7B2FF2046FFF7ABFF7C
:106CA000054600212046F8F78DFCA068FFF7A7FFF6
:106CB000281E18BF012038BD10B50446FFF797FF06
:106CC00001212046F8F77EFCE068FFF798FF204698
:106CD0000021F8F777FCA068BDE81040FFF78FBFF0
:106CE00010B504460021FFF782FFA068FFF787FF79
:106CF00001212046F8F766FCE068FFF780FFE068B6
:106D0000FFF77DFF20460121FFF771FFA068BDE876
:106D10001040FFF774BFCB070ED4C1F34203012B21
:106D200007D0022B08D10122C0E902320161002004
:106D3000704705231A46F7E76FF08500704703692F
:106D400013B100200B6070476FF0040070472DE90D
:106D5000F74F06468846994614469AB30121F8F73C
:106D600031FC062708F10C084FEA4909BD0702D596
:106D70003046FFF7B5FF17F0040727D03046FFF77E
:106D800049FF18F8043C1F43790729D54FF0080A3A
:106D90004FF0800B07F0010545EA0905EDB205EA61
:106DA0000B013046FFF788FFBAF1010A4FEA5B0B8F
:106DB000F5D13046FFF765FF80B16FF0040430462F
:106DC000FFF78EFF204603B0BDE8F08F18F8043CB3
:106DD0005807D6D53046FFF740FFD2E727F0040723
:106DE00017F0010B58E9035305EB030A34D055455E
:106DF00006D3013C14F0FF0408F10C08B6D1DEE71D
:106E00005846430030460093FFF73BFF009B184372
:106E1000C205F6D505F8010BAAEB05035942304629
:106E20005941FFF749FFE2E74FF0080B802315F8BF
:106E3000012B02EA03013046CDE90023FFF73CFFB6
:106E4000019BBBF1010B009A4FEA5303F1D130468D
:106E5000FFF717FF0028B0D15545E5D3C9E738B58E
:106E600004460925FFF7D6FE01212046FFF724FF3F
:106E7000013DF9D12046FFF7F0FE2046FFF730FF35
:106E80002046FFF7B8FE00280CBF6FF00F0000206F
:106E900038BD0523C0E902330223C0E900120361B3
:106EA0007047034670B40C46DA88006819792243AB
:106EB000012405698C402B6812F0010F866814BF0D
:106EC0002343A3432B60336870BC184737B50C4687
:106ED0000569836801A95B68984748B92B680198E0
:106EE0005840012303FA04F10840003818BF01207C
:106EF00003B030BD08B5017B8068FFF7E7FF0038BD
:106F000018BF012008BD012303FA01F103691B68C2
:106F1000194203D022B183681B6903E0002AFAD02A
:106F20008368DB6818470A46017B8068FFF7EBBF80
:106F3000FBF7F2BD38B5046904F114054FF0FF32D8
:106F40004FF0FF332846FBF775FD2046FFF787FF1C
:106F500004462846FFF7ECFF204638BD08B5017906
:106F60000068FFF7B3FF003818BF012008BD0A46CC
:106F700001790068FFF7C7BF70B506690C4606F1D6
:106F800014054FF0FF324FF0FF332846FBF752FD58
:106F900021463046FFF7BFFE04462846FFF7C8FFEC
:106FA000204670BD70B506690C4606F114054FF019
:106FB000FF324FF0FF332846FBF73CFD21463046B9
:106FC000FFF7BDFE04462846FFF7B2FF204670BD1E
:106FD0002DE9F041D0F810800C4615461E4608F108
:106FE00014074FF0FF324FF0FF333846FBF722FD16
:106FF000214633462A464046FFF7A9FE0446384656
:10700000FFF796FF2046BDE8F08102780B69012A60
:1070100007D0022A08D052B9DA6403F13C00FBF72A
:10702000FDBD6FF00D02F7E76FF00A02F4E76FF0B5
:107030000402F1E738B504460569012205F12C0088
:10704000114602F013FA012205F13C00002102F082
:107050000DFA2046BDE83840F8F75ABB38B505466A
:1070600000692C30FBF70EFE044610B92846FEF7E7
:10707000CDFD204638BD10B50469FEF7A8FD04F12A
:107080002C00BDE81040FBF7C9BD2DE9F04F87B0DB
:1070900004934368D0F810B0D3F820809B8A174639
:1070A00003934FF0FF324FF0FF3305460C46FFF7D6
:1070B000D5FF0BF13C0302930026002300220BF1C5
:1070C0003C00FBF7DFFD3346BE4201D3002335E031
:1070D000207A01077BD40136BE4221680BD2820799
:1070E00009D4227D80EA020C0CF0010C02F00402AB
:1070F0005CEA020C2BD0002B45D101F06042B2F1CA
:10710000005F43D14FF00009D4F800A0A388049A8F
:10711000CBF850A0009228465246217A00F0B2F8EF
:10712000031E0BDB43F6095200230298FBF7AAFD6E
:1071300070B3284600F063F86FF07303284602939B
:10714000FFF799FF029B184607B0BDE8F08F4FF09C
:1071500001096268DDF80CE003EB020CF44539D854
:10716000C00705D408EB0300059302F093FE059BCE
:1071700062681A4493B2B9F1000F11D1002BC1D04B
:107180009946C246C3E74FF00009E2E79946E0E7B7
:10719000DBF84C30002B20DB237ADB0702D4002302
:1071A0000C3491E7C245FAD1A24609E0A9EB0201ED
:1071B0001FFA81F9DAF80C0018FA81F102F06AFE80
:1071C000DAF80420AAF10C0A9145EFD2E7E76FF054
:1071D0008503B3E76FF01B03B0E76FF00403ADE77F
:1071E00013B501AA044600F031F9002805DB019B24
:1071F000226819791868F8F7A7FB02B010BD73B5BB
:1072000044680DF10701A36A1B68D3F80056D3F850
:107210000466FEF76DFC9DF8073013B9A06AFBF712
:1072200031F831462846FBF75FFA9DF8071005460E
:1072300029B9E069FFF7D4FFA06A01F0E7FF28460B
:1072400002B070BDCA07436819D4C1F342010229D4
:107250000BD003290ED0012911D14FF0CC729B6ABB
:107260001B680020C3F8242570479B6A4FF0C86252
:107270001B68F6E79B6A4FF07F621B68F1E76FF0CF
:1072800015007047F0B50C461D46164687B0476896
:10729000122200210DF1060002F009FE04F00103A4
:1072A0008DF80430BDF8303002958DF80530BB8C78
:1072B0000496AB420AD3C4F3400282F00102B86ADA
:1072C000520101A9FAF7F6FF07B0F0BD6FF01B00FD
:1072D000FAE710B544680021E069FFF781FFA06A72
:1072E000BDE8104001F092BF10B54468A06AFAF7FB
:1072F000C9FFE0690121BDE81040FFF771BF08B583
:1073000029B1012906D1FFF7E4FF002008BDFFF7EE
:10731000EBFFFAE76FF08500F8E7F0B40C2707FB06
:10732000021414F8045C866845F0020504F8045C55
:10733000B468A446F0BC604701F10C00FBF702BE44
:1073400030B589B08DF80410002144681D462068CE
:10735000A3888DF810100C998DF80520069101AACC
:107360000721029202228DF81C1002A903920595B2
:10737000FFF7D3FF09B030BD13B501240094FFF728
:10738000DFFF02B010BD1FB58DF801200322446855
:107390008DF802302068A388029202228DF8001036
:1073A0008DF80C2001A90122CDF804D0FFF7B5FF1C
:1073B00004B010BD00B589B08DF8052001AA029275
:1073C0008DF804100222002105930A9B40688DF875
:1073D0001010039206938DF81C20838802A9006880
:1073E000FFF79BFF09B05DF804FB2DE9F347054665
:1073F0000E4617469A469DF82890D0F810804FF018
:10740000FF324FF0FF334046FBF714FB3A4631465C
:1074100028460DF10703FFF7AFFF044678B99DF842
:1074200007303A4623EA090309EA0A0943EA09034D
:10743000314628468DF80730FFF7A5FF0446404641
:10744000FBF76AFB204602B0BDE8F08730B5436821
:107450001360057A446804EBC504A34202D36FF0BD
:10746000010030BD5C7908338C42F1D10020F8E78F
:1074700048B11F302CBF01210021400940EAC16002
:10748000490902F068B9704710B50469204601F057
:1074900048FF0023636110BD2DE9F041D0F808805A
:1074A0000646D8F80040F4B1476897F8264014F033
:1074B00001041FD105694FF0FF334FF0FF3228461A
:1074C000FBF7B8FA6B690133012B6B6108D13046C9
:1074D000D8F800309847041E08DA6B69013B6B61ED
:1074E0002846FBF719FB2046BDE8F081F869FFF755
:1074F000BFFFF5E70024F6E7F8B5876806467C6825
:107500009CB1436893F82630DB071DD405694FF022
:10751000FF334FF0FF322846FBF78CFA6B69002BE4
:1075200005DC00242846FBF7F7FA2046F8BD013BAE
:107530006B61002BF5D17B6830469847041EBEBFB7
:107540006B6901336B61EDE70024EEE7F0B4D0E93D
:1075500001631B693BB177688F4208DB3568954250
:1075600005DCF0BC18476FF05700F0BC70476FF0B7
:107570001500FAE7F0B4D0E901631B6A3BB1376943
:107580008F4208DBF568954205DCF0BC18476FF0C8
:107590005700F0BC70476FF01500FAE770B4D0E9FF
:1075A0000162956A03460C46A5B196F8242012B9EB
:1075B0002B4670BC1847306A024410F8011BA142E8
:1075C00002D121461846F3E79042F6D16FF08500CC
:1075D00070BC70476FF05700FAE72DE9F3410E4693
:1075E000D0E9014794F825108046FF2905690FD19D
:1075F00094F8261001F00C01082914D0D8F80830AE
:1076000000391B6B18BF01214BB96FF0570003E025
:10761000FFF7C4FF0028EBDA02B0BDE8F081404676
:1076200098470028F8DBA268B2F1004F05D0114658
:107630004046FFF78BFF0028EEDB6269B2F1004F96
:1076400005D011464046FFF795FF0028E4DB23688C
:10765000B3F1004F14D0D8F808305B69002BD4D0B8
:10766000404601A998470028D6DB2268019B9A4230
:107670001CDD11464046FFF769FF002805DACBE71D
:107680006FF0004362689A42E5D19EB994F82630C3
:107690009B0716D040463B6898470028BCDBA06992
:1076A000FFF7E6FE6B6901336B610AE062689342A3
:1076B000EBDDDEE76B6901336B6194F82630DA06A7
:1076C00001D40020A8E74046FFF716FFA4E70123F6
:1076D00003FA01F103691B68194218BF82F0010225
:1076E00012B18368DB68184783681B69FBE708B53C
:1076F0004368986A38B1012293F82C10FFF7E7FF2E
:1077000000EAE07008BD6FF08500FBE743681B6886
:10771000B3F1004F14BF00206FF00100B0FA80F009
:10772000400970470346084631B95B681B68B3F1EE
:10773000004F01D0136070476FF015007047436829
:107740001B68B3F1004F1ABF00200B606FF00100FF
:107750007047F8B54668044696F8267007F00307A8
:107760003D1E18BF0125FFF78FFEB06A28B92946D4
:107770002046BDE8F840FFF730BF01F085FD28B393
:10778000002F0CBF4FF4B0134FF4D013F28DB06A3A
:1077900096F82C101A430127D0F810C042F30003CA
:1077A00003F44023DCF80060534023F480128F4040
:1077B000DB07D0F808E04CBF3E43BE43CCF8006086
:1077C000DEF8003098470028D1DAF8BD6FF01200DB
:1077D000FBE74368986A20B1002293F82C10FFF76A
:1077E00076BF6FF085007047436893F82D30032B08
:1077F00094BF182000207047F8B50C4600270125DB
:107800004668706830B90137052F06F10806F8D1CF
:107810000020F8BD337A44FA07F205FA03F1036950
:1078200002F001021B68194218BF82F001022AB15E
:107830008368DB6898470028E5D0EAE783681B691E
:10784000F8E7406890F82D30032B13D8DFE803F0F9
:1078500002080B0F01231A460421806AFFF793BD2B
:1078600001230322F8E701231A460821F5E7012343
:107870000322FAE7002070474068012302220B210F
:107880000068FFF780BD0B461146426892F82D2034
:10789000032A02D898B2F8F721B96FF015007047A3
:1078A00013B51C46806A0DF10703FFF765FD00283C
:1078B00008DB9DF8073000201C40003C18BF012465
:1078C000049B1C7002B010BD10B401320129D2B269
:1078D00008BFD2009DF8044015BF42EA831342EA74
:1078E000C3134722B82214BFDBB2DBB2012C0CD089
:1078F000022C07D064B901920C220421806A10BCCA
:10790000FFF773BD01920E22F7E701920D22F4E713
:107910006FF0850010BC7047F7B50124012A04FA06
:1079200001F405460E461346E4B204D0042A17D0EB
:10793000C2B9052701E00427002300941522042181
:10794000A86AFFF752FD00280EDB0123042107EB94
:107950004602A86AD2B203B0BDE8F040FFF713BDFB
:107960002346E6E76FF0850003B0F0BD40680A46A5
:1079700090F82D30032B0DD8DFE803F00205070A3D
:107980000021FFF7C9BF0121FBE70021F8F7E4B8A8
:107990000121FBE76FF08500704713B5144601F134
:1079A0000C02806A08210DF10703D2B2FFF7E4FC54
:1079B000002807DB21469DF8070002B0BDE8104013
:1079C000F8F78CB802B010BD37B505460C46104626
:1079D00019460DF10602F8F791F810F1160F0BD0C9
:1079E000082104F10C029DF80630A86AD2B203B057
:1079F000BDE83040FFF7C7BC03B030BD73B50546E6
:107A00000C46164604210F22806A0DF10703FFF78A
:107A1000B3FC002812DB9DF8073004212341DB076B
:107A200045BF043464001034334658BF3346A86A57
:107A30004CBF04F0FE02E2B2FFF79EFC02B070BD44
:107A400030B5044685B010460D460DF10E021946BC
:107A50006468F8F753F810F1160F21D02946204634
:107A60000DF10D02FFF7CAFF002819DBBDF80E303B
:107A70009DF80D209A4213D02A1D52000421A06ABD
:107A8000DBB202F0FE02FFF77EFC002808DB0123D8
:107A9000AB40DBB200930F220421A06AFFF7A5FCE4
:107AA00005B030BD30B44468134694F82D20032A45
:107AB00014D8DFE802F002070A100A46002130BCA1
:107AC000FFF7BEBF0A460121F9E70A46002120461A
:107AD00030BCFFF779BF0A460121F8E76FF01200CA
:107AE00030BC704713B5446894F82D30032B2AD866
:107AF000DFE803F0020B0E26012300220421A06A16
:107B000002B0BDE81040FFF73EBC01230222F5E7BA
:107B1000012300220821A06AFFF735FC00280DDBB5
:107B200094F83C3053B900213F2001F014FE0422A8
:107B30000821A06A0DF10703FFF71EFC02B010BD7B
:107B400001230222E6E70020F8E72DE9F0410126B3
:107B5000446804F12805606828B90834A542FAD1C0
:107B60000020BDE8F08101F08FFBC8B1B4F80AE055
:107B70006068217A4EF4003207691EF0010F3B68FD
:107B800006FA01FC14BF4CEA030323EA0C03D0F805
:107B900008803B60D8F8003098470028DDD0E0E747
:107BA0006FF01200DDE713B540680C4690F82D30F9
:107BB000032B20D8DFE803F00211151C00210DF182
:107BC0000702FFF71BFF002817DB21469DF807007F
:107BD00002B0BDE81040F7F781BF01210DF10702A7
:107BE000EFE70A46002102B0BDE81040FFF7D5BE1E
:107BF0000A460121F7E76FF0120002B010BD37B559
:107C000013460A78FF2A29D0406890F82D40032CAB
:107C100026D8DFE804F002090D1B00934B78002101
:107C2000FFF752FE03B030BD00934B780121F7E718
:107C30004978C3B9013242EAC1030522DBB2082107
:107C4000806A03B0BDE83040FFF79DBB497853B967
:107C5000013242EAC103DBB20622F0E70020E1E78D
:107C60006FF01200DEE76FF08500DBE7F0B54568E6
:107C7000044685B0A86A01F007FB18B96FF012003E
:107C800005B0F0BD606890F82D30032BF6D8DFE822
:107C900003F0022429300DF10D0300930423342254
:107CA0000421FFF7FDFD0028EAD120469DF80D10C4
:107CB000FFF793FC0028E3DB296BF9B995F83A301C
:107CC000FF2B38D1606895F83B3090F82D20032ABF
:107CD000D4D8DFE802F04A7179810DF10D030093E9
:107CE0004023DCE70DF10D03009303230422082158
:107CF000D7E70DF10D0300930C23F7E7676897F8BA
:107D00002D6026B1012E02D06FF08500B8E708463D
:107D10000DF10E02F7F7F2FE10F1160FB0D072005F
:107D2000093204219DF80E30B86AD2B2FFF72BFB5E
:107D30000028C3D0A4E7606890F82D20022A07D05D
:107D4000032AE1D130221B01009203F0F00304E08A
:107D50000C229B00009203F0FC0307220821806A9A
:107D6000FFF743FB0028ADD08AE7042115229B00D2
:107D7000009103F0FC03806AFFF737FB00287FF4D3
:107D80007FAF024605F134012046FFF738FF002897
:107D90007FF476AF0122204605F13601FFF72FFF71
:107DA00000287FF46DAF0222204605F1380105B0AE
:107DB000BDE8F040FFF723BF0822DB00009204215A
:107DC000152203F0F803D6E740229B01009203F04E
:107DD000C00307220821CEE78022DB010092134076
:107DE000F7E74368586870472DE9F0411F460E4693
:107DF00015460446D0F804804046F7F701FFD8F84E
:107E000000103A463144284602F044F86068F7F71B
:107E100005FF0020BDE8F0812DE9F0411F460D4629
:107E200016460446D0F804804046F7F7E9FED8F835
:107E300000003A463146284402F02CF86068F7F713
:107E4000EDFE0020BDE8F08138B5044645682846BF
:107E5000F7F7D6FE00216A68286802F028F8606803
:107E6000F7F7DCFE002038BDF0B5B0F80AC0048991
:107E7000D0E90065ACEB0407B24205FB076701DB04
:107E8000B94202DD6FF01500F0BDB14203DA1C808B
:107E90006FF02100F8E7BA4202DDA3F800C0F7E76F
:107EA00015B91C800020EFE7891B6E1E3144B1FB21
:107EB000F5F10C44A4B21C800389E41AD0E9003126
:107EC00001FB04339342EDD9DCE740F201132DE9C5
:107ED000F04188B04FF00308ADF810300123456839
:107EE00004698DF81230286800220521CDF8008041
:107EF00004ABFFF75FFA00285AD12022002302A822
:107F000001F01BFDDDE9026734224146286804F1D7
:107F10000803FFF731FA00284AD136224146286883
:107F200004F10903FFF728FA002841D107220221B2
:107F3000286804F10B03FFF71FFA002838D102A8C4
:107F400032463B4601F01EFDDDE9020101F003FC73
:107F50000B23009310220521286805ABFFF7F0F9E9
:107F600030BB9DF819309DF8152003EA080343EA59
:107F7000820323809DF819309DF81620C3F38103F6
:107F800043EA8203A3809DF819309DF81720C3F3BC
:107F9000011343EA8203E3809DF81E309DF81C2004
:107FA000C3F3011343EA820363809DF81430A37284
:107FB00008B0BDE8F08170B4048945892D1BD0E973
:107FC000004606FB0544A14209DD848AC58A2D1BB3
:107FD000D0E9034606FB0544A14203DC0C3070BC2B
:107FE000FFF742BF6FF0150070BC704710B5026913
:107FF0008B00526A1021D46803F0FC030C22A047C6
:108000000028B4BF6FF00400002010BD10B5036954
:1080100004295B6ADC6809D102230E221121A047E2
:108020000028B4BF6FF00400002010BD890001F0EB
:10803000FC03F2E737B504696A46636A28211D68C4
:108040000623A8470028A9BF00206FF00400BDF94F
:1080500000302360A1BFBDF902306360BDF9043078
:10806000A36003B030BD37B504696A46636A222154
:108070001D680623A8470028A9BF00206FF0040050
:10808000BDF900302361A1BFBDF902306361BDF9C4
:108090000430A36103B030BD37B504692021636AA1
:1080A00001AA1D680223A8470028A9BF00206FF07D
:1080B0000400BDF90430236203B030BD0C2910B5B3
:1080C00004461DD006D803290CD007290ED06FF026
:1080D000850010BD4C29FAD1FFF7ACFF50B16FF00D
:1080E0000400F6E7BDE81040FFF7A4BFBDE810406C
:1080F000FFF7B9BF2046FFF7B6FF0028EFD12046B3
:10810000BDE81040FFF7C8BF70B5072914460569E0
:108110000FD8032912D9EE69062932462ED0072935
:108120002ED0052914BF296969692046F3F7DCFEC2
:1081300011E00C2933D06FF0850070BDEE68022984
:1081400032460AD003290AD0012914BF2968696878
:108150002046F3F79DFE0020EFE7A968F8E72046E8
:108160002968F3F795FE3246696804F10800F3F7D1
:108170008FFE3246A96804F11000EAE7A969D4E746
:1081800020462969F3F7B0FE3246696904F1080018
:10819000F3F7AAFE3246A96904F11000C6E72B6A7C
:1081A000002BB8BFFF331B12193313602B6A5A42DE
:1081B000D2B2DBB258BF534240F6427253436360BF
:1081C000C9E72DE9F04104460D46066991B1012940
:1081D00022D1308DF8F728F8C1B22046F8F752F8CE
:1081E000F0B9708DF8F720F8C1B22046BDE8F04133
:1081F000F8F72AB8736AF022DF680B461021B847F7
:1082000000280BDB736A2046DE68F0222B46B4465A
:10821000BDE8F041112160476FF08500BDE8F081B5
:108220006FF00400FAE7F0B40C2707FB021414F80F
:10823000045C866845F0020504F8045CB468A44652
:10824000F0BC604730B589B08DF807100DF107011B
:10825000029101211D464468606803910021238931
:10826000CDE9052502228DF8101002A98DF81C20F9
:10827000FFF7D9FF09B030BD30B589B08DF80710D0
:108280000DF107011D4602910121446860682389B0
:108290000391CDE90525002107228DF810108DF8F6
:1082A0001C2002A90222FFF7BEFF09B030BD10B5A5
:1082B00088B08DF807100DF1070102910121436884
:1082C000002458681B89CDE90521072203918DF808
:1082D0001C2002A902228DF81040FFF7A4FF08B06D
:1082E00010BD2DE9F0471F4643680126D3F80480EE
:1082F00093F808A0002388B08DF810300DF1030327
:10830000CDE9053607230D4614468DF804100DF10E
:1083100004098DF81C3002225346404602A9CDF8CC
:1083200008900396FFF77FFFB8B99DF8032022EA73
:1083300004033C401C43A2420FD002233246039365
:108340008DF810304046534602A98DF804508DF840
:108350000540CDF80890FFF766FF08B0BDE8F0874C
:1083600070B54FF4FA530646446C47F6122C5C4342
:1083700056F8203B05461B6840F2E730B4FBF3F4A7
:108380000021C8344FF47A720023E4FB0C01F0F7AB
:108390000FFB02460B463046FAF774FC08B9286B0F
:1083A00070BD6FF07300FBE7002201214D20F4F750
:1083B0009BBE00220121ED20F4F796BE10B50B689C
:1083C00013B91846136005E003685C681CB11460BB
:1083D0000368186810BD083303600B68013B0B602D
:1083E000EDE710B5036804468BB11A7D7AB11869C0
:1083F00000F020FF0121236898681B7B99400369E6
:108400001B68194283680CBF1B69DB689847A36926
:1084100033B9636004F11000BDE81040FAF7FEBB09
:1084200010BD08B50069C36D8B4204D15C30FFF705
:10843000D8FF002008BD4FF0FF30FBE7F8B50C4631
:1084400006690546F76DFDF7C2FB14B9BB88DB046E
:1084500003D43946284600F03DF9C6F88C4006F1B1
:108460007C00BDE8F840FAF7D9BB37B5036905468B
:10847000D3F8A820D3F8B010A2B9C9B10C46D3F8EC
:10848000A400E0B1EAB91046D3F8AC30DBB1002962
:1084900004BF0C46234601460094284600F02EF9FE
:1084A00003B030BD49B191420C4628BF1446E6E7FF
:1084B00003B0BDE83040FFF7C1BF1446DFE7024616
:1084C000E2E72246E0E71C46E5E770B50D1E0646EA
:1084D000046903DABDE87040FFF7B0BFD4F8A830F4
:1084E000CBB19D4217D85B1BC4F8A830ABBBD4F806
:1084F000903004F1A8020833C4F89030D4F89430D6
:1085000004F19401013BC4F8943004F19000FFF7AA
:1085100055FFC4F8A400D4F8B030CBB19D4217D8B1
:108520005B1BC4F8B03003BBD4F8983004F1B00240
:108530000833C4F89830D4F89C3004F19C01013B16
:10854000C4F89C3004F19800FFF738FFC4F8AC0081
:108550003046BDE87040FFF788BFD4F8A430002B48
:10856000D9D02B44C4F8A430D5E7D4F8AC30002BD4
:10857000EED02B44C4F8AC30EAE70069B430FAF727
:108580004DBB13B501AA0446FEF760FF002805DBCA
:10859000019B226819791868F7F7D6F902B010BD67
:1085A00003460A4619790123006803FA01F10369B9
:1085B0001B68194218BF82F0010212B18368DB68A0
:1085C000184783681B69FBE7F0B504690646D4E9E0
:1085D00015128B1A476885B004D1BB6805B0BDE899
:1085E000F0401847BD8BE16C9D4228BF1D4621B16C
:1085F00001F06043B3F1005F06D1236D3BB103F09E
:108600006043B3F1005F02D0082D28BF0825002386
:10861000A36451B1114401F06043B3F1005F04D091
:108620002A46386901F036FC3969236D43B1A26DE1
:10863000134403F06042B2F1005F1CBF7B69A36486
:10864000002914BF2A460022002B08BF0025CDE9CF
:10865000012300910022694620460395F9F71AFD8F
:10866000014618B1736830469B68984705B0F0BD65
:1086700070B50C690E46A16C054639B1A36D206D2D
:108680002A69184401F006FC0023A3642969AA683A
:10869000A36D304691422CBF5B189B18A365BDE8C3
:1086A0007040FFF791BF0847072210B503690C46D9
:1086B0001B68C3F800250B7D5BB1012104F10800A4
:1086C000FFF76EFF237D23B12069BDE8104000F065
:1086D000B1BD10BD38B503690C461D680B7D4BB1AB
:1086E000086900F0A7FD237D23B1002104F10800F3
:1086F000FFF756FF0023C5F8003538BD10B40469F4
:10870000C4E91313019B93422CBF63656265002388
:10871000A36510BCFFF758BF006900F087BC0129B2
:10872000F8B5044627D007D9023901298CBF6FF06C
:1087300015006FF08500F8BD0569466895F828308A
:108740002BB12846F9F76EFC002385F828306368C2
:108750000024DF68DD7FAC4205D301217068BDE8ED
:10876000F840FFF70EBF57F83400FDF730FA002845
:10877000E1D10134EFE700244568EF68EE7FB442B1
:1087800002D300216868EAE757F83400FDF73EFAA3
:108790000028D0D10134F2E72DE9F8430446002542
:1087A000012743681B6898476368DE7FDC68B54231
:1087B00002D30020BDE8F88320682179E388D0F84F
:1087C00010E0DA0754BF43F4B01383F4D013DEF89B
:1087D00000C023F4801207FA01F8DB07D0F80890F4
:1087E0004CBF48EA0C032CEA0803CEF80030D9F855
:1087F0000030984708340028DCD10135D7E708B5A8
:108800000220F6F7F5FA002008BDF9F76BB808B5B5
:10881000F9F768F808BD1FB500240A2201940294F4
:10882000CDF80B400091014601A801F058FB009BD8
:1088300084F31188BFF36F8F0323184602DF04B05F
:1088400010BD10B54FF0FF304FF0FF31F8F740F892
:10885000044628B9E7F7A6FF044618B1F8F740F830
:10886000204610BDF8F73CF82046F5F7F9F8F7E791
:10887000F8F722B910B532220021044601F017FBA7
:108880006FF03F0363712823A3730223E3736FF038
:10889000480363760323A3766FF03F03E376082350
:1088A0002377802384F8263010BD08B5FBF7F0F954
:1088B00048B1002383F31188BFF36F8F0423184658
:1088C00002DF6FF0040008BD1FB500240A220194E6
:1088D0000294CDF80B400091014601A801F0FFFA87
:1088E000009B84F31188BFF36F8F0323184602DFC8
:1088F00004B010BD08B54FF0FF314FF0FF30F7F76F
:10890000E7FFF2F728FABDE80840F7F7E9BF684645
:1089100020F007018D4601B5EEF792F8BDE8014061
:1089200085467047684620F007018D4601B5EEF791
:1089300079F8BDE8014085467047684620F0070198
:108940008D4601B5EEF7ACFBBDE8014085467047AA
:1089500008B5F1F725FE002008BD7047012802D0B8
:10896000022803D070470020EDF74EB90120FBE745
:108970007047ECF77FBF08B5EEF7C8FD30B1EFF3F5
:1089800005800338032894BF0020012008BD7047EC
:10899000012070470020704710B521F040010C29DC
:1089A000046904D1EEF74CFE2060002010BD6FF08A
:1089B0008500FBE703460020184700F03BBC024659
:1089C00010B5116891B1B1FA81F3C3F11F00012311
:1089D000834021EA0303D2E8EF4F8C4204D1C2E87E
:1089E000EC3FBCF1000FF6D1EBD110BD6FF00B00E6
:1089F000FBE710B50368CB40DB0710D401238B40A5
:108A0000026843EA0201D0E8EF4F944204D1C0E883
:108A1000EC1FBCF1000FF6D1F2D1002010BD6FF0B9
:108A20001500FBE72DE9F04116461F464FF00108FF
:108A300000F160404C1E0444C50BE40BA54201D973
:108A4000BDE8F08105F00F01C5F30710324608FAC2
:108A500001F1B8470135F1E7000100F1A04000F550
:108A60004F20D0F800351AB11943C0F800157047EF
:108A700023EA0103C0F800357047F7B51646DDE973
:108A80000847019001A81D46F8F7C0FC019BB6F10C
:108A9000000C18BF4FF0010C00EB83000B1E18BF39
:108AA0000123002D43EA4C030CBF4FF0000C4FF0A4
:108AB0000C0C002C43EA0C030CBF4FF0000C4FF4DD
:108AC000706C002F43EA0C030CBF4FF0000C4FF406
:108AD000403CD0F8802043EA0C0322EA030301B1B2
:108AE00009780EB13678760019430DB12D78AD00B6
:108AF00031430CB12478240229430FB13F783F045D
:108B00000C433C43C0F8804003B0F0BD1FB50DF1ED
:108B10000F03019300238DF80F101A461946009396
:108B2000FFF7ABFF05B05DF804FB10B5044608463F
:108B3000F8F77CFC04EB4004207DC0F3401010BD2E
:108B400010B504460846F8F771FC04EB4004207D9C
:108B5000C0F3400010BD10B504460846F8F766FCA7
:108B600004EB4004A08A400B10BD70B504460846D3
:108B70001646F8F75BFC083034F810300D46DA057D
:108B800009D5C3F3432304EBC3023146284654F806
:108B9000333052689847A3682BB131462846E268C3
:108BA000BDE87040184770BD10B504460846F8F798
:108BB0003DFC04EB4000838ADA051DD5C3F3432155
:108BC00023F4F853838204F1120204F1960032F880
:108BD000023F13F4807F03D0C3F3432399420BD0A9
:108BE0008242F4D1002204EBC1035A6004F19C00DC
:108BF000BDE81040FFF7FDBE10BDF0B504460020F3
:108C000001270546844695420AD1D4F8443133B150
:108C10000023C4F84431D4F8443140F40030F0BDAE
:108C2000EBB29B0003F580769B0807FA03F3194229
:108C300008D054F806E0BEF1000F03D044F806C097
:108C4000A65918430135DEE738B504460D46FFF74F
:108C50006CFFA8B12046FFF773FF88B92046FFF7E5
:108C60007AFF012322688340C2F81833236803EB9C
:108C70008000D0F8103523F00303C0F8103538BD5C
:108C80002846BDE838400021FFF740BF2DE9F043FA
:108C90001746044685B00846F8F7C8FBD7F80080A9
:108CA0000E460546B8F1000F1ED02046FFF748FFDC
:108CB00018B12046FFF739FF20BB00230DF10F024A
:108CC000CDE900338DF80E308DF80F303046434635
:108CD0000DF10E01FFF7D1FE04EB4502938A23F05C
:108CE000020343F0010393827B689BB33146204625
:108CF00093F80080D3F80490FFF722FF28B1B9F170
:108D0000000F1FD06FF0150027E004EB4500838AA9
:108D100023F4604323F020038382B9F1000F11D0C4
:108D2000B8F1030FEED87B6821685B6893F800C048
:108D30004FEA8C031944B8F1000F11D1C1F8108526
:108D4000C1F8108504EB4502938A23F01C0343EA23
:108D500088039382BB684BBB002005B0BDE8F0835D
:108D6000D1F8102522F00302C1F81025226813441F
:108D7000D3F8102522F4473222F47C72C3F8102570
:108D800041F6F072D3F8101502EA061242EA0842E0
:108D90000A43C3F8102504EB4C03A3F8A060838AB0
:108DA00043EA4C3343F020038382CBE73146D3E9D7
:108DB00000782046FFF7F8FE002FCDD063689F4271
:108DC00006D004F19C00FFF7FAFD002804DAC4E79E
:108DD000A3689845F5D1002004EBC003C3E90178EE
:108DE00004EB4505AB8AC0B243EA402343F48073E9
:108DF000AB82B1E7C0E90312704770B5044615466F
:108E0000FFF793FE48B10846F8F710FB04EB400467
:108E10000020A38A5B0B2B7070BD6FF01500FBE781
:108E200090F8B000003818BF01207047F8F736BB43
:108E30002DE9F34104461746FFF777FE0D462668F5
:108E4000F0B12046FFF77CFE8046C8B92046FFF708
:108E500082FE820002F5807346F80380F35823688F
:108E60001344D3F8102542F00102C3F8102527B1AE
:108E7000012322688340C2F8143302B0BDE8F081B8
:108E8000D6F8143328469B035CBF4FF40033C6F872
:108E90001433F8F7CBFA04EB4004A38AC3F382033C
:108EA000042B11D0052B11D001A80195F8F7AEFACB
:108EB000019BC168D94001F001010231284602B08E
:108EC000BDE8F041FFF722BE0321F7E70221F5E7F5
:108ED000FFF7BABEC9B2F8F70DBF30B50124054699
:108EE00090084038844014EA010009D0A85838B1ED
:108EF0000021A950AA5813B11A6822431A60012010
:108F000030BD00232DE9F34104460D460193904600
:108F100001AB4FF48072FFF7E0FF4FF482722946F5
:108F20002046FFF7DAFF4FF48472074629462046B1
:108F3000FFF7D3FF064630B1B8F1000F1DD017B1CF
:108F40003E46D4F80C374FF4A6722946204601ABB2
:108F5000FFF7C3FF30B1B8F1000F03D016B90FB15E
:108F6000D4F80C374FF4B4722946204601ABFFF712
:108F7000B4FF019802B0BDE8F0814646E3E707B5CB
:108F8000019001A8F8F7C2FE0123019A93404360C3
:108F900003B05DF804FB07B5019001A8F8F7B6FE31
:108FA0000123019A9340836003B05DF804FBF8B598
:108FB0001E4690F8203004460D46174693B919B165
:108FC0004969F8F7B3FE80B1C4E901761DB12946BD
:108FD0002046F8F731FF0020012384F8210084F8AF
:108FE0002030F8BD6FF07700FBE76FF01500F8E771
:108FF00070B590F8203005460E4673B190F82130D8
:1090000003F0FF0463B94969F8F790FE58B12846A8
:109010003146F8F711FF204670BD6FF07600FBE790
:109020006FF00F00F8E76FF01500F5E7011D00681D
:10903000F8F79ABE70B590F8223004461E0705680E
:1090400005D5D5F8083113B10023C5F8803C94F854
:109050002230580710D5D5F80433D9070CD5D5F8E8
:1090600000314BB10023C5F80031D5F80021C5F817
:10907000843C0123C5F808330421284604F110027A
:10908000FFF73FFFD8B1606A421C05D094F8223048
:109090009B0711D5FFF77FFF94F821301BB12846BD
:1090A000211DF8F761FE2046002300F80C3FD4E9AB
:1090B0000131BDE870401847FFF761FFECE770BD74
:1090C00091F820200346032A29D8DFE802F0212561
:1090D00019028A68500504D5D3F8442708699042DC
:1090E00007D18A6852051AD4D3F844278969914276
:1090F00015D000200622C3F80005C3F800257047EC
:10910000D3F8442708699042F3D1D3F80C27EDE750
:10911000D3F844270969EAE7D3F80C27FAE70120D6
:10912000704730B501249508403DAC400C4208D052
:10913000815831B100218150825813B11A682243FD
:109140001A6030BD002313B50C4601934FF494729E
:1091500001ABFFF7E6FF21464FF48272FFF7E1FF14
:1091600021464FF48A72FFF7DCFF21464FF4B672B6
:10917000FFF7D7FF21464FF4A872FFF7D2FF214631
:109180004FF49C72FFF7CDFF4FF49A722146FFF720
:10919000C8FF019802B010BD10B4CC7B8A68036888
:1091A0002CB9D1E90041C3F80046C3F80416C3F84E
:1091B000242543682BB1006810BCC0F30830F3F7D6
:1091C00071BF10BC704738B50D4690F826100446A4
:1091D000C9B9C160C0E9012380F8291080F82810BE
:1091E00065B1AB7B80F82B302846F9F719F86B7B1B
:1091F0002946204684F82A30FFF7CEFF01230020BD
:1092000084F8263038BD6FF07700FBE7062203684C
:10921000C3F80025022380F82630704707B5019077
:1092200001A8F9F751FA0123019A9340436003B072
:109230005DF804FB08B1F4F7B7BB704738B5436974
:1092400005465BB90024EA68537843F00103537084
:1092500014B92846FCF793FE604238BD98470028B1
:10926000F0D080EAE074A4EBE074FF2CA8BFFF24E8
:10927000EB681C70E7E7C3685B78DB0701D4FFF796
:10928000DDBF6FF07700704740B1C368587810F0C9
:1092900001001EBF1878B0FA80F040097047EFF364
:1092A0001183402383F31288BFF36F8FFEE708B565
:1092B000FFF7F5FF10B400F10C04C0E9034410BC43
:1092C000FCF7C0BA38B50446EFF31185402383F3A9
:1092D0001288BFF36F8FFCF716FA04F10C0000F050
:1092E0002BFA30B1294604F11400BDE8384000F0F3
:1092F00009BA85F31188BFF36F8F38BD402408B5D4
:10930000EFF3118384F31288BFF36F8FFCF764FED1
:10931000F6E790F90E308B4201D0FAF731B8002011
:10932000704703460020C3E90033C3E902007047D9
:10933000D0E9003213605A600023027CC0E9003398
:1093400022F002020274836070472DE9F8439046D0
:1093500004460D469DF82020EFF31187402181F34C
:109360001288BFF36F8F02B14568A66804F108093F
:10937000B14516D0AEB100243046FFF7D9FF06F153
:10938000180000F09FFA3046C6F88040C6F81480F6
:1093900000F085F94846394600F0B4F92046BDE8AA
:1093A000F883A3B10820FAF7E3FB002832D00122AA
:1093B000C0F804800260016801F003015DB9226811
:1093C0000A430260626820606AB960600BE0404650
:1093D000C8F80030EFE72A68032A10D801606168F6
:1093E00039B9C4E90000002087F31188BFF36F8FFB
:1093F000D5E70A6802F0030202430A60E5E722F0BB
:1094000003020A4302602A6802F0030240EA0203F0
:109410002B60E8E76FF00B00E6E710B5044630B1CB
:109420000268930703D0446809B100F03FFB20466F
:1094300010BD0023C0E9003300F10803C0E9023386
:109440007047012307B5009300230A461946FFF72A
:109450007CFF03B05DF804FB002307B50A460093C8
:109460001946FFF772FF03B05DF804FB3AB18A4278
:1094700005D3C0E90212C0E90000002070476FF078
:1094800015007047012302688B4022EA0303036042
:1094900022FA01F000F00100704710B503210446E4
:1094A0000C30FFF7EFFF30B104F1100000F00AFAC2
:1094B000B0FA80F0400910BD20B10022943011466E
:1094C00000F092B9704770B5C3680446C3F3400614
:1094D0009B0716D4856802210C30FFF7D3FF80B1BB
:1094E000D5F88C206AB194421DD122689EB9D5F876
:1094F0009030C5F88C209C4201D1C5F89020002303
:109500002360E36813F01F001EBF43F00203E36013
:1095100040F0020070BD3260D5F89020944208BF40
:10952000C5F89060EBE716461268DBE773B50446B2
:10953000EFF31185402383F31288BFF36F8F00236D
:109540000193D0E90423B3F1004F08BF012A05D0ED
:1095500085F31188BFF36F8F02B070BDA0F11006C4
:1095600003210438FFF78EFF0028F1D0A3693046AD
:1095700001A90193F9F794FCEAE738B504460D46D2
:109580001022002100F093FC656038BD13B50190F6
:109590000846EFF31184402383F31288BFF36F8FE3
:1095A00001A9F9F77DFC84F31188BFF36F8F02B036
:1095B00010BD10B5FFF7EAFF041E08DDEFF31180C0
:1095C000402383F31288BFF36F8FF9F745FF2046DE
:1095D00010BD08B5A822002100F069FC08BD38B50F
:1095E00030220D460021044600F061FC4FF48073E8
:1095F0006560E36038BD38B50446EFF3118540235C
:1096000083F31288BFF36F8FFFF747FF2046FFF702
:109610005AFF85F31188BFF36F8F38BDEFF30580D4
:10962000003818BF012070476FF057007047D0E92D
:10963000003213605A600023C0E90033704708B558
:10964000FFF7F5FF037C23F002030374002383601C
:1096500008BD38B504460D46F9F7EEFD237C43F00E
:1096600002032374D5B1A5602B689D4209D16B68B4
:10967000C4E900531C606C6010E06A689A42F6D03E
:109680001B68002BF3D093F90E1094F90E20914231
:10969000F3DD5A68C4E9003214605C6038BD10B56F
:1096A000EFF31184402383F31288BFF36F8FF9F730
:1096B00083FD84F31188BFF36F8F10BD08B5037C61
:1096C000014613F0280F0CD183680BB1FFF7B7FFE9
:1096D0000B7C084623F004030B74BDE80840F9F73F
:1096E0006BBD08BD10B5EFF31184402383F31288DE
:1096F000BFF36F8F1838FFF7E1FF84F31188BFF3D2
:109700006F8F10BD0846F9F7CFBD38B50546046820
:109710000020AC4200D138BD002CFCD02046FFF721
:109720008EFF04F1180000F0CDF82046F9F744FD53
:109730002C680120A542EDE710B5EFF3118440231A
:1097400083F31288BFF36F8FFFF7DFFF84F3118875
:10975000BFF36F8F10BD70B506460D46F9F718FFC1
:10976000B5F1FF3F08BFB6F1FF3F04460CD047F606
:10977000112000214FF47A7547F612220023E4FBF2
:109780000501EFF715F970BD4FF0FF30FBE708B5A5
:10979000C3171F3043F10003400940EAC360C117FB
:1097A000F9F7F6FE400108BD38B50446EFF3118520
:1097B000402383F31288BFF36F8F037C5B070ED5C2
:1097C000183000F07FF8237C204623F00403237434
:1097D000F9F7F2FC2846BDE83840F9F765BD85F396
:1097E0001188BFF36F8F38BD38B5EFF31185402373
:1097F00083F31288BFF36F8F0468A04213D0A4B123
:10980000C4F8801062612046FFF719FF04F11800C8
:1098100000F058F82046F9F7CFFC012085F31188B5
:10982000BFF36F8F38BD0020F8E72046F6E72DE93B
:10983000F04706460F4691469A46EFF311884023BB
:1098400083F31288BFF36F8F0068864206D028B179
:10985000736898420CBF0025056868B90024B9F107
:10986000000F02D051462046C84788F31188BFF345
:109870006F8F2046BDE8F0875146B8470446002860
:10988000EDD135B17368AB4200D02C68284625462F
:10989000E3E72C46FAE708B50246F9F7EBFF70B1AB
:1098A000D0E904319B1A61EBE272B3F1004F72F11F
:1098B000000104DA002AACBF1846002008BD6FF092
:1098C0000040FBE7024638B5EFF31185402383F3F0
:1098D0001288BFF36F8F0368D3B1F9F7CBFF04464B
:1098E0001046F9F7D9FF00224FF000438442C0E947
:1098F000042305D0002085F31188BFF36F8F38BD96
:10990000F9F7C0FFFFF7C7FF0021F6F791FFF1E776
:10991000D0E90413B3F1004F08BF012904D100209E
:109920004FF00041C2E904016FF01500E3E708B50C
:10993000FAF7BAF808BDFAF7B7B8B3F1FF3F08BFB6
:10994000B2F1FF3F70B506461D46144614D01A43C7
:1099500016D0002B08DBFAF7A7F8041941EB050134
:10996000C6E90041304670BD6FF001031C1B4FF08B
:10997000FF3363EB0501F3E74FF0FF342146EFE7D8
:109980000024FBE7B3F1FF3F08BFB2F1FF3FF8B59A
:10999000074616461C4610D054EA020311D0FAF7C7
:1099A00083F8B0420A46A14103460AD2F31A64EB97
:1099B0000204C7E900343846F8BD4FF0FF331C46B7
:1099C000F7E70023FBE72DE9F3470446DDE90A98B2
:1099D00015460E4659B302F0010AF9F715FE07467F
:1099E000EFF31181402383F31288BFF36F8FA80731
:1099F00044BF0023A360A36803EA0600BAF1000F86
:109A00000CD086420CD16A0744BF8343A36081F324
:109A10001188BFF36F8F02B0BDE8F0870028F2D144
:109A200059EA080305D181F31188BFF36F8F002035
:109A3000F1E7C7E918652246CDE9009804F10C006A
:109A4000F9F77CFC0028F2D1386EE4E710B50B681A
:109A50000446D0E9180212F0010F03EA000301D016
:109A6000984211D183B12366520748BF4A6804F176
:109A7000180044BF1A434A60FFF724FF0023204622
:109A8000C4F88030FFF71AFE002010BD0023C0E9A3
:109A90000000836070474FF0FF32FAF71DB80A46A6
:109AA0000021FAF719B85200FFF78DBF20B1011F4E
:109AB00050F8040CFFF706BC7047704710B5836A76
:109AC00004461BB101212430FAF77CF90020A06282
:109AD00010BD38B50446FFF7F1FF237F012B0FD0EF
:109AE000023B012B0FD8236A012B14BF6FF09605A0
:109AF00000252C220021204600F0D9F9284638BD47
:109B0000236A002BF1E76FF09605F2E7FAF7BEB98A
:109B100070470020FAF7D4BA0020FAF70BBB0020F8
:109B200000F0B0B84FF0FF324FF0FF33F8F782BFCC
:109B3000F8F7F2BF0A2842DCC31C1FDA10F1400F0D
:109B400045D010F13F0F2BDA10F1410F42D010F148
:109B5000550F42D010F1490F14BF6FF086006FF01F
:109B60008400704709282DD8DFE800F0052C2C2F41
:109B7000172C372C2C3A6FF09800704703300D28C3
:109B800020D8DFE800F00A331F221F1F1F1F1F1FEE
:109B9000071F1F076FF0940070476FF08500704734
:109BA00010F1210F1FD00DDB10F1200F1ED010F18E
:109BB000100F14BF6FF086006FF094007047643888
:109BC0000928CFD96FF086007047002070476FF0EA
:109BD000840070476FF0890070476FF09300704702
:109BE0006FF08C0070476FF0880070476FF0920044
:109BF000704710B501380A44914200D110BD10F8E9
:109C0000013F11F8014B63400370F5E701448142C5
:109C100000D1704711F8013D1A440A70120AF6E7A4
:109C200007B501A9FAF7DAF9003818BF012003B027
:109C30005DF804FBF7B506460D46202D2F46A8BF5C
:109C4000202700216846FAF757FD044670B93A46C6
:109C500031466846FAF7A2FD10F1520F044608D0CB
:109C6000431CF4D0684600F061F834B1204603B0DC
:109C7000F0BD684600F05AF8E3E7EC1B3E44F5D02F
:109C80002546DAE70020704730B589B0054618222E
:109C90000C4601A8002100F00AF9012344EA05243A
:109CA00001A9BA2007940593FAF752F9002818BFC2
:109CB0006FF0920009B030BDF7B5BA2001A9FAF7EC
:109CC0008DF9044610B1002003B0F0BD019D2F0AAC
:109CD000EDB2AC4205D1BA20FAF766F90028F2D00D
:109CE00008E0E6193046FAF75FF930B13046FFF781
:109CF00097FF10B96FF09200E6E70134E9E708B585
:109D0000F820FFF78DFF18B9F920FFF789FF10B190
:109D10006FF0920008BDF820FAF738F90028F7D163
:109D2000F920FAF733F90028F4D0F1E710B50378F9
:109D300004461BB1FAF774F800232370002010BD0D
:109D40000368D868C0F300407047036803F5805388
:109D5000586A00F4A020003818BF01207047022282
:109D600003689A6070470368D868FAF7A5BE024690
:109D700008B5136803F580535B68C62B09D01046FD
:109D8000FFF7DEFF0028F4D11046BDE80840FFF7DA
:109D9000EABF6FF0010008BD03685A5070470369BD
:109DA000986E704710B50446FFF7F9FFC2684AB1D4
:109DB00042F420222046BDE81040002142F4006217
:109DC000FFF7EABF10BD10B50446FFF7EBFFBFF386
:109DD0005F8F03222046BDE810400821FFF7DCBF5B
:109DE000C0F30B03482B4B6028BF482310F4003FFF
:109DF0008B6008BF0023CB6010F4803308BFC1E93B
:109E0000013300F47003B3F5700F14BF00238B68A7
:109E100000284FF0010C4FF008028B60B8BF002300
:109E2000C1E905C2B8BFC1E9053370474FF0FF3241
:109E30004FF0FF33F8F7FEBDF8F76EBEFFF726BE12
:109E400007B54FF0FF334FF0FF32CDE9002300227A
:109E5000FFF729FE03B05DF804FBFFF720BEFFF714
:109E60001ABEFFF794BC10B58B4294BFC4184418B7
:109E7000A04200D110BD00F8012BF9E700231A46DB
:109E800082B001908B4201D102B070470198C25458
:109E90000133F7E70A44431E914200D1704710B5E1
:109EA00011F8014B914203F8014FF9D110BD024462
:109EB0000346934200D1704703F8011BF9E70139CB
:109EC000024410B5904201D1002005E0037811F85A
:109ED000014FA34201D0181B10BD0130F2E7013938
:109EE000034610B532B111F8014F013A03F8014BA6
:109EF000002CF7D11A440021934200D110BD03F881
:109F0000011BF9E70246014410B58A42134603D00B
:109F10001C780132002CF8D1181A10BDF0B5C3F12D
:109F20003707044603F01F031046FFB2082BE6B2C2
:109F300032D0102B3DD06508A40845EAC17544EA2B
:109F400081748A082D1942EB5102290941EA0271F4
:109F50006D1842EB1212290A41EA02616D1842EBB8
:109F60001222290C41EA02416D1842EB1242AD184F
:109F700042F10002EC0844EA4274D10804EB840286
:109F8000A6EB4205EDB2092D0CD90134A5F10A0565
:109F900041F10001EDB212E0E40806F0070544EAE1
:109FA0004174C908303554EA010200F8015BBDD1A3
:109FB000F0BD240906F00F0544EA01740909092DD2
:109FC00084BFED19EDB2EDE720F000420346B2F197
:109FD000FF4F70B5044610D3002807DA00F04EF8A2
:109FE00020B92046BDE87040FBF7E0B82146204686
:109FF000EEF77AF90446204670BD002AFBD000280F
:10A00000F0DB10F0FF412AD0C215C3F31603A2F112
:10A010007F00D2074FF0000443F400034FEA6000D2
:10A020004FF01905264658BF5B004FF080715B006A
:10A0300072189A42DDBF561864189A1A1A46013DE2
:10A040004FEA51014FEA4203F2D112B1013424F038
:10A050000104641004F17C5404EBC054CBE75B00B2
:10A060000A4601311802FAD55242CEE718B1002053
:10A070004FF00041704700200021704720F0004061
:0CA08000B0F1FF4F94BF0020012070479A
:08A08C006E0EFF7F01000000D1
:10A0940001D9000000000000490701000000000091
:10A0A4000000000094A10100112A0100000000003A
:10A0B40000000000D4A1010000000000B4A10100D0
:10A0C4000000000014A2010000000000F4A101003F
:10A0D4001910010000000000518901000000000077
:10A0E4000000000034A20100FF870100000000000E
:10A0F40019D70000000000000000000054A2010075
:10A10400D9C0000000000000813B010000000000F5
:10A114000000000094A2010000000000D4A201008D
:10A1240000000000F4A2010000000000B4A201003D
:10A134000000000014A301000000000074A201004C
:10A14400AB880100000000000000000034A30100FF
:10A154000000000074A301000000000054A30100EB
:10A164000000000094A3010000000000B4A301005B
:10A1740000000000D4A301000000000014A40100AA
:10A1840000000000F4A30100ADDA000000000000AC
:10A194005BBD010088B301003CAE010074090020DE
:10A1A400341E00202DEC0000000000000000000020
:10A1B40095BD010014B401007CAD01007C090020B0
:10A1C400D81E0020D9F10000000000005802002031
:10A1D400A1BD010028B401007CAD01007E0900206E
:10A1E400E41E0020D9F1000000000000C00200209D
:10A1F400ACBD01003CB401007CAD0100800900202D
:10A20400F01E0020D9F10000000000002803002007
:10A21400F9BD01008CB50100D0AD0100900900200A
:10A22400000000000000000000000000000000002A
:10A2340068BD01000000000044AD01007609002063
:10A24400000000008B64010000000000000000001A
:10A2540030BE010000000000F4B601009A0900209D
:10A2640068200020F909010000000000000000003F
:10A2740070BD0100000000004CAD01007809002011
:10A284000000000011EF00000000000000000000CA
:10A29400B7BD010050B40100A0AD01008209002047
:10A2A400FC1E0020F9F50000000000000000000082
:10A2B400C0BD01009C060020B8AD01008409002047
:10A2C400241F0020357001000000000088060020D3
:10A2D400CBBD0100E0060020B8AD010086090020D6
:10A2E400781F00203570010000000000CC0600201B
:10A2F4001CBE01002CB6010034AE010096090020FA
:10A3040024070020BD030100000000001007002006
:10A3140026BE010084B6010034AE01009809002075
:10A32400FC070020BD03010000000000E807002036
:10A33400E0BD0100F0B40100A0AE01008A090020D4
:10A3440008200020537701000000000000000000F6
:10A3540089BD0100B0B3010064AD01007A09002099
:10A36400C01E002071F1000000000000F001002078
:10A37400D5BD0100CCB40100000000008809002014
:10A38400CC1F002049F7000000000000000000007E
:10A39400EEBD010060B5010058AE01008E09002039
:10A3A400000000004B7B01000000000000000000E2
:10A3B400E9BD010020B5010060AE01008C09002058
:10A3C400202000206D7C010000000000000000003F
:10A3D40005BE010098B50100FCAD01009209002002
:10A3E400EC24002085FD00000100000000000000B6
:10A3F4000DBE010010B60100E0AD0100940900207B
:10A4040038200020C1020100010000009003002058
:10A4140045BE01000000000018AE01009C090020A8
:10A424003821002095890100000000000000000090
:10A4340000000000B55F010000000000B55F0100EE
:10A4440000000000B55F010000000000B55F0100DE
:10A4540000000000B55F010000000000B55F0100CE
:10A4640000000000B55F010000000000B55F0100BE
:10A4740000000000B55F010000000000B55F0100AE
:10A4840000000000B55F010000000000B55F01009E
:10A4940000000000B55F010000000000B55F01008E
:10A4A40000000000B55F010000000000B55F01007E
:10A4B40000000000B55F010000000000B55F01006E
:10A4C40000000000B55F010000000000B55F01005E
:10A4D40000000000B55F010000000000B55F01004E
:10A4E40000000000B55F010000000000B55F01003E
:10A4F40000000000B55F010000000000B55F01002E
:10A5040000000000B55F010000000000B55F01001D
:10A51400000000008110010000000000B55F010090
:10A5240000000000B55F010000000000B55F0100FD
:10A5340000000000B55F010000000000B55F0100ED
:10A5440000000000B55F010000000000B55F0100DD
:10A5540000000000B55F010000000000B55F0100CD
:10A5640000000000B55F010000000000B55F0100BD
:10A5740000000000B55F010000000000B55F0100AD
:10A5840000000000B55F010000000000B55F01009D
:10A5940000000000B55F010000000000B55F01008D
:10A5A40000000000B55F010000000000B55F01007D
:10A5B40000000000B55F010000000000B55F01006D
:10A5C40000000000B55F010000000000B55F01005D
:10A5D40000000000B55F010000000000B55F01004D
:10A5E40000000000B55F010000000000B55F01003D
:10A5F40000000000B55F010000000000B55F01002D
:10A6040000000000B55F010000000000B55F01001C
:10A6140000000000B55F010000000000B55F01000C
:10A6240000000000B55F010000000000B55F0100FC
:10A6340000000000B55F010000000000B55F0100EC
:10A6440000000000B55F010000000000B55F0100DC
:10A6540000000000B55F010000000000B55F0100CC
:10A6640000000000B55F010000000000B55F0100BC
:10A6740000000000B55F010000000000B55F0100AC
:10A6840000000000B55F010000000000B55F01009C
:10A6940000000000B55F0100FC07002035900100B8
:10A6A40000000000B55F010000000000B55F01007C
:10A6B40000000000B55F010000000000B55F01006C
:10A6C40000000000B55F010000000000B55F01005C
:10A6D40000000000B55F010000000000B55F01004C
:10A6E40000000000B55F010000000000B55F01003C
:10A6F40000000000B55F010000000000E548010013
:10A7040000000000B55F010000000000B55F01001B
:10A7140000000000B55F010000000000B55F01000B
:10A7240000000000B55F010000000000B55F0100FB
:10A7340000000000B55F010000000000B55F0100EB
:10A7440000000000B55F010000000000B55F0100DB
:10A7540000000000B55F010000000000B55F0100CB
:10A7640000000000B55F010000000000B55F0100BB
:10A7740000000000B55F010000000000B55F0100AB
:10A7840000000000B55F010000000000B55F01009B
:10A7940000000000B55F010000000000B55F01008B
:10A7A40000000000B55F010000000000B55F01007B
:10A7B40000000000B55F010000000000B55F01006B
:10A7C40000000000B55F010000000000B55F01005B
:10A7D40000000000B55F010000000000B55F01004B
:10A7E40000000000B55F010000000000B55F01003B
:10A7F40000000000B55F010000000000B55F01002B
:10A8040000000000B55F010000000000B55F01001A
:10A8140000000000B55F010000000000B55F01000A
:10A8240000000000B55F010000000000B55F0100FA
:10A8340000000000B55F010000000000B55F0100EA
:10A8440000000000B55F010000000000B55F0100DA
:10A8540000000000B55F010000000000B55F0100CA
:10A8640000000000B55F010000000000B55F0100BA
:10A8740000000000B55F010000000000B55F0100AA
:10A8840000000000B55F010000000000B55F01009A
:10A8940000000000B55F010000000000B55F01008A
:10A8A40000000000B55F010000000000B55F01007A
:10A8B40000000000B55F010000000000B55F01006A
:10A8C40000000000B55F010000000000B55F01005A
:10A8D40000000000B55F010000000000B55F01004A
:10A8E40000000000B55F010000000000B55F01003A
:10A8F40000000000B55F010000000000B55F01002A
:10A9040000000000B55F010000000000B55F010019
:10A9140000000000B55F010000000000B55F010009
:10A9240000000000B55F010000000000B55F0100F9
:10A9340000000000B55F010000000000B55F0100E9
:10A9440000000000B55F010000000000B55F0100D9
:10A9540000000000B55F010000000000B55F0100C9
:10A9640000000000B55F010000000000B55F0100B9
:10A9740000000000B55F010000000000B55F0100A9
:10A9840000000000B55F010000000000B55F010099
:10A9940000000000B55F010000000000B55F010089
:10A9A40000000000B55F010000000000B55F010079
:10A9B40000000000B55F010000000000B55F010069
:10A9C40000000000B55F010000000000B55F010059
:10A9D40000000000B55F010000000000B55F010049
:10A9E40000000000B55F010000000000B55F010039
:10A9F40000000000B55F010000000000B55F010029
:10AA040000000000B55F010000000000B55F010018
:10AA140000000000B55F010000000000B55F010008
:10AA240000000000B55F010000000000B55F0100F8
:10AA340000000000B55F010000000000B55F0100E8
:10AA440000000000B55F010000000000B55F0100D8
:10AA540000000000B55F010000000000B55F0100C8
:10AA640000000000B55F010000000000B55F0100B8
:10AA7400781F00206925010000000000B55F010077
:10AA840000000000B55F010000000000B55F010098
:10AA940000000000B55F010000000000B55F010088
:10AAA40000000000B55F010000000000B55F010078
:10AAB40000000000B55F010000000000B55F010068
:10AAC40000000000B55F010000000000B55F010058
:10AAD40000000000B55F010000000000B55F010048
:10AAE40000000000B55F010000000000B55F010038
:10AAF40000000000B55F010000000000B55F010028
:10AB040000000000B55F0100B4050020EB6B0100FC
:10AB140000000000B55F010000000000B55F010007
:10AB240000000000B55F010000000000B55F0100F7
:10AB340000000000B55F010000000000B55F0100E7
:10AB440000000000B55F010000000000B55F0100D7
:10AB5400451C0100B589010000000000B55F01003B
:10AB640000000000B55F010000000000B55F0100B7
:10AB740000000000B55F010000000000B55F0100A7
:10AB840000000000B55F010000000000B55F010097
:10AB940000000000B55F010024070020359001008B
:10ABA40000000000B55F010000000000B55F010077
:10ABB40000000000B55F010000000000B55F010067
:10ABC40000000000B55F010000000000B55F010057
:10ABD40000000000B55F010000000000B55F010047
:10ABE40000000000B55F010000000000B55F010037
:10ABF40000000000B55F010000000000B55F010027
:10AC040000000000B55F010000000000B55F010016
:10AC140000000000B55F010000000000B55F010006
:10AC240000000000B55F010000000000B55F0100F6
:10AC340000000000B55F010000000000B55F0100E6
:10AC440000000000B55F010000000000B55F0100D6
:10AC5400241F00206925010000000000B55F0100E9
:10AC640000000000B55F010000000000B55F0100B6
:10AC740000000000B55F010000000000B55F0100A6
:10AC840000000000B55F010000000000B55F010096
:10AC940000000000B55F010000050020EB6B01001F
:10ACA40073890100B589010000000000B55F01004F
:10ACB40000000000B55F010000000000B55F010066
:10ACC40000000000B55F010000000000B55F010056
:10ACD40000000000B55F010000000000B55F010046
:10ACE40000000000B55F010000000000B55F010036
:10ACF40000000000B55F010000000000B55F010026
:10AD040000000000B55F010000000000B55F010015
:10AD140000000000B55F010000000000B55F010005
:10AD240000000000B55F010000000000B55F0100F5
:10AD340000000000B55F010000000000B55F0100E5
:08AD440077640100000000002B
:10AD4C0009F0000009650100F3640100F9EE000050
:10AD5C00E9EE000001EF0000196801003567010001
:10AD6C0041F0000039F000006365010057650100F7
:10AD7C0031F200004B6B0100576B01006B6B010053
:10AD8C00756B01007F6B010005F40000936B0100F3
:04AD9C0000000000B3
:10ADA000796F0100A56F0100D16F01000000000064
:10ADB00000000000356F0100457201000000000036
:10ADC0008B7001000000000000000000FF71010016
:10ADD000E37D0100E97D0100197E0100497E01004B
:10ADE00059BF00000000000000000000BD8001000D
:10ADF00009810100000000000000000009FD0000C2
:10AE000031FC000000000000CB7E01005D0001006D
:10AE10000000000000000000000000000000000032
:10AE20000000000099890100A91201000000000043
:04AE3000000000001E
:08AE3400F10301002384010079
:10AE3C008DEC0000D16301003764010000000000BC
:0CAE4C006F630100000000000000000027
:08AE5800F9770100797801008F
:10AE6000E57A010043780100E97701008778010065
:10AE7000A57A0100A77B010000000000000000008F
:10AE800000000000000000006D79010000000000DB
:10AE900000000000000000000000000000000000B2
:10AEA000EF760100D37701000D77010025770100CF
:10AEB000000000003F7701000000000000000000DB
:10AEC0000000000000000000000000000000000082
:10AED0000000000000000000000000000000000072
:10AEE0000000000004000000A0000000F0000000CE
:10AEF0000000000000A0105000820D50000405501A
:10AF000000860D5001000100000101000001000158
:10AF1000000001000100000001000B0002000A0017
:10AF2000050009000A000800140007001E000600C2
:10AF3000320005004B00040064000300960002008C
:10AF4000FA000100F4010000F401FA009600640028
:10AF50004B0032001E0014000A0005000200010030
:10AF60000C0802170D010102090901010602091866
:10AF700018030101090983838503020123020224C6
:10AF80000910040405050B0B040B2B1B1B159A9AC7
:10AF90001C021D16130501490D150508061B1B0F84
:10AFA00001010000FEFEFEFEFEFEFEFEFEFEFEFEB7
:10AFB000FEFEFEFEFEFEFEFEFE16FEFEFEFEFEFE99
:10AFC000FEFEFEFEFEFE1F1FFE26FEFEFEFEFEFE37
:10AFD000FEFEFEFEFEFEFEFEFEFEFEFE3E3EFEFE11
:10AFE000FEFE3B3BA201B003BE05EE024806A209ED
:10AFF000C405F40B24120000D81000200200000B3E
:10B000000100000007000000000000000000000038
:10B01000000000000406080A0C0E10121416181C7A
:10B020001E20222426282A2C2E30323436383A3C50
:10B030003E40424446484A4C4E021A50000000002E
:10B04000280000001800000000000000F0230000AD
:10B05000241300000000000040060000400600002D
:10B06000000098086B03000000000000F0230000BF
:10B07000241300000000000048A3000014A00000FA
:10B08000000040060C0300009C0000200200000BA2
:10B090003A1100200200000C9E1100200200000B5B
:10B0A0009E1100200100000C9C1100200100000CEA
:10B0B0000000000000000101010101010101010186
:10B0C000010102020202020203030404050506064E
:10B0D00007070808090A0B0C0D0E0F1011121314A4
:10B0E00015161718191A1B0010010000D2000000D5
:10B0F00030010000D800000001000000E400000062
:10B1000002000000EA00000002000000EC00000065
:10B1100003000000EE00000004000000F00000004A
:10B1200005000000F200000006000000F40000002E
:10B1300007000000F600000008000000F700000013
:10B1400009000000F80000000A000000F9000000FB
:10B150000B000000FA0000000D000000FB000000E2
:10B160000F000000FC00000011000000FD000000C6
:10B1700013000000FE00000015000000FF000000AA
:10B1800018000000000000001B000000010000008B
:10B190001F00000002000000230000000300000068
:10B1A00028000000040000002D0000000500000041
:10B1B0003300000006000000390000000700000016
:10B1C0003F0000000800000000100200FA0000002C
:10B1D0000338FDD8704700000000000000000000A8
:10B1E0000338FDD870470000000000000000000098
:10B1F0000338FDD870470000763C7935EF39EA3DD9
:10B20000763C7935EF39EABD0000E0FE422EE63F9C
:10B210000000E0FE422EE6BF000000000000E03F1C
:10B22000000000000000E0BF6810000064000000A3
:10B23000A00F000050000000D80E000037000000F2
:10B24000740E000023000000AC0D00000F00000091
:10B25000480D000005000000B80B000000000000D1
:10B26000D4A1010018000100D4A1010017000100C1
:10B27000D4A10100160001006000002000000000C1
:10B2800006000100020000008CB201000000000076
:10B2900043BD010002000000E0CF1F0000000020BD
:10B2A0004BBD010021000000E0EB0720F00400206E
:10B2B000A5D70000000000005F600100B0B20100EF
:10B2C000CCB20100470000000000000098560020AA
:10B2D000B0B20100E0B201002E000000000000004A
:10B2E000785A0020B0B20100F4B20100020100005F
:10B2F000000000004C5B00200E0300004DE3000046
:10B300000F04000029E400003E0100001DDB0000E6
:10B31000FF010000DDDA00003E010000FDDA000060
:10B3200010010000BB610100B0B2010038B30100A0
:10B330004700000000000000685C002000000000E2
:10B340006410B71DC8206E3BAC30D9269041DC7626
:10B35000F4516B6B5861B24D3C7105502083B8EDD0
:10B3600044930FF0E8A3D6D68CB361CBB0C2649BF4
:10B37000D4D2D38678E20AA01CF2BDBDE9EB00006E
:10B38000B9EB0000000000003DED0000BDEC000046
:10B390006D64010069640100576401005D6401008F
:10B3A0001000000001FF0000FD010000001000007F
:10B3B00014A30100406BED0700010000F4A101009F
:10B3C0000500010000000000010000000000000076
:10B3D00000008000800000000000010085201700B0
:10B3E00000000000F4A1010003000100F4A101002D
:10B3F00000000100010000000100E2020100000065
:10B4000000FF000000A0105000820D500004055005
:10B4100000860D50FF03000000A010500005002022
:10B420000000000000000000FFFFFFFF00820D5041
:10B43000B40500200000000001000000FF0700002C
:10B4400000040550000000000000000002000000A1
:10B45000D4A1010011000000D4A1010012000000DD
:10B46000801A06006F6F01005D6F0100276F0100F9
:10B47000F56E01000040105080B401000200000091
:10B4800098B401000200000090B401000201000025
:10B490000880000C0780000B0800000C0700000B60
:10B4A00000800C50ACB4010002000000C4B40100E4
:10B4B00002000000BCB40100020100002380000C67
:10B4C0002780000B2300000C2700000B94A2010032
:10B4D0006B000000000000000000000000030000FE
:10B4E00000A0105000820D500004055000860D5041
:10B4F00000000080FFFFFF7F000000800000008050
:10B50000FFFFFF7F0000008000000000000000003F
:10B5100010BF010000FF0800D4A101000C000000D2
:10B52000A05A3200A05A3200A05A32000000008017
:10B53000FFFFFF7F0000008000000000000000000F
:10B5400010BF01000002080074A301000002000007
:10B5500000000000FF00FF00FF00FF0000000000EF
:10B5600074A30100000000000000000000000000C3
:10B5700000000000000000000000000000000000CB
:10B5800000000000000000000000000000EC0720A8
:10B5900000100000040A002074A3010040164000BF
:10B5A00000093D00E067350050C3000000000300C3
:10B5B00000093D0050C3000004000D00F0490200E6
:10B5C000007D0000D0070000100090017000000016
:10B5D0006400000040420F000100000020A10700AD
:10B5E000FFFFFF7FFFFFFF7FFFFFFF7FFFFFFF7F6B
:10B5F000FFFFFF7FFFFFFF7F10270000340D0100DA
:10B6000000010000A0860100A086010001000F00DB
:10B610009D030100B4A201006A00000079820100CC
:10B6200045820100AF820100E3820100B383010083
:10B6300050B60100CB84010084B601002325002010
:10B640001B25002000127A00FFFFFF000100000010
:10B6500000D00E505CB601000200000078B6010078
:10B66000030000006CB60100030100002480000408
:10B670002680000525800006240000042600000521
:10B6800025000006A9830100A8B60100CB840100B3
:10B69000DCB60100332500202B2500200048E801FE
:10B6A000FFFFFF010100000000D00450B4B601000C
:10B6B00002000000D0B6010003000000C4B6010083
:10B6C0000301000041800004428000054480000620
:10B6D000410000044200000544000006F4A10100FE
:10B6E0000500010000A0105000820D50000405501C
:10B6F00000860D507109010043880100A10B010073
:10B7000000A0105000820D500004055000860D501E
:10B71000080000000A000000040000000100000012
:10B7200000A0105000820D500004055000860D50FE
:10B7300000A0105000820D500004055000860D50EE
:10B7400000A0105000820D500004055000860D50DE
:10B7500094A00100A4A00100ECA00100F4A001004D
:10B7600094A1010094A1010055BE01000001000058
:10B7700000000000AF9E0100000101000002020075
:10B78000001400000028000000400000010000003C
:10B790000200000098B70100000000000000000057
:10B7A000000000000000000000000000B0B7010031
:10B7B0000F00000000000000000000000600000074
:10B7C000000000006937AC3168212233B40F143314
:10B7D0006821A2333863ED3EDA0F493F5E987B3F24
:10B7E000DA0FC93F54009F01020004000800100056
:10B7F0000100010008000200040000000C001A0013
:10B8000034006800D000A00141038206040D081A2C
:10B8100001004164766572746973696E67206661C0
:10B82000696C656420746F2073746172742028657C
:10B830007272202564290A00416476657274697306
:10B84000696E67206661696C656420746F2073742B
:10B850006F702028657272202564290A0057617272
:10B860006E696E673A20627574746F6E20726561DE
:10B8700064206661696C656420282564290A007467
:10B8800072616D6520412028257329202325753A92
:10B890002070697463683D25642E256420726F6C86
:10B8A0006C3D25642E2564206D6F74696F6E3D2597
:10B8B000642061637469766974793D25640A005770
:10B8C00061726E696E673A20636F756C64206E6F8B
:10B8D0007420646973636F6E6E65637420257320D2
:10B8E000282564290A0068656172746265617400C4
:10B8F000616E676C65006D6F74696F6E0078696169
:10B900006F5F6E726635346C6D323061000A3D3D9A
:10B910003D20257320756C7472612D6C6F772D70CE
:10B920006F7765722073797374656D2D6F6E2D69F5
:10B93000646C652028475254432B52414D2B424C96
:10B94000452B494D5529203D3D3D0A005265736503
:10B95000742062792064656275676765722E00578E
:10B96000616B6575702066726F6D205379737465B5
:10B970006D204F464620627920636C6F636B2073A5
:10B980006F757263652E0057616B65757020667206
:10B990006F6D2053797374656D204F464620627930
:10B9A000204750494F2E004F746865722077616BB5
:10B9B0006520757020636175736520307825303897
:10B9C000582E0A00506F7765722D6F6E2072657366
:10B9D0006574206F7220726573657420636175737E
:10B9E0006520756E617661696C61626C652E0057C9
:10B9F00061726E696E673A20636F756C64206E6F5A
:10BA0000742072656164207265736574206361756A
:10BA1000736520282564290A00726564204C45441A
:10BA200000626C7565204C454400677265656E2048
:10BA30004C4544004750494F32206E6F7420726568
:10BA40006164792E005761726E696E673A20636F88
:10BA5000756C64206E6F7420636F6E6669677572B3
:10BA60006520666C617368205350492070696E735D
:10BA700020282564290A005761726E696E673A2092
:10BA8000627574746F6E20696E6974206661696C8A
:10BA900065642028256429202D2D20626F75746F20
:10BAA0006E20746F756A6F75727320656E766F792C
:10BAB00065206120300A006877696E666F206465D2
:10BAC0007669636520696420746F6F2073686F7294
:10BAD0007420282564292C207573696E672073747F
:10BAE00061636B2D67656E65726174656420616466
:10BAF00064726573730A005761726E696E673A20EB
:10BB0000636F756C64206E6F742073657420666952
:10BB100078656420424C45206964656E7469747967
:10BB20002028657272202564290A004572726F729E
:10BB30003A20426C7565746F6F746820696E697421
:10BB4000206661696C65642028657272202564290D
:10BB50002C207265626F6F740A00426C7565746F99
:10BB60006F746820696E697469616C697A656420B4
:10BB70006F6E6365202D2D2072657365745F636140
:10BB80007573653D3078253038780A005761726EDC
:10BB9000696E673A20696D755F76646420726567C7
:10BBA000756C61746F725F656E61626C6520666151
:10BBB000696C656420282564290A005761726E69E2
:10BBC0006E673A20494D55206465766963655F6903
:10BBD0006E6974206661696C656420282564290A91
:10BBE000005761726E696E673A20494D5520435483
:10BBF000524C315F584C2F4354524C325F472F43C5
:10BC000054524C335F4320777269746520666169D2
:10BC10006C656420282564290A005761726E696E7C
:10BC2000673A20494D552058595A206275727374ED
:10BC30002072656164206661696C656420282564F2
:10BC4000290A005761726E696E673A2073616D70E0
:10BC50006C655F6D6F74696F6E206661696C656499
:10BC600020282564290A007472616D6520433A20FA
:10BC70006779726F5F7265743D2564206779726FB2
:10BC80005F6D61673D257520616363656C5F6D6104
:10BC9000675F78313030303D25750A007265706F0E
:10BCA00073005761726E696E673A206368617267EC
:10BCB0006572206465766963655F696E6974206684
:10BCC00061696C656420282564290A0062617474C6
:10BCD0006572792072656164206661696C65642CA7
:10BCE0002073656E64696E67206672616D652042BF
:10BCF00020776974686F7574206120667265736857
:10BD00002076616C7565007472616D652042202338
:10BD100025753A20626174746572793D2575252513
:10BD200020282575206D56292074656D703D256489
:10BD30002E2530326420430A005849414F2D444F8C
:10BD40004F5200464C4153485F30005352414D5FC3
:10BD50003000425420525820575100636C6F636B7F
:10BD600040313065303030007073612D726E670085
:10BD70007272616D2D636F6E74726F6C6C65724060
:10BD800035303034653030300070793235713634CA
:10BD900068614030006770696F4031306130303029
:10BDA000006770696F406438323030006770696FC7
:10BDB00040353034303000706D69632D6932630076
:10BDC000693263403130343030300069326340636F
:10BDD00038303030006E706D3133303040366200B4
:10BDE000706F7765725F656E004C444F310072650D
:10BDF00067756C61746F72730072657461696E65EA
:10BE0000646D656D0063686172676572006C736D67
:10BE10003664733374722D63403661007370694009
:10BE20006564303030007370694034643030300005
:10BE300062745F6863695F736463004D50534C20A4
:10BE4000576F726B0074656D70406437303030002E
:10BE50006D61696E00737973776F726B71006472D4
:10BE600061676F6F6E2F6C6962732F7363686564AF
:10BE70002F7372632F73636865645F68616C5F74AE
:10BE8000696D65725F677274632E6300C8DA3098FB
:10BE9000F9F034A44B6EBAD30819CC0CEA51DA4746
:10BEA00000286E756C6C29002A666C6F61742A001C
:10BEB00000000000000000FFFFFFFFFFFF00000088
:10BEC0000000000104000200000002000000000069
:10BED000000005000000000000000000000000005D
:10BEE000000005D810200C000000000A100A200EE7
:10BEF000010E02120112021208160116022201227C
:10BF00000222042208221000010405020608090F7B
:10BF1000000A2A35424242424242424242424242A0
:04BF20000001020317
:10BF2400FFFFFFFFFF1F00001F00000000000000D4
:10BF34001D40000000000000FFFFFFFF1FFF000086
:10BF4400BAABBABA1010101000000000005008502C
:10BF540000000000000000000C000000010000FFD1
:10BF64007F00000000000000ED92000000000000CF
:10BF7400FF920000000000002C530000FF000000AE
:10BF8400EC78000001000000000000000000000048
:10BF9400000000000000000000000000000000009D
:10BFA400000000000000000000000000000000008D
:10BFB400000000000000000000000000000000007D
:10BFC400000000000000000000000000000000006D
:10BFD400000000000000000000000000000000005D
:10BFE400000000000000000000000000000000004D
:10BFF400000000000000000000000000000000003D
:10C00400000000000000000000000000000000002C
:10C01400000000000000000000000000000000001C
:10C02400000000000000000000000000000000000C
:10C0340000000000000000000000000000000000FC
:10C0440000000000000000000000000000000000EC
:10C0540029E30000000000000000000000000000D0
:10C0640000000000000000000000000000000000CC
:10C0740000000000000000000000000000000000BC
:10C0840000000000000000000000000000000000AC
:10C09400000000000000000000000000000000009C
:10C0A40000000000000000000000000054A2010095
:10C0B40000000000000000007F6901000000000093
:10C0C4000000000000000000080200200802002018
:10C0D40001000000010000001802002018020020E6
:10C0E400000000000000000000000000000000004C
:10C0F400000000000000000000000000000000003C
:10C10400000000000000000000000000000000002B
:10C11400000000000000000000000000000000001B
:10C12400E76B0100000000000000000000000000B8
:10C1340070020020700200200100000001000000D5
:10C1440080020020800200200000000000000000A7
:10C1540000000000000000000000000000000000DB
:10C1640000000000000000000000000000000000CB
:10C1740000000000000000000000000000000000BB
:10C184000000000000000000E76B01000000000058
:10C194000000000000000000D8020020D8020020A7
:10C1A4000100000001000000E8020020E802002075
:10C1B400000000000000000000000000000000007B
:10C1C400000000000000000000000000000000006B
:10C1D400000000000000000000000000000000005B
:10C1E400000000000000000000000000000000004B
:10C1F400E76B0100000000000000000000000000E8
:10C204004003002040030020010000000100000062
:10C214005003002050030020000000000000000034
:10C22400000000000000000000000000000000000A
:10C2340000000000000000000000000000000000FA
:10C2440000000000000000000000000000000000EA
:10C254000000000000000000C38101000000000095
:10C264000000000000000000A8030020A803002034
:10C274000100000001000000B8030020B803002002
:10C2840000000000000000000000000000000000AA
:10C29400000000000000000000000000000000009A
:10C2A400000000000000000000000000000000008A
:10C2B40000000000000000000000000059C1000060
:10C2C4000000000000010000000000000000000069
:10C2D400000000000000000000000000000000005A
:10C2E40000000000000000000000000067000000E3
:10C2F400000000000000000000000000000000003A
:10C304000000000000000000000000000000000029
:10C314000000000000000000000000000000000019
:10C324000000000000000000000000000000000009
:10C3340000000000000000000000000000000000F9
:10C3440000000000000000000000000000000000E9
:10C3540000000000000000000000000000000000D9
:10C3640000000000000000000000000000000000C9
:10C37400000000000000000001010000300900205E
:10C38400161A0000330900200101000031090020C1
:10C394000909000039BD0100160F00004D090020F5
:10C3A4000101000032090020161800005C09002079
:10C3B40000000000556001000000000000000000C3
:10C3C40000C0105000000000000000000000000049
:10C3D4000000000000000000000000000000000059
:10C3E4000000000000000000000000000000000049
:10C3F4000000000000000000000000000000000039
:10C404000000000000000000000000000000000028
:10C414000000000000000000000000000000000018
:10C424000000000000000000000000000000000008
:10C4340000000000000000000000000000000000F8
:10C4440000000000000000000000000000000000E8
:10C4540000000000000000000000000000000000D8
:10C4640000000000000000000000000000000000C8
:10C474000001000000A00D500000000000000000BA
:10C4840000000000000000000000000000000000A8
:10C494000000000000000000000000000000000098
:10C4A4000000000000000000000000000000000088
:10C4B4000000000000000000000000000000000078
:10C4C4000000000000000000000000000000000068
:10C4D4000000000000000000000000000000000058
:10C4E4000000000000000000000000000000000048
:10C4F4000000000000000000000000000000000038
:10C504000000000000000000000000000000000027
:10C514000000000000000000000000000000000017
:10C5240000000000000000000000000089E300009B
:10C5340000000000000000000000000045DD0000D5
:10C544000000000000000000800100000000000066
:10C55400FF72010000000000000000000000000065
:10C564000000000000601806000001010B700100CB
:10C5740010000000EDF6000074B40100F92400205E
:10C58400FFFF000000000000000000008001000028
:10C5940000000000FF720100000000000000000025
:10C5A4000000000000000000006018060000010107
:10C5B4000B70010010000000CDF60000A0B40100D3
:10C5C40009250020FFFF000000000000000000001B
:10C5D40000010000000000001F87010000000000AF
:10C5E4000000000000D00E50000000000000000019
:10C5F4000000000000000000000000000000000037
:10C604000000000000000000000000000000000026
:10C614000000000000000000000000000000000016
:10C624000000000000000000000000000000000006
:10C6340000000000000000000000000000000000F6
:10C6440000000000000000000000000000000000E6
:10C654009007002090070020000000000100000067
:10C66400A0070020A0070020000000000100000037
:10C6740000000000000000000000000000000000B6
:10C6840000000000000000000000000000000000A6
:10C694000000000000000000000000000000000096
:10C6A4000000000000000000000100000000000085
:10C6B4001F870100000000000000000000D00450AB
:10C6C4000000000000000000000000000000000066
:10C6D4000000000000000000000000000000000056
:10C6E4000000000000000000000000000000000046
:10C6F4000000000000000000000000000000000036
:10C704000000000000000000000000000000000025
:10C714000000000000000000000000000000000015
:10C7240000000000000000006808002068080020E5
:10C7340000000000010000007808002078080020B4
:10C7440000000000010000000000000000000000E4
:10C7540000000000000000000000000000000000D5
:10C7640000000000000000000000000000000000C5
:10C7740000000000000000000000000000000000B5
:10C78400F906010000000000FF0000000090D00343
:10C79400FF0000000F00000071020000DC08002010
:10C7A400DC080020E4080020E40800200000000069
:10C7B400000000000E00000000000000FC08002043
:10C7C400FC08002000000000000000000E00000033
:10C7D4000000000067742000A0090020DC0900208C
:10C7E400C8090020240A0020180A0020B4090020E7
:10C7F400040404D2FC440000510000520000630011
:10C8040000000063000000006300000000D2FC444C
:10C81400000001000200000C00001500D2FC4400DE
:10C82400000F0021002B002C003A003F00003F00C5
:04C83400003F0000C1
:10C8380000000000000000000000000000000000F0
:10C8480000000000000000000000000000000000E0
:0CC85800000000000000000000000000D4
:10C86400A0090020A0090020000000000000000032
:10C874000E000000B4090020B409002000000000EC
:10C88400000000000E000000C8090020C8090020B4
:10C8940000000000000000000E000000DC09002081
:10C8A400DC09002000000000000000000E00000071
:10C8B400F0090020F0090020000000000000000042
:10C8C4000E000000040A0020040A002000000000FA
:08C8D400000000000E0000004E
:10C8DC00180A0020180A002000000000240A00207A
:08C8EC00240A002000000000F6
:10C8F4000000000000000000380A0020380A002070
:10C90400030003000000000000000000D0B201009A
:10C91400045B002000000000000000005C0A00200E
:10C924005C0A00200100010000000000000000007B
:10C9340028B30100B05C00200000000000000000EB
:10C94400800A0020800A00200A000A000400000077
:10C9540001DA0000BCB201006059002000000000B0
:10C9640000000000A40A0020A40A00200100010025
:10C974000000000000000000E4B20100505C002050
:04C9840015E015E0C5
:040000030000CFB179
:00000001FF
