:10000000984E002081D00000776001006DD0000084
:100010006DD000006DD000006DD000006DD00000EC
:1000200000000000000000000000000051D10000AE
:100030006DD000000000000001D300006DD0000072
:100040007DD300007DD300007DD300007DD3000070
:100050007DD300007DD300007DD300007DD3000060
:100060007DD300007DD300007DD300007DD3000050
:100070007DD300007DD300007DD300007DD3000040
:100080007DD300007DD300007DD300007DD3000030
:100090007DD300007DD300007DD300007DD3000020
:1000A0007DD300007DD300007DD300007DD3000010
:1000B0007DD300007DD300007DD300007DD3000000
:1000C0007DD300007DD300007DD300007DD30000F0
:1000D0007DD300007DD300007DD300007DD30000E0
:1000E0007DD300007DD300007DD300007DD30000D0
:1000F0007DD300007DD300007DD300007DD30000C0
:100100007DD300007DD300007DD300007DD30000AF
:100110007DD300007DD300007DD300007DD300009F
:100120007DD300007DD300007DD300007DD300008F
:100130007DD300007DD300007DD300007DD300007F
:100140007DD300007DD300007DD300007DD300006F
:100150007DD300007DD300007DD300007DD300005F
:100160007DD300007DD300007DD300007DD300004F
:100170007DD300007DD300007DD300007DD300003F
:100180007DD300007DD300007DD300007DD300002F
:100190007DD300007DD300007DD300007DD300001F
:1001A0007DD300007DD300007DD300007DD300000F
:1001B0007DD300007DD300007DD300007DD30000FF
:1001C0007DD300007DD300007DD300007DD30000EF
:1001D0007DD300007DD300007DD300007DD30000DF
:1001E0007DD300007DD300007DD300007DD30000CF
:1001F0007DD300007DD300007DD300007DD30000BF
:100200007DD300007DD300007DD300007DD30000AE
:100210007DD300007DD300007DD300007DD300009E
:100220007DD300007DD300007DD300007DD300008E
:100230007DD300007DD300007DD300007DD300007E
:100240007DD300007DD300007DD300007DD300006E
:100250007DD30000F58901007DD300007DD300002F
:100260007DD300007DD30000DF8901007DD3000035
:100270007DD300007DD300007DD300007DD300003E
:100280007DD300007DD300007DD300007DD300002E
:100290007DD300007DD300007DD300007DD300001E
:1002A0007DD300007DD300007DD300007DD300000E
:1002B0007DD300007DD300007DD300007DD30000FE
:1002C0007DD300007DD300007DD300007DD30000EE
:1002D0007DD300007DD300007DD300007DD30000DE
:1002E0007DD300007DD300007DD300007DD30000CE
:1002F0007DD300007DD300007DD300007DD30000BE
:100300007DD300007DD300007DD300007DD30000AD
:100310007DD300007DD300007DD300007DD300009D
:100320007DD300007DD300007DD300007DD300008D
:100330007DD300007DD300007DD300007DD300007D
:100340007DD300007DD300007DD300007DD300006D
:100350007DD300007DD300007DD300007DD300005D
:100360007DD300007DD300007DD300007DD300004D
:100370007DD300007DD300007DD300007DD300003D
:100380007DD300007DD300007DD300007DD300002D
:100390007DD300007DD300007DD300007DD300001D
:1003A0007DD300007DD300007DD300007DD300000D
:1003B0007DD300007DD300007DD300007DD30000FD
:1003C0007DD300007DD300007DD300007DD30000ED
:1003D0007DD300000B8A01007DD300007DD3000097
:1003E0007DD300007DD300007DD300007DD30000CD
:1003F0007DD300007DD300007DD300007DD30000BD
:100400007DD300007DD300007DD300007DD30000AC
:100410007DD300007DD300007DD300007DD300009C
:100420007DD300007DD300007DD300007DD300008C
:100430007DD300007DD300007DD300007DD300007C
:100440007DD300007DD300007DD300007DD300006C
:100450007DD300007DD300007DD300007DD300005C
:100460007DD300007DD300007DD300007DD300004C
:100470007DD300007DD300007DD300007DD300003C
:100480007DD300007DD300007DD300007DD300002C
:100490007DD300007DD300007DD300007DD300001C
:1004A0007DD300007DD300007DD300007DD300000C
:1004B0007DD300007DD300007DD300007DD30000FC
:1004C0007DD300007DD30000064A074B02604FF445
:1004D0009C725B7A82800822C371FF23827103724F
:1004E000704700BFE79F0000C00A0020F8B5C41D98
:1004F0000028054624F007040CBF0020204600F029
:100500003BFA071E02DA6FF00B00F8BD254EB188EA
:1005100070880331F3790330B27989B280B208F080
:10052000C7FC0028EFDB3C4473783178002D04F1E0
:100530000304194424F0030400FB01F10CBF002064
:10054000204600F09DFB23180DB9002BDBDB717AF0
:10055000184679B10333002D728923F003040CBFD0
:100560000020204600F0E2FB0028CCDB20440DB93F
:100570000028C8DB317A91B1737A83B1C41D002D94
:1005800024F007040CBF0020204601F093FE002851
:10059000B9DB0DB10020B8E72018B6D5B3E7002DC0
:1005A000F8D1B2E7C00A00201FB572B6194BDC685B
:1005B000ECB9BFF34F8F1849184BCA6802F4E062D8
:1005C0001343CB60BFF34F8F00BFFDE7B2FBF6F2E2
:1005D0002B465D1C002AF9D1DBB203F110056D44F6
:1005E00005F80C2C0A2233B901A8A047E1E702461E
:1005F00000230A26EDE7013BDBB203F110050DEB0A
:100600000506B0FBF2F502FB1500303006F80C0CC5
:100610002846E8E7C00A002000ED00E00400FA05E3
:100620000A4B07B5DA886846ADF800209A885B88DF
:10063000ADF80420ADF8023000F0C2FF18B1FA2185
:100640009C20FFF7B1FF03B05DF804FBC00A002057
:1006500010B5044628B306F059FF10B94FF0FF302B
:1006600010BD05F039FBB0F5FA7FF7D80E4B00222C
:100670001A744FF48072DC601A801B225A809A80B0
:1006800040F20322DA804FF484721A811F225A81C9
:10069000EFF3108472B600F0A5FB04B962B6002037
:1006A000DEE76FF01500DBE7C00A002010B5002878
:1006B00040D1234C237C032B39D059B1002A3CD0A4
:1006C0000239052936D8DFE801F0031227352A2D33
:1006D000137863700020FFF709FF0028B7BF0123DC
:1006E00002236FF00B002374A8BF237410BD13798D
:1006F0001BB353790BB31188FB291ED853881B3BBE
:100700009BB2E02B19D81A2917D913689288C4F81C
:1007100002300C4B9A80DDE713786372DAE71388B6
:100720006381D7E71388FF2B07D82372D2E74FF0F6
:10073000FF30DBE76FF02C00D8E76FF01500D5E74E
:10074000C00A0020C20A0020F8B50D46064620B3B4
:1007500019B311F0070420D1114F3B7C012B02D1BA
:100760006FF00B00F8BD032B02D14FF0FF30F9E71B
:1007700000F070FB0028F8D02846FFF7B7FE0028ED
:10078000EEDB09F0C6FE3046214600F049FFFFF7D8
:1007900047FF032320463B74E4E76FF01500E1E7D1
:1007A000C00A002010B5064C237C032B03D100F0B7
:1007B0004DFF01F06DFA08F07DFC0020207410BDA3
:1007C000C00A002008B500F011FF03490120BDE870
:1007D000084000F0C9B800BFC9040000074B4FF043
:1007E000FF3141F6FF72C3E9001205490022C1E959
:1007F00000221F21C3E90212704700BF60000020E1
:10080000D40A00203F280CD801380B4BC0F3421209
:1008100000F01F0053F8223023FA00F000F001002E
:100820007047FF2806D04038044BC0F3421200F056
:100830001F00EFE70120704760000020D40A00206D
:10084000074B0146006849681A4603C240F48C22EF
:1008500000201A6041F0107242F4FF625A60704743
:10086000600000200246034B0068516803C300206B
:10087000704700BF680000200138064BC0F34212E9
:1008800000F01F0003EB82039B6823FA00F000F0E6
:1008900001007047600000200A8870B595B2C67CE0
:1008A000C2F30E020488023602F118033444C35A1C
:1008B000A4B233442344013BB3FBF4F303FB04220F
:1008C000438892B29342044B8BBF2B40AB431343FC
:1008D0009BB20B8070BD00BF0080FFFF4A1E062A3E
:1008E00008B50346084604D84FF4D1711520FFF728
:1008F0005BFE094A914202D940F2A311F6E711B911
:1009000003B1196008BD2BB11B680022C3E90121A6
:100910001A1D1A600430F5E7FAFFFF7F10B5114B7E
:1009200000EB41041A786389B3FBF2F303FB022363
:10093000013A1A44B2F5706F0279807828BF00231B
:100940001A440B18B2FBF0F100FB11215B1AB3FB48
:10095000F0F100FB113313446FEA43436FEA534352
:10096000638110BDDC0A0020024B03EB8003596059
:10097000704700BFDC0A00202DE9F04F10F0070A95
:1009800085B0054604D040F26F111720FFF70CFE2A
:10099000524F044607F10C06B146B04657F8043BE7
:1009A0008DF80BA03BB101A898479DF80A30082BA1
:1009B00001D9F521E9E79DF80B1041BB05B1316084
:1009C0004F4506F10406E9D1002D6FD00022DFF873
:1009D00010910227964689F8002058F827A0013F79
:1009E000BAF1000F55D09AF804609AF802C0FF2EB1
:1009F00060D039460023481C38D19C44BCF1FF0F1D
:100A00003FD90AB189F800E04FF49A71BDE79DF82B
:100A10000AC04B1D60465A0004EB4303022838BF4E
:100A20000220441E40422344BDF808406444CCF1F7
:100A3000000C0340013C04EA0C04B4F5803F02D3EF
:100A400040F20511A1E775B19A1A01203260917048
:100A50001480D0709DF80C00107101984FEA104C72
:100A60001081A2F806C004FB0134A9E758F8210060
:100A700028B190F804B0B34504BF80781B18013941
:100A8000B9E7DBB2E6458AF804303CBF5FFA8CFE7A
:100A900001227B1CA1D10AB189F800E0022640F6B0
:100AA000FF6A58F82670B7B9013EFAD2601B05B04C
:100AB000BDE8F08F0023E5E707EB410309F10109E9
:100AC0003846A3F80AA0FFF729FF5FFA89F1BB783F
:100AD0008B42F1D8E8E74FF00009F6E7E00A002082
:100AE000DC0A002038B54FF6FF7302460380184B2E
:100AF00003EB81031869A8B184780379B3FBF4F19F
:100B000004FB1133DBB2194600EB4105B5F90A507D
:100B1000002D0EDB0131B1FBF4F504FB1511C9B258
:100B20008B42F1D1002038BD6381BDE8384008F028
:100B30009BB900EB41046389C3F30E031380C278B1
:100B4000002AF1D14FF4E5711720FFF72DFD00BF0A
:100B5000DC0A00201C4B03EB810370B51C690546C1
:100B600044B3030404D54FF4EC711720FFF71CFDC8
:100B70000146204608F05BF9FF28014604D02046D4
:100B8000BDE8704008F070B9A078B5FBF0F300FB49
:100B90001353DBB219460A1D04EB4206B6F9026094
:100BA000002E09DB0131B1FBF0F200FB1211C9B2DA
:100BB0008B42F0D1002070BD8B4201D00023E37046
:100BC00004EB42025580DAE7DC0A0020094B03EB14
:100BD0008103014610B51C69204608F028F9FF285A
:100BE000014604D02046BDE8104008F03DB9002081
:100BF00010BD00BFDC0A0020F8B5104B074603EB20
:100C0000810301461C69204608F011F9FF280546BA
:100C100011D0E288238953EA024606D001462046D5
:100C200008F022F901463846B04720462946FFF72A
:100C300075FE0020F8BD0520FCE700BFDC0A00209F
:100C400038B50E4B0446827903EB8203186908B964
:100C5000052038BD8278E1799142F9D24B1CE371CD
:100C600000EB41035D89B3F90A30002BF3DBA5806B
:100C700008F0FAF820600020EBE700BFDC0A002053
:100C800070B5044610F003000E4603D04E21182024
:100C9000FFF78AFCFFF722FE054624B103483146E0
:100CA0000460FFF71BFE284670BD00BFF80A002055
:100CB0002DE9F14FDFF870B01E4607460D46DBF810
:100CC000003090469DF828A09DF82C901BB960211B
:100CD0001820FFF769FC52460921404608F015F834
:100CE0004A4684B20921304608F00FF881B2DBF899
:100CF0000000214408F076F8386018B9286001B087
:100D0000BDE8F08F04445346414609222C60386800
:100D100007F0DAFF4B4609223146286801B0BDE8EA
:100D2000F04F07F0D1BF00BFF80A00201F2AF8B526
:100D3000044624D89200134D033250B1830703D0E8
:100D400068210920FFF730FC22F003032970686056
:100D50002B8122F0030228230127120403FB01F058
:100D60006B680025120CEEB2B14200D8F8BD14B188
:100D700026181F705E60104401352833F3E74FF0EA
:100D8000FF30F3E7FC0A0020154A002170B55368D4
:100D90001578C8B2854203D8BA210920FFF704FCB0
:100DA0001C461846013114F8286B0EB92346F0E7AB
:100DB0000021997001241289996103F126055C7064
:100DC0009208D96103F11E04596824F8022FAC423D
:100DD00043F8041F1144F8D100234361037070BD30
:100DE000FC0A0020124B01224FF0FF3000215A6014
:100DF000C3F80803C3F80015C3F804255A6040F689
:100E0000FE72C3F808034FF48060C3F8001503F5C1
:100E100060330849C3F80825C1F88800BFF34F8F35
:100E2000BFF36F8FC1F88801C3F80825704700BF72
:100E300000A0045000E100E002680020014B1A60AD
:100E4000704700BF080B0020014B1B68184700BF0C
:100E5000080B0020024B1868003818BF01207047AB
:100E6000080B00200A4606488F2302F8033BC3689C
:100E7000C1F803300369536043699360704700BF52
:100E80000C0B0020014B00215B6A18470C0B002063
:100E900010B5154C03F032FF04F07EF9208DFFF7FA
:100EA000F1FF237E63B12246104904F1190052F884
:100EB0000C3BE36063685360A368936008F08AFCAE
:100EC000218DE06A01F022FAE36AB3F8AA0001F08A
:100ED000A7F9636B94F8301094F831009847002319
:100EE00084F8383010BD00BF0C0B0020650E0000E8
:100EF00070B5184C0546E36CE66AE3634FF4817302
:100F000094F85000A4F84030337D96F8151100EBAA
:100F100083002DB9FF2803D196F814318B4201D0FC
:100F200003F05AFC337D73B1606D03F05BFE616DBD
:100F3000E06B04F0B7F815B9284603F0A1FE0223D0
:100F400084F8383070BDE06B03F04CFE04F024F9F7
:100F5000F1E700BF0C0B00207FB50022012300F158
:100F600080010392CDE90423074A92F850200292AF
:100F700000F19002CDE90032D0E91E23022004F0F6
:100F80002DF807B05DF804FB0C0B0020F8B5584CA9
:100F9000054694F8386006F0FF0016B909B102B1B1
:100FA00023B94FF420712720FFF7FEFA63639DF801
:100FB0001830616284F88530626784F8300084F804
:100FC000860084F8310084F888006084208584F8E5
:100FD000780084F8790084F87000A0652066A4F891
:100FE0006400E0636064A4F84800E56203F020FC5C
:100FF00004F0D2F895F91C0103F074FCD5F8D06028
:10100000D5F8C80003F074FC304603F0DDFD95F818
:10101000240003F077FC08F0BFFD95F8152100F1DE
:101020007101012003F0ECFC324B186803F0D2FD93
:10103000D5F8BC30C4F88030D5F8C030E366AB7B5F
:10104000233B072B52D9EB7B233B072B4ED9B5F81B
:10105000E630B5F8EC0095F81411984228BF184610
:1010600008F0EDF995F8E830834228BF034698B2BE
:1010700095F8E430984200D3C3B295F8151105F104
:10108000DC0084F8873008F0D2FB2F7D95F815112D
:10109000B5F8F06008F0D3F90FB9043080B2864299
:1010A00028BF0646F3B284F8843084F850302B7D94
:1010B00013B12846FFF750FF0120FFF719FFE36A3D
:1010C000D3F8C00103F0AAFD002323606360A3608E
:1010D000EB886380B5F8AA30238095F8243023711B
:1010E000D5F818310BB101221A60F8BD1B23C4E7F3
:1010F0000C0B0020DC130020014B93F88800704794
:101100000C0B0020024B93F82900C0F3C00070477D
:101110000C0B0020014B93F8860070470C0B00204D
:1011200010B501210020FFF751FD044670B90121DF
:10113000FFF710FD044620B940F225313920FFF7B2
:1011400033FA034B93F9181008F01FFF204610BD27
:10115000980B002008B508F004F900F037FC00F007
:1011600099FA08F00FFB01F0B7F803F031F800220C
:10117000074B4FF01B1107481A60074BC3E90101E9
:101180004FF4A4711A801A82D960DA7408BD00BFC6
:10119000E013002003021B00980B0020034B41F6D4
:1011A0004C525A611B229A74FFF7D4BF980B00204F
:1011B000F7B5274D00F1A80704466B69C0F8DC308D
:1011C000244BC0F8C430384608F0FCFD064600F059
:1011D00051FA8306A97C53BF1B23EB882A891A4640
:1011E000A4F806311C4BA4F808211B6884F8E4100D
:1011F000A4F8E66023B194F91C11B4F8AA0098474A
:101200001649384608F098F80123EA8804F1BC0032
:101210006979A4F8DA3003322B89019192B22979E5
:10122000033300919BB204F1C001FFF741FDD4F8F4
:10123000BC3023B940F2E2413920FFF7B5F9D4F8C8
:10124000C03013B940F2E341F6E703B0F0BD00BF90
:10125000980B002000093D00E4130020A60B00209D
:10126000024B1B6803B118470C207047E0130020A5
:10127000034BDA8802801B7983700020704700BF1F
:10128000980B0020F7B5077805460C46EF2F0FD8CE
:1012900090F901204378002A0ADB8278900707D171
:1012A00013F010001DD1990603F0030202D51AB104
:1012B000122442E0032AFBD01E07F9D42979EA78E8
:1012C000EE7942EA0122697942EA0142A97941EACA
:1012D00006212E7A41EA06418A42E9D81F2A0FD810
:1012E000E6E713F0600FE3D103F00702052A05D00B
:1012F00003F00F010D22CA40D107D9D51A07DDD559
:101300006A7A013A062AD3D8AA7A032AD0D813F0E7
:10131000040102D1023A012A03D8EA7A012AC7D885
:1013200011B9AA7C032AC3D82A7D48B1012ABFD1AA
:101330002A7E012ABCD830B91124204603B0F0BD62
:10134000022AF5D1B4E7DB0712D46B782A7D03F0CB
:101350001803082B11D1022AEED101213846FFF7DC
:1013600035FC064678B108F0C4FDB8B10C24E4E7BA
:1013700000F050F90028E8D1DEE7022AEDD02B7FFB
:10138000002BEAD0D8E701213846FFF7E3FB0646F9
:1013900040B3154B93F9181008F0F7FD304608F0EC
:1013A000E4FE29462070E874304608F034FEEB7EF7
:1013B0000446002BC1D00028BFD10246B16A68465E
:1013C00007F08DFD2246B06A012107F0D3FDB16A16
:1013D0006846042207F083FD22462146B06A07F0E2
:1013E000C9FDAAE70724A8E7980B002030B50279C9
:1013F0008BB00346042A4FD84088B0F5804F4BD8B5
:10140000264900248D5C1144ADF800404A798DF8DE
:10141000084042F010028DF8244042EA45028D7ADD
:10142000C97B42EA850242EAC102694602F01F0214
:101430008DF80020BDF80020ADF809201A888DF83D
:101440000E00000A8DF80B20120A8DF80D408DF861
:101450000C208DF80F008DF810405A7BD3F8070050
:101460008DF811205A79059002A88DF812209A79EA
:101470008DF81320B3F80B209B7BADF818208DF866
:101480001A307F238DF81B304FF00113CDE907345C
:10149000FFF7F8FE0BB030BD1220FBE7D4AF010020
:1014A00073B50646FFF73CFE044608F069FE337844
:1014B0000546012B5FD1204608F09AFD00287AD01E
:1014C000204608F05DFE18B115B9122002B070BDBB
:1014D000204608F00EFD08B10C20F7E7204608F082
:1014E00045FD06460028F7D1204601F09DFE002864
:1014F000EBD0ED0142F2107331462046ADB25D43B0
:1015000008F02AFE204608F033FE014658B92A4664
:10151000204601F003FA08B90020D7E741F69821E8
:101520003920FFF741F831460DF10600FFF7DAFAEE
:10153000064608B90D20C9E7BDF8061007F0A3FF5D
:101540003146204608F020FE3046FFF731FE2A469D
:101550003146204601F0E2F9024610B141F6B421CD
:10156000DEE7164BDB69002BD6D006F5917106F14C
:10157000A8009847D0E7002BA7D1204608F038FDF7
:10158000C8B1204608F0B5FC0028C5D0204608F0B8
:10159000E9FB0546204608F0E8FB014600289BD100
:1015A000002DB9D0B5F8AA00FFF726FB0028B3D06C
:1015B00041F6D621B4E7422088E700BF980B00200F
:1015C0000278034672B1427862B142881A2A09D978
:1015D00082881A2A06D90068034A506000209B8836
:1015E0001381704712207047980B002010B5064CED
:1015F0000649201D07F06CFE04F108000449BDE80F
:10160000104007F065BE00BFB80B0020A800002006
:10161000B0000020014B1878704700BFB80B0020C5
:1016200010B5064C00F020FB606807F049FEFFF79C
:10163000B5FD00F073FC0123237410BDB80B00202E
:10164000014B187C704700BFB80B002010B5064C4A
:10165000A06807F035FEE06807F032FEFFF77AFD7C
:101660000023237410BD00BFB80B00200048704752
:10167000C90B0020014BD3E9000170477000002026
:10168000034B1868C0F30020400040F00100704791
:101690007000002008B504F01FFB0023074A32F851
:1016A0002310814205D302EB83029378044A13701E
:1016B00008BD01330C2BF2D10023F7E7E8AF01009E
:1016C000CD0D0020006808B5B0F8AA3080F864118C
:1016D000A0F8653190F81431012B06D0022B04D00C
:1016E0004FF43F710620FEF75FFF80F8673190F8F6
:1016F0001531012B01D0022BF2D180F8683100F2B4
:101700005B100249BDE8084008F064B8239300006C
:10171000044B93F82220012A1ABF03600120002005
:10172000704700BFCE0D0020054B024693F82210F3
:1017300001291BBF01209A84002083F822007047F2
:10174000CE0D0020044B002293F822009A8410B1A1
:10175000012083F822207047CE0D002050B90A4A9C
:101760000120134603F8010B0868C2F801008A88BB
:101770009A807047012805D1034B0A68D8719A6096
:101780008A889A81704700BFF40D002050B90B4B36
:10179000187888B1D3F80120B3F805300A60012029
:1017A0008B807047012806D1044BD87920B19A6804
:1017B0009B890A60F3E70020704700BFF40D00200A
:1017C00010B9044B18787047012806BF014BD8792F
:1017D00000207047F40D0020F7B58A8800238DF8AB
:1017E0000600ADF8042008680B4A8DF80730014662
:1017F000147802F5A872019DD8B2844201D808205D
:1018000007E052F8087F01335668AE4208BF8F42A6
:10181000F2D103B0F0BD00BF080E0020084B014616
:10182000002230B55C7803F20113D0B2844201D8B3
:10183000082004E013F8015F01328D42F5D130BD7C
:10184000080E0020F0B5254D89B095F8984105F2B5
:1018500099116846224605F0C3FF2146684607F005
:101860009FFD0446B8B300EB400102A8C9B2FFF7E0
:10187000EBFA631E95F8A1610124DBB295F898118B
:1018800005E0721CB2FBF1F001FB1022D6B206F1AA
:1018900020020DEB020010F8202C002AF1D103EBFE
:1018A000430100F8204C06EB460220312A446944EB
:1018B00011F8187C82F8A27111F8177C11F8161C27
:1018C00082F8A37182F8A411013BAA19DBB282F855
:1018D0009941FF2BD2D109B0F0BD00BF080E002006
:1018E00070B5064688B00C46002A4ED0294A92F8B8
:1018F000A131D01890F8991119B9FF212820FEF7CD
:1019000053FE03EB43010133114491F8A251E570FA
:1019100091F8A35191F8A41125716171002180F80B
:10192000991192F89811B3FBF1F001FB103382F892
:10193000A13192F8C23123B9174902F5DD7007F0E1
:1019400046FF65790D220021684605F03F0545F008
:101950004005657109F08DFAE37804AA69468DF8AF
:101960000F30304623798DF80D508DF80E3004235A
:1019700009F0E9F99DF81F3023709DF81E3063705F
:101980009DF81D30A37008B070BD03216018FFF7EB
:101990005BFAD6E7080E002045180000044B5A7881
:1019A000824286BF1B1893F84A010020704700BF8F
:1019B000080E0020044B5A78824286BF1B1893F809
:1019C00042010020704700BF080E0020064B002295
:1019D0004FF461711A8083F8C32183F8C421A3F8FE
:1019E000C61183F8C2217047080E0020014BB3F8DE
:1019F000C6017047080E00200A4B30B55C7884425F
:101A00000ED9184490F802012B3003EBC004A579DD
:101A10000D7053F8300010600120A388938030BD12
:101A20000020FCE7080E00200246074810B590F899
:101A3000C34124B1417821B1023002F0EBFB2046D2
:101A400010BD0C46FBE700BF080E00202DE9F74F44
:101A50002F4C9A46804689466378834256D923188C
:101A600093F8425185F00105F9B193F84A31E3B991
:101A700045F002070135BAF1000F18D1FA070AD56F
:101A8000062104EB0810524601FB0841823001F5A3
:101A90008571FFF725FFBB0734D504EB08105246CC
:101AA00049460230FFF71CFF2CE02F46E3E794F88D
:101AB000A1614FF0010B002DE0D0A31993F899110B
:101AC000019399B90092DAB100F0F8F9019B06EBA5
:101AD0004601009A4FEA102C83F899B1214481F80D
:101AE000A201000C81F8A3C181F8A401013694F889
:101AF0009831013DB6FBF3F103FB1166F6B2DAE76C
:101B000047F00407384603B0BDE8F08F0027F9E737
:101B1000080E0020074B5A78824209D91A1892F809
:101B200042212AB9062202FB003000F58570704779
:101B300000207047080E0020064B5A78824281BF71
:101B40001B1893F83A01B0FA80F0400998BF0020C2
:101B5000704700BF080E00200B2808B504D940F2DA
:101B600029112920FEF720FD014B33F8100008BD94
:101B700018B00100036830B50024D3F8C40042F265
:101B80001075A3F84040B3F844404443B4FBF1F46B
:101B9000A3F844404C1E05FB0242B2FBF1F2A3F84D
:101BA0004220094AB2FBF1F20132A3F848209A8F91
:101BB00005FB02445A6B5043B4FBF1F4B0FBF1F067
:101BC0009C63586330BD00BF005A6202034608465A
:101BD00071B13F2B0BD8074AD35C03F07F029142CF
:101BE00005D08CBF0120002000EAD31070470120EF
:101BF000704700BF30B00100FF230B7002234B7011
:101C000083238B70014B1B78CB707047D40F00205F
:101C100038B5134C10220021201D09F02AF90125A6
:101C2000257404F108031022002104F11400C4E912
:101C3000013309F01EF984F8205004F11803094A11
:101C4000C4E9053300236362A36284F82C30C4F82E
:101C50002D30C4F8313084F835301360A36338BDBB
:101C6000D40F0020E813002010B5084C2378FF2B78
:101C700004D040F299111020FEF796FC05F01CFDEF
:101C80002070BDE81040FFF7C3BF00BF7D000020FB
:101C900010B5034C207805F029FDFF23237010BDFB
:101CA0007D000020014B187805F030BD7D0000203C
:101CB0002DE9F341DFF86881054608F11407D8F8EB
:101CC0000830D8F81840227A012A22D1D8F83820D2
:101CD00052B1137A1BB9BF211020FEF765FCD8F86A
:101CE0003840C4B9002083E01A7A012AFAD01C4691
:101CF0004C4AEFF3108172B650680068506001B929
:101D000062B6A34208BFC8F83840237A1BB9EE2157
:101D1000E2E73A46EDE7267AF6B205232372731E10
:101D20000B2B6ED8DFE803F06A062235676D3E6D37
:101D30006D6D6D5B636813B94FF40371CCE720469A
:101D4000294698470420EFF3108272B6237A052BB8
:101D5000D9B24FF0000359D12372D8F83810A142FC
:101D600001D1C8F83830B2BB62B634E0636813B949
:101D700040F21521B0E72946204698470346ADF8C2
:101D80000400C0B2C3F30723012B2FD0022BDAD1FA
:101D90001AE0636813B940F21D219DE72046984779
:101DA0000020D0E763680BB9FE2195E786222A70F0
:101DB00001225988AA706A7100225869A5F8031097
:101DC000AA7106F0FCFF0420D8F83830A34202D1F3
:101DD0000023C8F8383000283FF471AF08E0124BF8
:101DE000294620461B689847034668B9267298B171
:101DF00002B0BDE8F0814FF415716DE740F2572154
:101E00006AE740F25A2167E70220DDE711B940F2A4
:101E10007B2161E71846A6E7002B7FF450AF61E70E
:101E2000D40F0020D80F0020EC130020134610B56B
:101E3000027A22B140F202311020FEF7B5FB0A46C9
:101E400001460248BDE8104007F09EBCD80F0020B4
:101E50000346064890F83C203AB190F8352022B964
:101E6000034900F82D3B07F0ACBC7047D40F0020AD
:101E7000F91B00000A4610B5037A23B140F20A317B
:101E80001020FEF791FB014607230248BDE81040F1
:101E900007F07ABCE80F00201346027A0AB10372F9
:101EA00070470A460146014807F06EBCD80F002073
:101EB000014907F08FBC00BFDB970000094AD2E957
:101EC0000003434083EAB01181EA43214FEAF34320
:101ED00011605360044B58434FEAF06000EB800000
:101EE000704700BF14100020BB79379E094AD2E921
:101EF0000003434083EAB01181EA43214FEAF343F0
:101F000011605360044B58434FEAF06000EB8000CF
:101F1000704700BF80000020BB79379E10B50A4C87
:101F200008210948FEF790FFD4E900321343F7D0A7
:101F3000064CFFF7DBFF2060FFF7D8FF23686060E7
:101F40001843F6D010BD00BF800000201410002000
:101F500037B5044601A80D46FFF7DAFB20B94FF468
:101F6000AA615120FEF720FB00212222019808F0EF
:101F700080FF019B194601F8035F023D232D00F20B
:101F80008980DFE805F02587128A8A25872B878AD2
:101F9000313D418787458A8A4E4E656587878787A9
:101FA000878787878787876C778021680D20D1F89E
:101FB000CE215A60D1F8D2219A602268D2F89420BA
:101FC000DA60FFF7B1FB002869D140F25751C8E74A
:101FD000226892F8A02002201A71F2E7204600F051
:101FE000E5F80028EDD13DE0112206201A715922B2
:101FF0005A7100229A713922DA7130221A72E0E79E
:10200000226892F89A20E6E7084600F0BDF8E8E773
:10201000226892F89B10197192F89A2003205A7145
:10202000CFE722680920B2F800111971090A597125
:10203000B2F8A2109971090AD971B2F8FC1019729C
:10204000090A5972B2F8A0209A72120ADA72B8E735
:10205000226892F82E11197192F82F21DEE7114BA8
:102060001B6813B940F249517BE723202246984769
:102070000420A6E70B4B1B68002BF3D0224624203C
:10208000984705209DE7074B1B68002BEAD02246A6
:102090002520F5E740F2445163E7012091E703B0C2
:1020A00030BD00BFF01500203F289ABF024B53F807
:1020B00020000020704700BFF01300203F289ABF87
:1020C000024B53F820000020704700BFF01400209E
:1020D000F7B5056804464FF6FF77D5F8BC600DF1FB
:1020E00002010DF101023046ADF8027006F020FE4B
:1020F00001A9304606F03EFE48B1019806F070FE98
:102100002168A83100220272FFF7B4FEE7E7044914
:1021100005F1280003B0BDE8F04007F055BB00BF53
:10212000579A0000024690F8D631BBB990F8D731E3
:1021300003F0FF010BB100207047094B187800280D
:10214000F9D01970D9680433C2F8941003CBC2F8DF
:10215000CE01C2F8D211FF2382F8D6310120704798
:102160001C100020006890F871314BB9B0F8AA300B
:1021700000F26910034943811A23437207F021BB1F
:10218000704700BFE39A000010B50446FFF772FAEB
:10219000044A054B024009200B40C4F80120C4F852
:1021A000053010BD2FC904F76FDB008037B50C4632
:1021B0000568FFF75FFA0A4B0A4A03400A4095F8A0
:1021C000621000930B4001928DF800306B4603CBF8
:1021D000C4F801000920C4F8051003B030BD00BFE9
:1021E0002FC904F76FDB008038B5DB04154604D532
:1021F000037D13B10023436338BD446B0134446352
:1022000007F096FC836B9C42F6D30023034943639B
:102210002846BDE8384007F0DDBA00BF0D9B00003E
:10222000024B1B6803B11847704700BFF41500202C
:10223000F0B51F4D00242B7814709BB1013B6D68E5
:10224000DBB21E1B012E0FDC05EBC40655F8347003
:1022500076688E4208BF874227D0B84271EB0606E7
:1022600012D214700020F0BD1E197710C6F3470675
:1022700055F837C005EBC70E8445DEF804708F4172
:102280002CBF33463446DCE705EBC30455F8335026
:1022900064688C4208BF854206D0A84271EB0404F2
:1022A00028BF01331370DDE71C4601201470DAE704
:1022B0003C10002010F0070208B503D0632148202D
:1022C000FEF772F918B1034B197258601A70C80002
:1022D00008BD00BF3C100020014B00221A7070475F
:1022E0003C100020FF23084A0B700D234B70822303
:1022F0008B701368C1F803305368C1F807309368D6
:10230000C1F80B30704700BF521000200B4B5A7DB4
:1023100092B14A0610D5B0F8AA2009491A80D0F81F
:1023200050225A60D0F854229A60C28803F10C00FF
:102330005A800222FFF7B0BD704700BF5210002044
:10234000E5220000094B53F8203003F5224370B515
:10235000B13316464FF47A720C46B3FBF2F53444AF
:1023600002F06CFD2C44204470BD00BF38B1010068
:102370002DE9F04F8BB0044698460F46039290F833
:10238000159106F0CCFF824694F81F01FFF7E4FB9D
:10239000824407F001FCE37B00F148061FFA8AFA49
:1023A0000293039B002B4AD1637B032B47D1029BF3
:1023B0000C2B32D1B4F86C32BB422ED1D4F8F031B0
:1023C0002046B4F8C421C4F8E031D4F8C430C4F8CD
:1023D000E431B4F862321344C4F8E83101F0B0FEDD
:1023E000D4F8742241F64B5194F81D31C4F8C4203E
:1023F0008A428CBF002303F00103D4F87012D4F892
:102400007822C4F8D41084F81E310223B4F86E1276
:10241000C4F8CC20A4F8D8106373E37BA17B282BED
:1024200001D028290BD1B4F86C32FB1A1A0406D457
:10243000A1F1280320465942594101F043FAB4F86A
:10244000605204F50C73B4F806E07D1B94F815B1E6
:10245000A7EB0E0E04932DB20FFA8EFE002D0FDAAD
:102460007546D4E99223C4E996230122637B032BAA
:1024700000F26481DFE813F0060006015A0029012A
:102480004246F3E70121002006F0E8FF8146D4F838
:10249000D4005146484403F0D3FB5146C4F8EC0144
:1024A000D4F8C40003F0CCFB07A9C4F8F00108A8D5
:1024B00002F034FC079B0093DDE90823D4E9960180
:1024C00008F0C4F8834604F1A80007F07DFBD4F8B7
:1024D000D420D4F8643294F81501D51802F0B6FC73
:1024E000D4F8EC1100F52240203D4FF47A73B1305E
:1024F00032466D1A3031AD1BB0FBF3F04D44B4F8E9
:10250000D830A5EB0B0503EB41012D1A94F815010A
:10251000FFF718FFD4F86432C4F8F401EB1AB92BB2
:102520005DD840F2C7413020FEF73EF8D4F8D430F1
:102530005146D4F8E401184403F082FB5146C4F834
:10254000EC01D4F8C40003F07BFBC4F8F00104F103
:10255000A80007F039FBD4F8D430D4F8E4511D4476
:10256000B4F8C431002B40F08980B8F1000F00F0BE
:10257000858094F8150102F069FCD4F8EC11D4F8C8
:10258000503200F522406D1A94F81521B130203DEB
:102590001D44854B53F822204FF47A7302F2E73240
:1025A000D4E9929AB2FBF3F2A5EB0905B0FBF3F084
:1025B0001544AD1B2D1AD4F8E821D4F8E03194F875
:1025C000150102FB0313B4F8D8103246303301EB87
:1025D0004301FFF7B7FE0123C4F8F4016373D4F895
:1025E000C430D4F8F021723B9B1A9E1B0023864214
:1025F00084F83032D4E9963228BF064604F1DC0074
:102600005B19C4F8C06142F10002C4E9903207F0DE
:102610000CF904233044A4F8607284F83932C4F809
:102620003402D4E99023C4E99623B4F8B031DB1B1B
:102630001BB2002BD4BF00220122520084F83822A2
:10264000029A0C2A7DD0B8F1000F7DD1637B002B5C
:1026500000F09680D4F8C41004F50C70D4F8F03172
:10266000C91A06F0BEFE80B2002800F08980149BD3
:1026700003B1188001200BB0BDE8F08FD4F8EC1145
:102680006D1A98E7D4F8F001D4F8C430B4F8C4C196
:102690001B1AD4F8E811F444D4F8E0215D43D4F8CF
:1026A000EC31ACEB010C30330CF1FF3C02FB01339D
:1026B000B4F8D810324600FB0C3301EB4301584606
:1026C000FFF740FEC4F8F40189E7D4F8F0A1D4F88C
:1026D000C430B4F8C4C1A3EB0A035D4332B3BCF108
:1026E000000F23D1D4E99423D4E99201904271EBF5
:1026F000030302D340F20E5115E72B4B203A53F857
:1027000029304FF47A79D4E99201CDE9040103F23A
:10271000E73103F522430498B133121AB1FBF9F102
:10272000B3FBF9F30A44D21A921B15440CEB0E01C9
:1027300032460AFB01F130314900C0E740F2265130
:10274000F1E6B8F1000F1BD0B4F8D80110B3B4F81B
:10275000DA1194F8DC214D1CA4F8DA1101FB0222F5
:1027600090420DDD002B0BDD0023A4F8DA5184F834
:102770003832FFF7A3FB00F00700013084F8DC01DA
:1027800004F50C7104F5027004F002FA20B940F26D
:102790007651C8E60146DCE7039B83F0010384F829
:1027A0000032002067E700BF38B101002DE9F8438F
:1027B0000E46044618B9D3213020FDF7F5FE052951
:1027C00000F2A780DFE801F00376413DA52E07F077
:1027D000E1FFC4E94601204600F04AFED4F80C01AE
:1027E000A43807F02DFF204607F0CAFC054600BBC1
:1027F0000146204607F001FC00F1AE06D4F80C01BA
:10280000B04209D2301A0321192838BF192007F025
:1028100093FF60B107F016FFC4F80C61204607F083
:10282000C1FC45B12046BDE8F84307F0BCBC01251A
:10283000F2E70025F2E7D4E94623C4E94023BDE8E6
:10284000F883BDE8F84302F075BA07F0E1FB042312
:102850008146884684F8113107F0F0FE07220F46C2
:10286000A9FB023102FB0811D4E940525B1941EB8C
:102870000205D4F8E8203AB159EA080204D0984297
:1028800077EB050228BF012684F81061D4E94826B9
:10289000121A66EB070694F8301139B9012A76F15D
:1028A00000010BDA204600F0EBFD03E0012A76F18F
:1028B0000006F7DB002384F82831C0E7984277EB65
:1028C00005010FD259EA08080CD01B1A65EB070165
:1028D0009A4276EB010005DB012B71F10000A4BFE9
:1028E0001A460E460C49012304F1C000914284F8B7
:1028F00029314FF0000384F80831B341B8BF0A46CC
:1029000004F5847104F0BCF9002898D140F2B2615A
:1029100052E7EF2150E700BF0040420F2DE9F84396
:1029200004460E46154690F8283103F0FF07002BA9
:1029300040F0948000F1C00839467822404608F003
:1029400098FA22464649404607F096FFC4F8E860E8
:10295000FF2384F8283166B1FFF7C8FA00F00700BA
:1029600032464049013086F8DC0106F5027007F076
:1029700083FF40F202434FF00009A4F8103184F8BD
:10298000089103F0B3F900F14906204607F0F8FB7F
:102990000146B6B2C0B306F0C2FC00F128012846D9
:1029A00089B203F04DF92844AE3DC4F80C0107F09C
:1029B00045FE3018A4F81E9041F10001C4E946011B
:1029C000012084F8EC0007F085FC2D1AC4F8F050C3
:1029D0004FF0FF356FF000414046D4E94623C4E98B
:1029E0004851002504F58471C4E93E23C4E940231D
:1029F00084F8295142F2107204F042F938BB40F2D7
:102A0000B9113020FDF7D0FD2046DFF85C9007F0CB
:102A1000F4FAAE30C4F80C01B9F8000048B1E08B0C
:102A200038B1FFF763FAB9F80030B0FBF3F202FBFC
:102A30001300064407F002FE361841F10001C4E914
:102A40004661002DC4D0AD1941F10001C4E729460B
:102A5000204607F0AAFB3846BDE8F8830C27FAE7C2
:102A6000AD270000E39B000068100020F0B50023B4
:102A700085B0CDE9003301238DF806306846FEF7B6
:102A8000DFF870B10123104EB3700023CDE902339B
:102A900002A8FEF7D5F8044638B10023B37005B09C
:102AA000F0BD009807F061F9E8E7029D6B7B002B11
:102AB000EED005F50277384607F0E5FD384607F019
:102AC000EEFD6C73E4E700BF68100020044B0022A9
:102AD000DA709A7042F210721A80FFF7C7BF00BF17
:102AE0006810002008B501F053FE044B5A6882427A
:102AF0002ABF9878002080F0010008BD68100020EF
:102B0000F7B5044606297BD8DFE801F00425152334
:102B1000282D74003C4B9B7803F0FF025BB90092B8
:102B20000123B0F8B411FFF723FC30B140F2CE61BD
:102B30003020FDF739FD0423637301F0C9FF04F071
:102B400013F80023E288A4F86232A4F8FE2184F886
:102B5000013203B0F0BD03234373FAE707F0F7FC3B
:102B6000C4E99401F5E790F8150107F01DF8643009
:102B7000D4F8F0319528D4F8C450234F8CBF0020EE
:102B8000C0F19600C218954288BFED1AFB7894BF39
:102B900000252D1A23B9D4F8DC309D4228BF1D46EC
:102BA000D4F8C06104F1DC0006F03FFE06440220C8
:102BB00007F098FD0221AD1B25EAE575854228BF87
:102BC0000546284607F0B8FD10B12E4407F03AFD3F
:102BD0000123C922314604F1A80006F0CAFED4F848
:102BE000C0317860D4F8C400184403B0BDE8F040A8
:102BF00007F026BDA83003B0BDE8F04006F0E4BF02
:102C000040F29C7194E700BF68100020014B1880CF
:102C1000704700BF681000200346074A1068D3F8C9
:102C20004920C0F80320B3F84D20A0F8072093F8FE
:102C3000481006F02CBD00BF7010002070B504468F
:102C40000E461346807D6588324615F0040118BF94
:102C500004F15701FEF7FAFE4107054621D4C207E9
:102C60000BD50123A07D84F84830FEF753FF03689D
:102C7000C4F849308388A4F84D30AB0701D4012053
:102C800070BD094B01211868D4F8573084F85610EC
:102C9000C0F80930B4F85B30A0F80D3006F000FD44
:102CA000EDE70020ECE700BF7010002038B5C38CC2
:102CB00004460F4D0133C3F30E03C3842B7C2BB1A9
:102CC00002F004F801F0FEFA00232B7400232B71AC
:102CD00094F869302BB101212046BDE8384007F057
:102CE00086B8637C13B1E28C9A42F4D20021F3E7F8
:102CF0007010002010B5074C2379012B05D1237CDF
:102D00001BB101F0E3FF01F0DDFAA069BDE810405E
:102D1000FFF7CCBF7010002070B5254C2379012B34
:102D200004D040F682412D20FDF73EFC98B90125E4
:102D3000237C1BB101F0CAFF01F0C4FA002D36D08C
:102D4000A06907F02DF868B301F06EFEE369BDE8F5
:102D500070409B6818472168A26911F8095B02F16D
:102D6000490392F84820E80906F0FCFA0028DED072
:102D70000021206806F0B9FC0028D8D02379A0698A
:102D8000012B02D040F65C41CDE7237905F00F011D
:102D9000E26903F180435269013B52F823309847BE
:102DA0000546C5E7A069BDE87040FFF77FBF70BD6D
:102DB000701000200346074A906903B909B9FFF76C
:102DC00075BF1379D26903F180431269023B52F84F
:102DD000233018477010002003292DE9F0430546E1
:102DE00085B0174607D14388980723D4002420468E
:102DF00005B0BDE8F083428890F86830D107DBB2B7
:102E0000F4D5002BF2D14FF00108DFF8D49099F8F7
:102E10001060C6B106F0DBFA0828387016D002AA96
:102E20000DF10701FEF7E8FD38B940F6F7612D20F6
:102E3000FDF7BAFB4FF00208E7E702A99DF807008B
:102E400006F092FE06463B78082B08D1D9F8001010
:102E500011F8030BC0F3801006F086FE0646D9F881
:102E6000001005F1500395F84F2011F8030BC0F343
:102E7000801006F077FAD9F80010044611F8030B19
:102E8000C0F3801006F099FA8146FEF755FE40B176
:102E9000B9F1080F1BD04846FEF780FD80F0010312
:102EA000D8B23A78082A14D01CB9AC7DA21A544280
:102EB00054416A8853079AD4002897D176B9EC7C9C
:102EC000444518BF002C0CBF012400248FE70020CC
:102ED000E7E780F001022240D4B2EAE7344686E711
:102EE00070100020032937B5044604D0052957D0B7
:102EF000012003B030BD08230DF107028DF8073023
:102F0000FFF76AFF0028F3D0237C2A4D03B39DF816
:102F1000070094F8B630DBB92378082804F1B90229
:102F200084F8B7302DD004F1B801FEF765FD20B963
:102F30004FF477612D20FDF737FB94F8B83043F05C
:102F4000020384F8B8301C4904F1AE0006F039FCE5
:102F50002B68042220461A7006225A70FFF75CFE86
:102F6000616B94F83820286806F0B0FB03232868CA
:102F70002B7101F037FE0021286807F0F2FA0020DB
:102F8000B7E72868034613F8031BC1F3801184F8E0
:102F9000B810D0F80310C4F8B9109B889380D2E71A
:102FA000064B1B68002BEAD0984780F00100C0B2A6
:102FB0009FE700BF70100020FF9E0000F815002062
:102FC000F8B504460F4619B300F12005284607F06E
:102FD0005EF9A0B963881A072ED5284607F06CF968
:102FE0000646284607F053F9301AC0B207F072F9C6
:102FF000494A936803442846936007F027F9284616
:1030000007F029F901F07EFC2179252001F0E4FB8D
:10301000414E002394F85620306803704370638853
:10302000103B0D2B68D8DFE803F063675F0C674443
:1030300067676767676767442046BDE8F840FFF742
:1030400035BE06234370202303702046FFF7E4FDBE
:10305000638823F008039BB2152B05D094F8302029
:10306000E16A306806F023FB306801F0BBFD002107
:10307000306807F076FA022321790020337101F0DD
:103080004FFC054607B9F06063881B0704D507F0BD
:103090001EF90544C4F8F4506388103B0D2B36D854
:1030A000DFE803F038352F2F352F353535353535F9
:1030B000352F0C2321214370034603F8091B52B11D
:1030C000D4F857200121C0F80920B4F85B209A8079
:1030D00006F0E6FAB9E7226DC0F80920B4F85420EA
:1030E0009A8094F84F10F3E7062303704370ACE71F
:1030F000022303700623F9E740F259612D20FDF702
:1031000053FA21790120BDE8F84001F0EDBD40F609
:10311000F541F3E7F8BD00BF7010002038B54388D3
:103120000446102B04D10121BDE83840FFF748BF09
:103130000B4D2B7C23B101F09FF8402001F0BAFD2C
:10314000286801F04FFD608810F0040002D1217959
:1031500001F0CAFD002001F093FD01232B7138BD61
:1031600070100020024B01219869FFF729BF00BFB2
:103170007010002010B5124C237C1BB101F0A6FD8D
:1031800001F0A0F8A06906F00BFE38B12379012BFD
:1031900009D040F686312D20FDF706FAA069BDE87A
:1031A0001040FFF783BD2379E26903F18043A069F2
:1031B000D268013BBDE8104052F82330184700BFE9
:1031C00070100020074810B5037903F0FF0433B9ED
:1031D00014222146043007F04CFE204610BD0C247A
:1031E000FBE700BF7010002010B50023094C2371CD
:1031F000FEF73CFA2060FFF7E5FF20B14FF4427183
:103200002D20FDF7D1F9E36913B940F20B31F7E74F
:1032100010BD00BF70100020014B024ADA617047F8
:1032200070100020C8340000F8B5057D0446AF1EBC
:10323000FFB2002D3AD0012F2DD800F1500190F8A7
:103240004F0006F0BAF80828064624D0FEF7B2FB75
:1032500010BB023D18BF0125012F84F84850A67508
:103260008CBF002701276775FEF7C0FB054607F0F6
:10327000E5F90022144B84F85620E5FB0301C4E96C
:10328000100111462046FFF7D9FC70B940F2A34166
:103290002D20FDF789F90826022D09D104F14901F5
:1032A0000020FEF773FA60B90020F8BD0826F5E7A4
:1032B00004F149010120FEF769FA0028F4D0012544
:1032C000CAE70025C8E700BF40420F00F0B5444EF2
:1032D00085B00446327902F0FF0312B90278FF2A62
:1032E00004D140F6DD112D20FDF75EF9B36080F8C2
:1032F00069303C4B684604F1200500933A4B01933A
:103300003A4B0293F3695B68039301F063FC01F0AD
:103310008FFA01F0DBFC00F0D5FF354801F0E8FA48
:10332000344801F051FC284606F090FF284606F08C
:1033300092FF01F0E7FA2179252001F04DFA94F986
:10334000120001F0CFFA04F12C01A06A05F030FE62
:10335000074604F13401A06A05F051FE0546DFB1CD
:10336000237FCBB1B4F92650ED43ED0F637D13B944
:1033700063885B0709D56FF00043D4E910129A42C5
:1033800008BFB1F1FF3F0DD19DB930680330FEF7A2
:103390004BFB307405B0F0BD002DE7D0657F002DEC
:1033A000E0D1E3E707F04AF9D4E9102390429941CC
:1033B000EAD3012229462046FFF740FC50B1FEF730
:1033C00015FB054607F03AF90B4BE5FB0301C4E991
:1033D0001001DAE7002DD8D040F61C2183E700BFAA
:1033E0007010002075310000192D0000B52D00006F
:1033F000D6BE898E5555550040420F0073B5044620
:10340000FFF764FF00212046FFF7DAFD236E0BB1C2
:1034100001221A606388DB0724D50023124EA569B8
:10342000CDE90033FF2373746846FDF709FCC8B982
:10343000009CA542F8D005F1B40395F8B32004F13F
:10344000B40194F8B30005F08DFF0028ECD094F897
:10345000AC30B4F8B1207374D4F8AD30C6F8123083
:10346000024B9A8002B070BD7010002082100020C4
:10347000024B9861DB691B68184700BF7010002081
:1034800043881B0710B504460FD583693C220949C0
:103490006A304272B3F8AA304381FF2380F82730A4
:1034A0004FF6FF73038506F08CF9FF2384F869302B
:1034B00010BD00BF179F0000639F00001D3100007A
:1034C000699F0000E52E0000FD330000F52C000090
:1034D00065310000B8340000BC340000C434000082
:1034E0000138022808B503D9C4212F20FDF75CF864
:1034F00013290A4B05D811290CD8102907D0D2213D
:10350000F3E71529FBD103EB4003D88801E033F83A
:10351000100008BD03EB40039889FAE7B4B001003E
:10352000294A38B50346948810681C43402B948080
:1035300004D10421BDE83840FFF7E2BA802B01D165
:103540000521F7E703F00304032C04D140F6A4316E
:103550003120FDF729F8DD0706D50C689160247845
:10356000062C0FD00B2C17D09C0706D509680978BC
:103570000529117319D00B2921D09B0644BF0823BC
:10358000537338BDC47B1B2CEED100240025C0E949
:103590001C450124C474E7E7C47B112C01BF00243F
:1035A000C474012480F85240DEE7C17B1729E4D1BE
:1035B000002400250121C0E91E450175DDE7C17B1E
:1035C0001029DAD10021F8E7901000200C4A0346B8
:1035D000517B89B910683BB9B0F80411B0F8E82004
:1035E000914209D8FFF77EBA93881B0706D5007C65
:1035F000073818BF0120704700207047012070472E
:10360000901000202DE9F843614D06462C680028F3
:103610007ED1AB881A0725D594F89E30FE2B04D1B5
:1036200040F2FB513120FCF7BFFFFE2384F89E30AF
:10363000E37B1D2B05D184F85100284606F0DBF909
:10364000E673A37B232B06D1E37B233B072B94BF9D
:103650002A232423A373237C072B02BF0223AB73EB
:1036600084F89E30AB88DB0717D4AB885F0776D42D
:1036700099077DD5287B01222B680D2883F89F2090
:1036800073D011287DD007287DD0FEF717FD0346A3
:1036900000286BD140F2EE51C4E7D5F80080A9684C
:1036A00098F80F30D1F80090103B99F800700F2B6C
:1036B00009D8BB1EDBB2092B67D840F2333222FA9D
:1036C00003F3D80761D509793846FEF77FFA20B9A8
:1036D00039462F4806F0AEF939E0012F01D9162FEF
:1036E00021D198F80E0006F095F940B198F80E3007
:1036F000232B04D0242B07D12A2388F80E303846F8
:10370000FEF7D2FC03461BE0162F14BF022620262C
:103710006B7B1B0704D5E37B103B0F2B98BF082660
:103720003046BDE8F883112F15D005D8072F14D0E7
:103730000D2FE4D1174B05E0142FE0D1164B1B6879
:10374000002BC5D0AA68494611481279984700282D
:103750008BD00646DCE7114BF4E7114BF2E7227CF5
:10376000062A04BF0122AA7382E70E4B0848984735
:10377000AB88DA06CCD5E37B092BC9D10A23E373E6
:10378000C6E7094BF2E7094BF0E70826C0E700BFA0
:10379000901000204BA40000FC1500208FA4000016
:1037A0003538000075A30000C1A30000EBA30000A2
:1037B0002DE9F041A0F10E040B1E1646E4B208BF3D
:1037C0001F23172C0AD8012540F25121A5400D4294
:1037D00007D115F460051FD1082C07D00020BDE8E3
:1037E000F0810021BDE8F04106F078BD1468A17BAE
:1037F000242906D119463046FDF764FF84F82C5180
:1038000005E02A29EAD1E37B233B072BF3D80023E9
:10381000A37384F84A30E1E7054A1468002CDDD030
:103820001A46014623463046BDE8F041184700BF1E
:103830000016002070B54D780446A5F10E03DBB2EA
:10384000152B0CD8012140F2512201FA03F6164241
:1038500007D10268152B927B2AD0082B07D00020B5
:1038600070BD02462846BDE8704006F037BD242AE8
:1038700001D02A2AF3D1204606F0ABF82368DA7B80
:10388000252AECD093F863201A21204622F0010269
:1038900083F86320226892F8633023F0080382F8EB
:1038A0006330FDF70FFF2368002283F82C21D6E751
:1038B0002C2AD4D1024B1B68002BD0D09847CEE7DE
:1038C000041600202DE9F04190F86E7204460D4672
:1038D00090F86F627FBB90F8141176BB94F81531A5
:1038E00084F8141184F81531FF2384F81631154B30
:1038F00004F1A8081B680BB14046984794F82C3196
:10390000012B01D03E4303D0237B43F001032373FB
:10391000404605F09CFF18B1237B43F0020323735C
:1039200006212046FFF7ECF8002384F82C3135B14E
:10393000A373BDE8F0813946CFE73346D0E7E5739E
:10394000F7E700BF0816002073B5484D002604466F
:103950002860AE806E73AE73FF2380F84C30B0F8F1
:10396000B231002B7CD090F89E30FE2B78D190F8AD
:103970002031002B74D0037C063B012B70D990F8CA
:1039800021310221A0F84460012280F8A03006F025
:10399000FEFC0221284684F8BA61FEF7D9FAB4F891
:1039A000B6112046B4F8DA300139B4F8B82189B23A
:1039B000B1FBF3F31344A4F8B831B4F840300B442E
:1039C000A4F8403006F030FD10B1636B0B44636324
:1039D000B4F8B2310026012B9CBF0133A4F8B231F8
:1039E00009B184F8BE61E37B84F8BA61093B012B1D
:1039F0000FD8E388B4F86C229B1A190409D404F296
:103A00006E2104F1160005F09FFDE673FF2384F894
:103A10004B30B4F8B62104F1A801204605F0DBFDD7
:103A2000E37B134A103B13490F2B8CBF0023012368
:103A30000093114B2868FDF7A9FA2C68237BDA075D
:103A400003D500210948FDF73DFE237B9B0703D5E5
:103A500004F23F10FEF72CFA0023237302B070BD6E
:103A600094F89E10FE299AD0004896E79010002006
:103A7000CD350000213500007D3A00002DE9F047EA
:103A8000B24F0E468046B9883C688D05204655BF2A
:103A9000B4F8402000230132A4F840304CBF84F831
:103AA000BE31A4F8402006F0BFFC38B10B4604F547
:103AB0009B7204F1A8012046FEF796FBBB8803F435
:103AC000C06323B1A37C002B45D0032B49D0A27C3B
:103AD000BB88012A03D1180544BF0222A274B8F1A1
:103AE000000F40F08F80590657BFB4F8D8214246E6
:103AF000013292B2A4F8D82103F00A020A2A0CD1AA
:103B00003A7B022A09D123F008033046BB80FFF735
:103B100079FD30430823C6B2BB803046FFF772FD03
:103B20003D68304395F89E30C6B2FE2B3BD1D6BBE4
:103B30002B7C063B012B36D995F82031ABB195F89B
:103B4000213101220221A5F8446085F8A0302846E1
:103B500006F01DFC27E00121A1742046FEF7D0FFEE
:103B6000B5E702230121A374F7E795F80FA0AAF1A6
:103B70000F0A5FFA8AFABAF1100F40F2E9802B6857
:103B8000DA0702D532460921E1E7980740F18D8036
:103B900032460C21284606F0FAFB95F8533043F0E4
:103BA000010385F85330B4F8B83194F8BB510133B0
:103BB000A4F8B831002D00F0FB81FDF7A3FA10B195
:103BC0000023A4F8B831A17C012940F22382237C90
:103BD000072B40F00582B4F84030022B40F21A82E5
:103BE000B4F842500135ADB2E3882B44A4F8B031AB
:103BF00094F8BC31002B00F011820123E2881344B9
:103C0000A4F8B431BB883D685B0657BFB5F8C43132
:103C10000023B5F8B6219B1858BF9BB2A5F8C43154
:103C200095F820311BB92B7C063B012B06D8B5F843
:103C30004430B5F8B6211344A5F8443095F84A103D
:103C400031B1B5F84630B5F8B6211344A5F8463081
:103C500095F95020002AC1BFB5F84E30B5F8B6012D
:103C60001B18A5F84E3095F8313063B9B8F1000F44
:103C700040F05E82BB7B022B40F0168295F8A030AC
:103C8000062B18BF162395F8302022B92F4885F847
:103C90003130FEF71DFA284606F006FC002384F8B2
:103CA0004C30BDE8F047FDF74DBD590702D532460F
:103CB00013214CE71A0706D595F89830324685F857
:103CC000A030072143E713F0300F3AD095F82331A5
:103CD000002B5BD195F82231D3B1EB7B05F1A80025
:103CE00005F5917105F26E22282B28D0AB7BA3F14C
:103CF000280CDCF1000343EB0C0305F09AFD2B6864
:103D000023F0200343F010032B60002385F82231B9
:103D10002B68DA063AD505F1A80005F098FD18B130
:103D200005F23F10FEF7C4F8B5F8FE300022152169
:103D3000A5F8A030B5F80231A5F8A23007E70123B5
:103D4000DBE75B0622D50022242100E7901000204B
:103D5000D7F8009099F80F30172B2DD011D8102BD1
:103D60001DD0152B1FD0AB7B002B63D1EB7B0F3B02
:103D7000102B67D995F83E30002B63D00122122119
:103D8000E5E61F2BEFD1324606210AE03868C37BF7
:103D9000252B3FD0342BE6D100221121D8E6324624
:103DA0000B214846D4E64846FEF7BCF900283FF40C
:103DB000FAAE00220421F4E799F86832012B07D10A
:103DC00032460521484606F0E2FA89F86862EAE6DA
:103DD00099F86832022BD9B27FF4E5AE99F85230E7
:103DE00053B10623324689F8A030484606F0CFFA90
:103DF000002389F86832EAE73B6840F20632A3F80C
:103E00009A20324699F8623013F0040F0CBF0D214E
:103E10001121EAE790F82C31022B02D10022172160
:103E200096E690F82C31012B9DD190F82D31002B86
:103E3000F4D098E7082B05D195F89930012285F840
:103E4000A0303EE7BAF1100F7FF6ADAE3D6895F8B1
:103E50000E90B9F1000F7FF4A6AE95F833313BB167
:103E600001220E21284606F092FA85F83391AEE73A
:103E700095F8323183B195F8539019F0030A0BD1BC
:103E800049F0010901220C21284606F080FA85F844
:103E9000539085F832A19AE795F822313BB395F813
:103EA000233123BBEB7B05F1A80005F5917105F2E9
:103EB0006E22282B19D0AB7BA3F1280CDCF1000378
:103EC00043EB0C0305F0B5FC002385F822310122F9
:103ED0001421284606F05BFAB5F8FE30A5F8A030AC
:103EE000B5F80231A5F8A2305DE60123EAE795F8BE
:103EF0002C31012B3FD195F82D31002B3BD1EA7BA2
:103F0000A2F12303072B36D995F81401012806D016
:103F1000022804D04FF43F710620FCF745FB95F8CA
:103F20001511012901D00229F4D1022895F82E316A
:103F30000BD0012B14BF0023012343B9093A042AF3
:103F40007FF631AE0122162101E6022BF2E70229AB
:103F500095F82F310DD0012B14BF00230123002B26
:103F6000ECD000217548FDF7ADFB002385F82C311E
:103F700019E6022BF0E795F835314BB195F82D3164
:103F800033B9EB7B233B072B02D901222321DEE54A
:103F900095F83431012B05D1002385F83431012205
:103FA0002521D4E595F83431022B7FF4FCADF3E7FD
:103FB000FDF7A2F808B1A4F8B851FDF7ABF8002856
:103FC0003FF401AE94F8BE310133DBB2022B84F82A
:103FD000BE3182BF0023A4F8B83184F8BE31F2E5C7
:103FE00094F83E3013B1A37B0E2B13D1B4F842509A
:103FF0002046B4F84030ED1A033D06F015FA58B1EA
:10400000A36B626B033B9B1A9D42A8BF1D46012D0B
:104010003FF7E9AD0125E7E52B46F5E7012D7FF6F2
:10402000ECADE37B13B10A2B7FF4E7ADA37B002B50
:104030007FF4E3AD237C002B7FF4DFAD02297FF416
:10404000DCAD94F8BE31002B7FF4D7ADD4F8BC00C2
:10405000B4F8DA9004F0BDFE00283FF4CEAD94F839
:104060009E30FE2B7FF4C9ADB4F8B231012B7FF640
:10407000C4ADB4F8B821B4F8CC309A42BFF4BDADA9
:10408000013D9B1AADB29BB2B5FBF9F59D4228BF2D
:104090001D4605FB09F3003D03F1010318BF01258F
:1040A0009BB284F8BA51A9E5012B08D16B7C002B97
:1040B0007FF4E9AD00212846FEF722FDEEE55EB172
:1040C000F00633D4310733D4B20633D4B30733D137
:1040D0004FF43161312020E739B1B5F84610B5F819
:1040E0004830994201D32223CDE5002A05DDB5F8F9
:1040F0004E20B5F848309A42F5D2B5F84420B5F8CC
:1041000042309A4209D2AA7CB5F8403052B1B5F893
:1041100042209A42CED80823B5E595F82031002BED
:10412000E1D1F0E7052BC5D93E23ACE51E23AAE576
:104130003D23A8E52323A6E52A23A4E5901000202B
:10414000D0F87432D0F8C420934213B504460190DD
:1041500005D1D0F87812D0F8CC20914216D0B4F81E
:10416000AA2004F27D101049A4F8872140F2E2420F
:10417000B3FBF2F3A4F88931B4F87832A4F88B31A8
:10418000B4F87A32A4F88D3105F024FBB4F87A2221
:1041900001A8D4F87412FDF7EDFC0023E3730323A8
:1041A000A37402B010BD00BFC39A0000074B93F97F
:1041B00000301844142804DC10F17F0F03DB40B2F8
:1041C0007047142070476FF07E007047A1100020E8
:1041D000024B00221A705A70704700BFA1100020D5
:1041E000064BD3F8000138B1D3F8040120B1D3F85D
:1041F0000801B0FA80F04009704700BF00A00450E9
:10420000034B00221A705A7010229A70704700BF38
:10421000A4100020F8B50646022014460D4600F012
:10422000CDF8114B114A01275C60191D9A6002F10B
:10423000807203342D011F70DC601D83C3E90426E6
:104240000022243303F80A2C0D2203F8092C084A13
:10425000C2F83015074903C983E80300C2F808759E
:10426000C2F83835F8BD00BFA41000200300000BD1
:1042700000A00450C8B0010008B5022000F09EF86C
:104280000D4B01221A7000220C4BC3F80021C3F819
:104290000421C3F808210A4AC3F8802003F56433D7
:1042A000C3F88C20A3F57C33C3F88C21A3F500530D
:1042B0000822C3F8042508BDA410002000A0045063
:1042C00003000080154A08B51378FBB10023144998
:1042D000C1F8803001F56431C1F88C30A1F57C3132
:1042E000C1F88C3108210F4BC3F80815FFF778FF90
:1042F00088B101235370938EFF2B03D9BC213B203F
:10430000FCF752F9DBB29370002313700020BDE874
:10431000084000F053B810235070F4E7A4100020B8
:1043200000A0045000200450094B1A7862B1094BD8
:10433000D3F8002152B1D3F8040140B1D3F80801F9
:10434000B0FA80F0400970475878704702207047F3
:10435000A410002000A00450064A08B513782BB121
:10436000FFF73EFF20B192F8340008BD9078FCE7DB
:104370001020FAE7A410002038B5084C0025D4F826
:104380000035032B04BF01236360C4F80055C4F853
:10439000005500F001FFC4F8805038BD00A0045063
:1043A000054B4FF48062C3F88820BFF34F8FBFF3F3
:1043B0006F8FFFF7E1BF00BF00E100E010B50446DA
:1043C000FFF7DAFF012C06D0022C09D03CB18C217A
:1043D0003D20FCF7E9F8074B0222C3F8002510BD89
:1043E000044B0322C3F8002502F10042C3F88020E9
:1043F000F5E700BF00A00450024BD3F8A00300F083
:104400000100704700C0FF00084BD3F8A423D3F885
:10441000A833511C9BB203D14FF6FF718B4203D0DE
:1044200002608380012070470020704700C0FF00B9
:104430000B4B30B5D3F89053D3F89443D3F898137B
:10444000D3F89C2305EA04030B401340013317BF44
:1044500005600020446081601CBFC260012030BD47
:1044600000C0FF000B4B30B5D3F88053D3F8844322
:10447000D3F88813D3F88C2305EA04030B401340C8
:10448000013317BF05600020446081601CBFC2601B
:10449000012030BD00C0FF00064B0022C3F80022FF
:1044A000C3F81822C3F82022C3F80C22C3F8142240
:1044B000704700BF00A0085070B5134D0346084672
:1044C0006E7F26B940F6C1013E20FCF76DF863B956
:1044D000012EAC69297F05D100F034FD20442B6901
:1044E000C01A70BD06F043F8F8E7012B09D1012E80
:1044F000AC69297F02D100F015FDEFE706F042F824
:10450000ECE70020EBE700BFE01000200B4B93F836
:10451000290088B193F828307BB1094BD3F80024E7
:1045200042F00102C3F80024D3F8200500F0F600A1
:10453000023818BF0120704701207047E0100020AA
:1045400000A0085008B50128084B1871084B06D088
:10455000022808D040F645513E20FCF725F80322FA
:10456000C3F8002508BD0422FAE700BFE0100020D0
:1045700000A0085008B570B9104B28311846D96012
:104580000F4900F08BFE0130012816D940F2C261BC
:104590003E20FCF709F801280CD1084B29311846B8
:1045A000D960074900F080FE0130012805D940F2AA
:1045B000CC61EDE74FF4DA61EAE708BD880000203E
:1045C000D0B0010008B50C4B5B78012B09D100F08D
:1045D00071FE013001280ED940F611113E20FBF783
:1045E000E3FF022B07D100F06BFE0130012802D956
:1045F00040F61711F2E708BDE01000200A4B40F426
:1046000009000A4A1B8940F04000B3F5166F36BF17
:10461000A3F63813A3F5166343F48073C2F8083782
:10462000C2F84005704700BFE010002000A008500D
:1046300073B50C460546134EFFF784FF204621460E
:10464000FFF7DCFF01AB96F90520284600F0C2FD1C
:104650009DF8050000F03AFE20B140F2E3513E2003
:10466000FBF7A2FF31469DF9040000F0F7FB064B73
:1046700040F20312C3F8442E40F25B62C3F8482EA6
:1046800002B070BDE010002000A008502DE9F041FC
:1046900006460C46174605F0DDFF0028FBD02F4DDF
:1046A0004EBB01236B7095F828301BB9A9793846A9
:1046B000FFF7BEFF2A4B4FF47A7253F8273003F509
:1046C000FA73B3FBF2F3274AE41A274BC3F800212D
:1046D00029690127234B214485F82870234DC5F80B
:1046E0004015C5F8C031FFF711FF044660BB002438
:1046F0002046BDE8F081012E21D102236B7095F890
:104700002830B3B995F806803846FFF71BFF4046BE
:10471000FFF774FF144BD3F8002442F01002C3F8E3
:10472000002440F20312C3F8442E40F25B62C3F847
:10473000482E0D4B293C0B4AC3F80421C8E740F62C
:1047400034013E20FBF730FFEF64D5F84C358B4247
:10475000CDDA3046FFF70EFFCAE700BFE0100020B9
:1047600044B101000B00008000A008500050085028
:1047700040220021014806F07CBB00BFE010002071
:10478000024B0344187D00F516607047D0B001005D
:10479000024B98691B69C01A704700BFE0100020E7
:1047A0000A4B1A7FD3E90430C01A094B03EB82038A
:1047B000DB6BC01A074B53F822304FF47A7203F2C6
:1047C000F313B3FBF2F3C01A704700BFE0100020F0
:1047D000D0B0010038B10100FF2808B504D940F27B
:1047E000CB213E20FBF7E0FE012904D0022919D09D
:1047F0004FF44F71F5E7002343F4801340F000704D
:104800000A4A43F4847340F44030C2F8203EC2F8B0
:10481000280ED2F8203503F0F703032B05D140F220
:104820005631DEE74FF08073E6E708BD00A0085080
:10483000F8B5234E4FF48067C6F89070BFF34F8FE2
:10484000BFF36F8F05F000FF04461E4D05F0A2FF79
:104850000121001B1C4C2861C4F8A410FFF71CFEAA
:104860004FF40023C4F8401EC4F80034174B187CE2
:1048700000F03EFD02F08AFF154B164AC4F83833AB
:10488000154BC3F8C820013AC3F8C42040F6FE72A5
:10489000124BC4F81433124BC3F804250023AB8326
:1048A0002B85AB614FF48073C6F89071C4F88834DF
:1048B0002B6C376103B19847BDE8F84000F0E2BCCB
:1048C00000E100E0E010002000A008508800002077
:1048D00003000080060000800050085001000080A6
:1048E00000200850014B5871704700BFE0100020B5
:1048F000020E034B0002C3F8342EC3F82C0E70478F
:1049000000A00850044B054A034490711B7D03F539
:1049100016631381704700BFD0B00100E010002083
:10492000F8B5334C06460F4694F8293023B940F2C7
:1049300006713E20FBF738FE01232E4A84F828300A
:10494000D2F8003443F00103C2F8003405F082FECF
:104950000028FBD02EBB0123A17938466370FFF7F6
:1049600067FE6378012B02D04FF4E961E1E7224A48
:10497000D36402F5A04213601F4B3046D3F84C5568
:104980002946FFF7F7FD2369ED1A76BB1B4B4FF461
:104990007A7253F8273003F5FA73B3FBF2F3581920
:1049A000F8BD012EE8D10223A57938466370FFF7E0
:1049B000C9FD2846FFF722FE0E4BD3F8002442F033
:1049C0001002C3F8002440F20312C3F8442E40F250
:1049D0005B62C3F8482E6278022A02D040F251711D
:1049E000A7E7054AD6645E60C6E705F12900D7E768
:1049F000E010002000A008500050085044B1010011
:104A000008B5FFF743FE58B9064B0122C3F840052D
:104A100003F5A04302201A61BDE80840FDF718BA6B
:104A200008BD00BF0050085037B5254B4FF48061DA
:104A3000244A4FF0FF30D3F88844C3F89004C2F8FA
:104A400090114FF40022204904F48074C3F800242C
:104A500000221E4D2A85C1F84025C3F80821C3F85D
:104A60000021C3F80421D3F82015C9B2D1B18DF8C3
:104A70000700C3F8202201221A619DF8072012B115
:104A8000D3F820223AB19DF807305BB940F6FF0118
:104A90003E20FBF789FD9DF80720013AD2B28DF840
:104AA0000720EAE7FFF78EFD0022054BC3F820221E
:104AB0002A801CB14FF48072C3F8882403B030BD43
:104AC00000A0085000E100E000500850E010002075
:104AD00070B50024254D264EC5F84845C5F8444517
:104AE000C5F84045C5F84C45FFF79EFF00F0D0FBE8
:104AF000C5F8C441C6F80841C6F80041C6F80441EB
:104B0000C5F8C840C5F8C440C6F80441C6F800411D
:104B100002F054FE174B40F6FE72C6F83843C6F852
:104B20001443C5F8C041C3F808254FF48062124B06
:104B3000DC70C3E90544114BC5F84845C5F8444548
:104B4000C5F84045C5F84C45C5F84841C5F844414D
:104B5000C5F84041C5F84C41C3F89020BFF34F8FD2
:104B6000BFF36F8FC3F8902170BD00BF0050085095
:104B700000A0085000200850E010002000E100E0F4
:104B800070B5104D06462C781CB96C70EC702C85F5
:104B900070BD18B1BDE87040FFF746BF013CAA7870
:104BA0004FF0960118BF01242046FFF785FCAA7834
:104BB00001462E80204685F82860BDE87040FFF74A
:104BC0001FBF00BFE0100020014BC3F84C0E704720
:104BD00000A0085010B50FC8014C84E80F0010BDAC
:104BE000241100200A490B4B10B50124C1F8D00E46
:104BF000586283F82940FFF789FC40B9064BC3F897
:104C0000400503200C61BDE81040FDF721B910BD3F
:104C100000A00850E010002000500850144A13690A
:104C200018449369834210B5124C09D30220FDF752
:104C30000FF900230122C4F840350F4B1A6110BD53
:104C40000123D3706364D4F844250532824206D32D
:104C5000094AD2F80C120029F1D11361EFE70023C1
:104C6000C4F84431054BC4F84405C4F8C431E6E740
:104C7000E01000200050085000A0085009000080FB
:104C800010B50B4C0346607F217F012822794FF03D
:104C9000960009D100F064F9A36922699B1ABDE866
:104CA00010401844FFF7BABF00F074F9F4E700BFF2
:104CB000E0100020044BC3F8940ED3F8002442F017
:104CC0004002C3F80024704700A00850054BD3F8F9
:104CD000002422F04002C3F800240022C3F8942EDE
:104CE000704700BF00A008500028034B14BF0222E9
:104CF000012299701A707047E0100020054B0022C5
:104D0000C3F84025044AD2F82035DBB20BB10123A9
:104D1000136170470050085000A00850044B30B594
:104D2000D3E90C459B6BC0E900450B6030BD00BF6B
:104D3000E01000202DE9F0473D4C4FF001083D4EBA
:104D400005F07CFC0025C4E90C01C6F84C80D6F8BF
:104D50004C35A363FFF736FC374BC3F80851C3F853
:104D60000051C3F80451C3F80451C3F80051D3F8FB
:104D7000002422F01D02C3F80024D6F8482584F848
:104D80002950A261D6F84425626162786277D3F82F
:104D90001892D3F82002FFF77FFB6778022F2BD100
:104DA000E3784BB1D6F8443133B14046FFF7E8FE23
:104DB000636CBDE8F0471847B9F1000F16D02379AE
:104DC00000202377FFF7DCFE1B4B0021D3F80C2ECD
:104DD000D2074CBFD3F81C0E0120A36C48BF00F0D3
:104DE000010080F00100BDE8F0471847E8B101205C
:104DF000FFF7C6FE236DDCE7012F13D1237923775C
:104E0000B9F1000F06D02846FFF7BAFEE36C394629
:104E10002846E8E748B13846FFF7B2FEE36C49465A
:104E20004846E0E708B14046E2E7BDE8F08700BF4A
:104E3000E01000200050085000A00850024B03EB87
:104E40008003D86B704700BFD0B00100024B03EB6A
:104E50008003986C704700BFD0B001002E3008B5B9
:104E6000362854D8DFE800F05053535353534D5372
:104E7000535353535353535353534B53535353530A
:104E8000585358534953475345534353413F3D3B70
:104E900039373533312F2D2B29272523215A1C0053
:104EA0003F231F4AC2F8103708BD3323F9E72D23EB
:104EB000F7E72823F5E72323F3E71F23F1E71B2375
:104EC000EFE71823EDE71523EBE71323E9E71123B9
:104ED000E7E70F23E5E70D23E3E70B23E1E70A23E9
:104EE000DFE70923DDE70823DBE70723D9E706230C
:104EF000D7E70523D5E70423D3E70323D1E701232D
:104F0000CFE74FF49873CCE74FF48873C9E74FF4B9
:104F10008E713F20FBF748FB0223C2E73923C0E72D
:104F200000A008504FF47A73054A584332F9112013
:104F300000F2E7301044B0FBF3F00238704700BFD6
:104F400030B101004FF47A73044A00FB033032F9A8
:104F500011201044B0FBF3F0704700BF30B10100E6
:104F600038B51D460A4B33F9114003EB8203053572
:104F70009B681C444FF47A7304F6B73403FB004477
:104F80001046B4FBF3F42544FFF758FF284438BD1E
:104F900030B1010070B5064608461546FFF756FFCA
:104FA000094B03EB85039C684FF47A7304F6B7341E
:104FB00003FB0644241A2846B4FBF3F4FFF73EFF34
:104FC0000530204470BD00BF30B10100024B00220B
:104FD0001A705A709A707047341100202DE9F84306
:104FE000064601200F4615469846DDF82490FFF747
:104FF000E5F99DF8342006F00303264C43EA0263EA
:10500000254AC4F804350023C4F88030C2F884303F
:10501000A2F57C32C2F884310222204BC3F8082565
:10502000BDF828301E4A9380FB6893FA83FCBB6866
:1050300018BA7B6819BA3B68C4F810C51BBAC4F823
:105040001405C4F81815290AC4F81C352D069DF856
:10505000203041EA0861D9F804702DBA003B21F0F4
:105060000041D9F800003FBA18BF0123022E00BA50
:10507000C4F8207541EAC3714FF00103C4F8240558
:1050800009BAC4F82815C4F82C55537008BF13701A
:10509000BDE8F88300A00450003008500020045000
:1050A00034110020334B5A782DE9F04105460E4665
:1050B00022B94FF4BD716C20FBF776FA2E4A03F14A
:1050C000380C03F1480403F10807DFF8B080DFF87B
:1050D000B0E0C3F844801E65C3F854E092E80300D2
:1050E000C3E9085E8CE80300711C1964D2E9080169
:1050F00084E80300F11C0024996522495C6683F86A
:105100002E40C3E91714D2E9040187E80300691CA3
:10511000C3E90418D2E90601EA1C03F118089A62EF
:105120009A889A850E2288E8030083F82F200121AF
:10513000C3E90C44B278AA70134AC2F830C5C2F869
:10514000387599701B780BB9A921B4E70F4BC2F8D9
:105150000441C2F80841C2F880300D4AC2F88430D8
:10516000A2F57C32C2F8843102220A4BC3F804252E
:10517000BDE8F0813411002058B101000100000C9D
:105180000100000DE803000E00A0045001000080A3
:1051900000300850002004500C4B1A788AB10022CD
:1051A0000B490220C1F8802001F56431C1F8842048
:1051B000A1F57C31C1F88421A1F50051C1F80805A1
:1051C0001A7000225A709A70704700BF3411002084
:1051D00000A004502DE9F04F264C85B005469846B6
:1051E0000E46174600F0C2F823788146AB4211D133
:1051F0006378B3420ED194F90230BB420AD1E3780E
:10520000834207D1A388A8F8003094F9060005B0BE
:10521000BDE8F08F012D06D0022D10D040F289415B
:105220000620FBF7C1F900200DF10F033A46314685
:1052300000F0A2F8824620B14621A920F1E7012022
:10524000F2E730469DF90FB0FFF79AFAA91E034620
:10525000CDF800A04A4258464A41414600F03CF889
:10526000B8F80030A071A38025706670A77084F82C
:105270000390CAE79E000020014B1B681B6818477B
:10528000B8000020014B1B685B681847B80000207D
:10529000014B1B689B681847B8000020014B1B6836
:1052A0001B691847B8000020014B1B685B69184751
:1052B000B8000020014B1B689B691847B80000200C
:1052C000014B1B68DB691847B8000020014B1B68C5
:1052D0009B6A1847B800002030B4044C9DF8085071
:1052E00024680295E468A44630BC6047B8000020FA
:1052F00000220D49134610B540FA02F4E40744BFFA
:10530000CA545C1C02F1010248BFE3B2042AF3D183
:10531000054AFF24D118032B01D9107110BD0133A8
:1053200001F8014BDBB2F6E718160020C5A5000016
:10533000CBA50000CDA50000F3A50000D1A500007D
:10534000FDA50000D7A5000007A60000DDA5000010
:1053500013A60000E9A50000EDA50000DFA50000F0
:10536000E5A5000003A600000DA60000014B187D76
:10537000704700BFA8110020042810B511D883B1D0
:1053800004280CBF10242824A1420AD2064C54F849
:10539000200018B141568A42A8BF0A4600201A7060
:1053A00010BD6FF01500FBE7A81100200728034689
:1053B00011DC10F12D0F10DB094A101890F82E00A7
:1053C00002EBC00292F93C209A4207D0002918BF94
:1053D0000130C0B270471B2070470020704700BFEB
:1053E00080B10100072808B507DCFFF7DFFF044B99
:1053F00003EBC00393F93C0008BD0820FCE700BFA5
:1054000080B1010010F0FF0008B5074B05D001285E
:1054100007D04D21B52001F0E7FF01229A601A6004
:1054200008BD5862FCE700BF00E0105010F0FF001C
:1054300008B5124B05D001281AD07C21B52001F007
:10544000D3FF01225A60DA600D4AC3F800011070E0
:10545000D3F80824D2070AD4D3F8682412F0010242
:1054600002BFC3F81021C3F81821C3F8142108BDE6
:1054700000229862C3F81C21EAE700BF00E0105048
:10548000BD110020014B01221A707047BD11002090
:1054900008B50B4B28B101280BD0C221B52001F073
:1054A000A3FFD3F8103113B9064B187808BD0120BB
:1054B000FCE7D3F81C01003818BF0120F6E700BF55
:1054C00000E01050BD110020024BD3F8080400F09A
:1054D0000100704700E01050024BD3F8480400F080
:1054E0000100704700E01050024BD3F84004C0B2F6
:1054F000704700BF00E0105007490246D1F84C0445
:10550000D1F84C1410F4803005D0D0B201F0030370
:105510001B1A58425841704700E0105038B51A4BDA
:10552000D3F80C34DA0304D440F279116D2001F081
:105530005BFF164A0124164B106A536620F03F00A9
:1055400094645464136CDB03FCD4136A116C03F091
:105550003F03C1F30A01C1F5806181EAE1750B29BE
:10556000A5EBE17509DD3F2B04D001330343136242
:10557000172DE6DC0023936438BD0B31F8DA002BDD
:10558000F8D0013BF2E700BF00E0105000081250D5
:105590000100008038B50B4C23781BB10023237029
:1055A000FFF7BCFFEFF3108572B6637803F0FF00DE
:1055B0000BB9FFF73BFF05B962B6034B00225A66F1
:1055C00038BD00BFC01100200008125070B5174D43
:1055D000012204460E462B18DA7005F01CF8A0B91B
:1055E00034B1012C0FD040F225116D2001F0FCFEEA
:1055F00011232A19012105EB840451710C4AA6607C
:10560000C2F8043370BD8023F3E7002EFAD034B91A
:105610000220B047002305EB8405AB60F2E7012CC4
:1056200001D12046F5E74FF4A071DEE7C01100205C
:1056300000E01050044B0022191803EB80034A715C
:105640009A60CA70704700BFC0110020014B1882D9
:10565000704700BFC0110020014B588A704700BF3F
:10566000C0110020014B188A704700BFC0110020F4
:1056700010B5EFF3108472B6064B03445A7801322A
:10568000D2B25A705B78012B01D1FFF7BBFE04B98F
:1056900062B610BDC0110020034610B5EFF31084B0
:1056A00072B611490B445A7822B940F257216D2045
:1056B00001F09AFE5A78013AD2B25A705B7883B9F7
:1056C0000B7D43B1094BD3F80C34DB0306D44B7884
:1056D00003F0FF002BB9FFF7A9FE02E0487D02F0BE
:1056E00015F804B962B610BDC011002000E01050DA
:1056F00010B504F093FF0C4C04F08DFF60B1A37D56
:105700003BB90A4B01229A610423E37500232376F7
:1057100010BD04F086FFF9E703230122E375034B74
:10572000C3F80423F2E700BFC011002000E01050CE
:10573000014B01221A62704700E01050044B587E62
:1057400028B1044BD3F81001B0FA80F0400970473B
:10575000C011002000E0105038B50C4B5D7E5DB9E3
:1057600001245C7604F05AFF094B1022C3F8105153
:10577000C3F80423DC6138BDFFF7E0FF0028FAD04E
:1057800040F293216D2001F02FFE00BFC0110020D8
:1057900000E01050024BD87D003818BF0120704740
:1057A000C011002038B5174C237D23B940F20631D3
:1057B0006D2001F019FE01232370A37DC3B9A37EE0
:1057C000B3B1227E013B9A4212DA04F024FF05466F
:1057D00001F036FFA37E012B82BF237E01332376A7
:1057E00055B1E369C31A0133022B09D935B1E06120
:1057F000BDE83840FFF77CBF236AF3E72062F7E794
:1058000038BD00BFC011002037B5184CA37D63B967
:10581000606A00F00300FFF76FFE30B1EFF3108312
:1058200072B6E27D1AB103B962B603B030BD01228F
:10583000E27503B962B608230D4DC5F808334FF47D
:105840002073ADF80630BDF806309BB25A1E92B2F6
:10585000ADF80620002BF6D1C5F80C3184F82830BD
:10586000FFF746FF0823C5F80433DEE7C011002028
:1058700000E010502DE9F74F524C237D002B00F033
:105880009D800323ADF804304F4BD3F80051D3F87B
:105890001C21003D18BF012522B1012245F08005E1
:1058A0008DF80520D3F80881D3F8142112B9D3F864
:1058B000183173B1444B0026C3F81461C3F8186162
:1058C000C3F81061637E0BB104F0ABFE667604F0A2
:1058D000F9FF3D4BD3F810316BB3637E1BB104F07D
:1058E000A0FE00236376637913B102238DF80430A0
:1058F00045F01005354E0DF1040A334B4FF0000909
:10590000F71EC3F808531AF8010B03280AD03B7896
:1059100043B14FF0000B336887F800B013B19847DC
:10592000C6F800B009F10103043601374FF0010950
:10593000022BE8D101E0002DDCD1B8F1000F08D036
:10594000214B0022C3F808210422C3F80823FFF7E3
:105950005BFF94F82860EA071B4BF6B2D3F80C7192
:1059600008D5E27D032A05D1A27D82B90422E27521
:1059700001229A61A7B1144B0022C3F80C21E37DE8
:10598000042B09D040F269316D2001F02DFD04F0A7
:1059900048FE0223E375EDE70223E37504F041FEC0
:1059A00066B1002384F82830E37D022B01D1FFF794
:1059B0009FFE03B0BDE8F04F04F033BE03B0BDE876
:1059C000F08F00BFC011002000E01050C81100206F
:1059D00010B5054C606A00F00300FFF78DFD00284C
:1059E000F8D0002010BD00BFC0110020F8B505465A
:1059F00050B10278022A07D8437842B9013B1F2BE5
:105A000002D88378212B07D96FF015008CE0002B8A
:105A1000FAD18378002BF7D1654B4FF48042C3F85D
:105A2000A020BFF34F8FBFF36F8F624EC3F8A0214A
:105A3000FD23614CC6F808330023C6F81C31C6F8B4
:105A40000031C6F80831C6F80C316370A370AB881A
:105A50006382FFF739FD10B10123E3706370D6F85C
:105A60000C0440F2563310F4803023821BD0FFF731
:105A700009FD524801F020FE4E4E60236075002261
:105A8000C6F804332B78A978012B62766262A3757D
:105A9000A176227620D0022B17D0F3B140F21E510E
:105AA0006D2001F0A1FCC6F81001FFF7ABFC414AE4
:105AB000D2F81031002BFBD0FFF730FD0020FFF7AC
:105AC000B5FC3F4B00225A66D3E704F0A7FDD6F899
:105AD0000C34D903FBD502236362FFF7FDFC48B306
:105AE000FFF702FD636A03F00303984222D1AB790A
:105AF000DBB9FFF76DFFA37E63B12B7853B904F0D8
:105B00008AFD054601F09CFD6FF00043002D4CD04E
:105B1000C4E9070301234FF4804200202375244B7E
:105B2000E075C3F8A0211A62F8BD224B0422C3F825
:105B30000423E0E71F4B012200215A61C3F808113A
:105B400094F82410C3F840141A610422C3F8042303
:105B5000AA79002ACFD1D3F80423520702D440F205
:105B6000D1419DE7174A1769116907F0100741F005
:105B700010011161D3F808310BB905F0F0F80D4EA2
:105B8000D6F8083173B1FFF723FF27B90D4A13691F
:105B900023F0100313610423C6F808330023C6F86A
:105BA0000831A8E705F0D9F8EAE7C4E90730B1E71A
:105BB00000E100E000E01050C01100209555000009
:105BC0000008125000ED00E038B50E4B04460D46BB
:105BD0001A791AB183216F2001F006FC01280DD833
:105BE00003445A790AB1002038BD01225A71FFF7E7
:105BF0003FFD29462046FFF7E9FCF4E76FF015006A
:105C0000F2E700BFEC11002070B50C4D04462E7970
:105C10001EB19A216F2001F0E7FB01280BD8054443
:105C20006B790BB9002070BDFFF704FD20466E7143
:105C3000FFF732FDF6E76FF01500F4E7EC110020F6
:105C400010B501B3F0B14FF0FF33104A1C46E0FB32
:105C50000134944203D9DB216F2001F0C5FB1A0DFA
:105C6000C3F30F100A4B42EA04324FF22444B2FB52
:105C7000F4F100EB024003FB1100B0FBF4F040EA4A
:105C80000140013010BD0846FCE700BF3F420F0055
:105C9000000024F4014B9B68184700BFEC11002062
:105CA000014BDB68184700BFEC110020014B1B695A
:105CB000184700BFEC11002008B5064B1B7923B133
:105CC00040F237116F2001F08FFBBDE80840FFF76D
:105CD00069BD00BFEC110020034B1A790AB9FFF728
:105CE000BBBC988D704700BFEC110020034B1A79A4
:105CF0000AB9FFF7B7BC988A704700BFEC110020C3
:105D0000024B1B790BB9FFF77FBD7047EC110020E8
:105D1000014B9B69184700BFEC11002038B51D4CA2
:105D2000237933B3FFF7C2FF50B91B4DC5F81001FB
:105D3000FFF7B0FFD5F81031002BFBD0FFF7B0FF15
:105D4000154B6022C3F80423636A9847002806DBDA
:105D500094F82E3023B10123002084F8303038BD70
:105D6000FFF7D6FF0028F6DA40F28D116F2001F020
:105D70003BFB0A4BA3610A4BE3610A4B23620A4BCC
:105D8000A3600A4BE3600A4B2361FFF72FFE002854
:105D9000E1D0E4E7EC11002000E01050D159000000
:105DA0002FA60000955700001DA6000023A60000A6
:105DB00029A6000038B5084B04461D7925B140F2EC
:105DC000E1116F2001F010FB00F0C6FD2046FFF747
:105DD0003DFC284638BD00BFEC11002008B507483F
:105DE00000F0A8FD054800F019F801F0CBF800F02C
:105DF000E9FF00F0E5F9012008BD00BF20120020F6
:105E000008B5054B1A781AB12721032001F0ECFAE6
:105E10005860197008BD00BF28120020024B98601E
:105E200000221A705A60704728120020F7B51E4CE5
:105E30002378012BDAB204D0022A2ED0012003B03D
:105E4000F0BD0DF10701606800F0D8F965686B7D61
:105E5000DB071CD5AB7F042B19D000F0FFFD0646F5
:105E6000A8B100F001FE2B69D5E900279A18B368A4
:105E700047F100070A332CBF012500251B1845EB0D
:105E800001059342BD4102D3606800F0BBFA0023D4
:105E9000636023709DF80700D1E70DF1070160688A
:105EA00000F0B6F9F3E700BF2812002073B50546ED
:105EB0000C4600F0D3FD0646AB7F012B1AD02146DD
:105EC0002B4604F1180251F8040B914243F8040BDD
:105ED000F9D101230DF107012846AB7700F08EF9C7
:105EE00016B1012002B070BD034B0421986804F084
:105EF000A2FEF6E70020F5E728120020024B06215B
:105F0000986804F098BE00BF28120020174B18684C
:105F1000F0B560B150F8102C50E9063418380A3347
:105F200044F100049B18826944F1000402B9F0BDF9
:105F300052E90615994275EB0406F8D2077D12F86E
:105F4000046CB7420BD00FD90A3152F8103CA2F1C1
:105F5000180045F100055B1845F1000404E096883F
:105F6000878BF61B3604EFD41268DFE7341200206B
:105F7000F8B5244C002323716371A371E371EFF32F
:105F8000108272B6A168E3606160A36002B962B674
:105F900000261D4D636803B9F8BD9A79A3F1180076
:105FA000032A07D11A6801219E7153F80C3C6260E4
:105FB0009847EFE71B6863B1183B07462A46997F6D
:105FC00004290ED09B7F032B04D063219F2001F076
:105FD0000BFA2A46136802211B681360C368867790
:105FE000E6E7B0F81CC0998BA1EB0C010904996994
:105FF00044BF07F1180218460029EBD01F46A1F153
:106000001803DCE73412002038120020042300F1CA
:10601000180283770023037643768376C376044B96
:10602000996811B99A60DA607047D9680A60FAE72E
:10603000341200202DE9F041134C06460F46002093
:10604000236833B9E8B1114BBDE8F041187801F08D
:106050005DBB53E9061553F8082CD3F8008052189D
:1060600045F10005B242BD4109D22268A3F11800F2
:1060700012682260FFF7CAFF01204346E1E71C4691
:10608000FBE7BDE8F08100BF34120020BC00002017
:10609000494B1B682DE9F74F044682838B46D0E9B4
:1060A000002003B1183B94F815C0DFF80CE10CF0A8
:1060B000010C002B3BD0D3E90056AA4270EB06013D
:1060C00035D3BCF1000F2CD0277D197D8F4228D30A
:1060D00099684D1946F1000615F10A0846F1000EBF
:1060E000424570EB0E0119D22169891840F1000771
:1060F00088457EEB070901D241467746A942B74160
:106100000FD22046FFF782FF2C4B187801F0FEFAE1
:1061100000238BF8003003B0BDE8F08F114607462E
:10612000ECE703F1180E9B690BB1183BC3E7BCF118
:10613000000F34D0A168891840F10009019173B3B0
:106140000199D3E9007611F10A0549F10001AF4246
:1061500076EB010123D2257D197D8D4218D39D68F0
:10616000ED1946F1000615F10A0A46F100085245FC
:1061700070EB080110D22169891840F100078A45A7
:1061800078EB070C01D251464746A942B741B8D334
:106190009B6923B1183BD3E711460746F5E7DEF8C4
:1061A0000020234643F8182FCEF80030FFF7AEFE4C
:1061B0008442ADD10123ACE734120020BC000020A2
:1061C00010B50B4C2378FF2B04D04FF48D719F201A
:1061D00001F00AF9074801F06FFA074B002220701E
:1061E0001A705A709A70DA709A60DA601A8210BD6A
:1061F000BC000020715F000034120020034B1A8A9B
:1062000010B4541C1C8210BCFFF742BF3412002093
:1062100038B504460D46FFF779FE231A04F118013C
:10622000584258412870044804F02BFD10B1002357
:106230000120A37738BD00BF3412002038B5114BC0
:10624000044600F118019A68B2B19A6800209AB128
:1062500091420ED108B1A56905609D68A94204BFAD
:1062600012689A60DA68914200D1D8600023A3775F
:1062700007E010461268EAE7034804F002FD002830
:10628000F4D138BD34120020381200202DE9F0413D
:10629000264E04460D46FFF7CDFE3068002843D059
:1062A000A0F1180C50E90631A34271EB050250F839
:1062B000102C3CBF234629460A322CBF0127002759
:1062C0009B1841EB07020768604627B900F11803E5
:1062D0007361BDE8F08157E906EC9E457CEB020155
:1062E000F4D290F8148017F8041C884513D019D9FB
:1062F000744523462A46A7F1180075EB0C0157F8A0
:10630000101C3CBF734662465B1842F100020A3320
:1063100042F1000206E0B988B0F81C80A1EB080148
:106320000904E5D43F68D0E70346D1E734120020E2
:1063300010B5054C6169204604F0A3FC18B16069F2
:1063400000231838636110BD341200209C46144BA2
:10635000F0B51D68FDB115F8043C183D834218D80E
:1063600012F10A04D5E900364CF10001A34276EBA4
:1063700001070BD22F69FF1846F10006A7428E4194
:1063800007D3B4F10A0041F1FF31F0BD1C4631469C
:10639000F7E7AD69DEE74FF0FF300146F5E700BFF4
:1063A0003412002008B5837F022B1CD1437D13F0EB
:1063B000020302D00023837708BD032203764376CD
:1063C0008376C3760D4B827700F11802996839B94C
:1063D0009A60DA600A4B1878BDE8084001F096B977
:1063E000D9680A60F5E7837F012BE5D0837F042B12
:1063F000E2D04FF4FF719F2000F0F6FF341200202E
:10640000BC00002010B500F118010446084804F053
:1064100038FC20B94FF402719F2000F0E5FF2046C0
:10642000FFF7F4FD034BBDE81040187801F06EB99A
:1064300034120020BC0000202DE9F74FD0F810E006
:10644000BEF1000F04D040F227219F2000F0CCFFC6
:10645000836890F814800193D0E90014EFF3108959
:1064600072B6274BB3F810C01B686BB1019D183B87
:106470000A35D3E900264EF1000A6D1844EB0A0AEA
:1064800095427AEB060707D2B9F1000F35D0C0E983
:10649000001403B0BDE8F08F8A4276EB04070CD3FA
:1064A0001F69BF1846F1000BAF427BEB0A0B34BFEC
:1064B0000125002575B99B69D7E712F10A0A9D6885
:1064C00046F1000715EB0A0547F10007A94274EBF6
:1064D0000707ECE71D7DA84509D0ECD912F10A01A8
:1064E0009D6846F10004691844F10004E3E79D8BC0
:1064F000A5EB0C052D04DED5F0E762B6C7E700BFBB
:1065000034120020024B0521186804F094BB00BF30
:1065100050120020064B586810B520B94FF41B717B
:10652000B02000F061FFC3680521BDE810401847A6
:10653000501200202DE9F84F274C8146237BA66896
:10654000A3BB94F80D8018F0010803D0E3899E42A4
:1065500038BF1E4600F054FD10EB060B05460F46F3
:1065600041F1000A58465146FFF790FE08B3D0E9C2
:1065700000329B457AEB020104D29D1B9B4692465A
:1065800062F100070023154A284639462362C4E910
:1065900004BAC4E9065700F007FDB8F1000F02D0B5
:1065A000E3899E4216D002230D4A0DE04FF0000809
:1065B000D0E7237B2BB1637B9B0702D5636A012065
:1065C00098470023074A237384F82830C9F800202D
:1065D000BDE8F88F0123E7E75012002005650000B1
:1065E000F56600004BA800002DE9F04717463D4C2A
:1065F000002B67D0E289D3E900656432864275EBEF
:1066000001034FF000033CBF06460D462362B6EB84
:10661000000A65EB010952451A4672EB0902C4E90A
:10662000046527DA237B3BB1637B9A0702D5636A53
:10663000012098470023237394F80D8008F0010887
:10664000A36803F5E1739A4579F100011DDAB8F109
:10665000000F11D0E089244A301A65F10001C4E925
:10666000060100F0A1FC0623204A84F828303A6095
:10667000BDE8F0879846E3E71B4A30462946C4E95F
:10668000066500F091FC0523EEE7FFF709FBE089C2
:10669000A368B8F1000F0BD0984209D9301A124AFA
:1066A00065F10001C4E9060100F07EFC0123DBE78F
:1066B000F01A0D4A65F10001C4E9060100F074FC0E
:1066C0000223D1E7237B2BB1637B9B0702D5636A4F
:1066D0000120984700252573FFF7E2FA2B46044A6C
:1066E000C3E700BF5012002005650000F5660000FA
:1066F0004BA80000023970B50546032900F2D4808A
:10670000DFE801F006020840694B002283F82920E7
:10671000002024E0664C94F82830042B09D8022B82
:1067200028D8013B012B1BD94FF4CD71B02000F0CC
:106730005BFE053B012BF7D8FFF778FB0028E7D07D
:1067400000F04EFC00F05CFC06460C46FFF79EFD98
:106750002A46034621463046FFF746FF022070BD19
:10676000FFF764FB0028D3D000F03AFC2846FFF77F
:10677000E1FEF3E7FFF75AFB0028C9D0012384F8B4
:106780002930C5E74A4C94F828301A1F012A2AD824
:10679000042B94F829600CD100F062FB48B900206A
:1067A0000021FFF773FD08B1FFF72CFEFFF778FA21
:1067B000DCE7002EC6D1FFF7BBFD0028C2D0606029
:1067C000C4E90B6600F01CFB606802233146837746
:1067D000C3689847D4E9040104F035F8354B84F8D0
:1067E00028602B60BAE700F00BFCA369C01A236A8B
:1067F0009842ACBF2062236294F82830022B19D152
:10680000FFF748FA94F82830022BD4E904012CD180
:10681000637BDB071BD5237BCBB9E389264AC01AF0
:1068200061F10001C4E9060100F0BEFB032384F816
:1068300028306DE7637BDA0701D5207B10B140F289
:10684000B31173E7636A984701232373DAE7323899
:10685000236A194A41F1FF31C01841EBE371C4E9E1
:10686000060100F0A1FB0423E1E7012B0AD1A36894
:10687000114AC01A61F10001C4E9060100F094FB5D
:106880000223D4E7236A32380B4A41F1FF3118184A
:1068900041EBE371C4E9060100F086FB94F828306F
:1068A000062BE0D10523C2E740F2F1113EE700BF1D
:1068B00050120020BD6800000565000002392DE976
:1068C000F041064604292ED8DFE801F003090B2D1C
:1068D0000E00174A537B003B18BF0123137300209F
:1068E0001FE0FFF7A3FAFAE7DFF8448000F098FA18
:1068F00000F086FB0C460546FFF7C8FC0746D8F8B3
:106900000400FFF74FFD002300222846C8F804309A
:1069100000232146C8E904233B463246FFF764FEC4
:106920000220BDE8F08140F21721B02000F05CFDAC
:1069300050120020064A002310B5064C0260206069
:1069400084F828306373FFF7D1F93230A06010BDAE
:106950004BA800005012002008B5074B1A681168B8
:10696000064A914204D040F25121B02000F03CFD93
:106970003230986008BD00BF501200204BA80000C4
:1069800010B5EFF3108472B6034B0421186804F0BD
:1069900052F904B962B610BD5012002008B5094B77
:1069A0005A6822B940F27221B02000F01DFDD3E9EF
:1069B0000421BDE808408018034A41F1000100F0BD
:1069C000F3BA00BF501200201565000008B5064B51
:1069D0005B6823B94FF41E71B02000F005FDBDE8DF
:1069E000084000F0FDBA00BF5012002008B5054B6A
:1069F0005A6822B940F27E21B02000F0F5FCD8623E
:106A000008BD00BF5012002008B5054B5A6822B9D6
:106A10004FF42171B02000F0E7FC186308BD00BFFF
:106A200050120020054B1B6B10B523B940F28A2190
:106A3000B02000F0D9FCBDE81040184750120020EB
:106A4000054BDB6A10B523B94FF42471B02000F078
:106A5000CBFCBDE81040184750120020014B58688D
:106A6000704700BF5012002008B5054B5A6822B984
:106A700040F29B21B02000F0B7FCD3E9040108BD2F
:106A800050120020034B587B10F0010018BFD8892A
:106A9000704700BF501200200028ADBF00F16040D9
:106AA00000F00F00044B00F56140B4BF185C90F893
:106AB00000034009704700BF14ED00E02DE9F041EC
:106AC00005460E46E1B9114F3B681BB186214520B2
:106AD00000F08AFC38600E48FFF788FF0D48FFF78A
:106AE00093FF03F057FE6B7D04465B0708D503F068
:106AF000ABFD0A34241A7C6000F094FA0028FBD025
:106B00002B6A3146686ABDE8F041184788120020B8
:106B1000396B0000196B0000064B1B6810B51BB9E0
:106B20007221452000F060FC1A6A0421586ABDE811
:106B30001040104788120020064B1B6810B51BB987
:106B40006C21452000F050FC1A6A0321586ABDE808
:106B50001040104788120020024B00221A601A8150
:106B6000704700BF8812002008B5074B1A681AB991
:106B7000B921452000F038FC0449D16000221A6098
:106B8000BDE80840FFF7BAB988120020BD6A0000CE
:106B900030B587B00C46182200210546684604F03F
:106BA00068F9637A4FF000026168C3F380030291D1
:106BB00083F0010363F38202237A8DF81430224BB1
:106BC0008DF81520039323785BBB9DF81500D4E95D
:106BD00004324007CDE9003207D50A3B01F10A0132
:106BE00042F1FF320291CDE90032637A69469DF8A5
:106BF0001520C3F3400322F003025B0043F00103BE
:106C000013438DF81530114B5868C0F30800B8B124
:106C10001038FFF741FF98B92846FFF747F907B04A
:106C200030BD2369049303F009FD9DF815305B071F
:106C300044BF029B0A33CDE9000148BF0293D4E769
:106C4000284603F009FDEAE7BD6A000000ED00E018
:106C500008B50A4B1B6823B94FF4EE71452000F0CC
:106C6000C3FB5B7D5B0703D4BDE8084003F092BD26
:106C700003F090FD0A3041F1000108BD88120020A8
:106C800070B50B7886B023B140F21F21452000F08B
:106C9000ABFB4C7A4FF000060593C4F380034D68BC
:106CA00083F00103029563F382060B7A8DF81430AA
:106CB0000F4B8DF8156076070393D1E90431CDE9C8
:106CC000003107D50A3B05F10A0541F1FF31029574
:106CD000CDE900319DF81530C4F3400469460492B3
:106CE00064F341038DF8153003F0B6FC06B070BDB7
:106CF000BD6A00007FB503F0A1FC002305930B4B98
:106D0000039340F21E2302934FF0FF33CDE90001BD
:106D1000694607480493FFF7C9F818B99B21432037
:106D200000F062FB07B05DF804FB00BF596D000086
:106D3000C012002010B5074C94F820304BB9FEF774
:106D4000B5FF30B9012384F82030BDE81040FFF7CB
:106D5000D1BF10BDC012002008B505292DD8DFE82D
:106D600001F0032E282C2C0D03F064FC144803F0D2
:106D700013FD1E38BDE8084003F062BCFEF796FF25
:106D800038B10F4B002283F82020BDE80840FFF700
:106D9000B5B803F051FC08B903F04CFC00214FF4E6
:106DA000007003F0C9FC0028E0D1B921432000F0B5
:106DB0001BFBBDE80840FFF79DBFC521F6E708BDF6
:106DC000C01200204FF000430B4A0021C2F880306F
:106DD000A2F58022C2F88031012302F57832C2F890
:106DE0000435A2F58022C2F804352022034B184650
:106DF00083F8201004F03DB800400C50C012002071
:106E000008B50AF0ADF9054AD2F8583743F0010346
:106E1000C2F85837BDE80840FFF78CBF00200E507D
:106E200008B50AF0ADF90B4AD2F8583723F0010340
:106E3000C2F858370122084B5A604FF0FF32C3F8AE
:106E400008232022054BC3F89021BDE8084000F03C
:106E5000C7B800BF00200E500050085000E100E00D
:106E600008B5FEF723FFB0B90D4BD3F800314BB98D
:106E70000C4A536A0133312B53620BD96C214320E6
:106E800000F0B2FA03F0D8FB08B17021F7E703F085
:106E9000CFFB012008BD034B00225A62F9E700BF77
:106EA00000E01050C012002040F20251014808B525
:106EB00000F090FA69BF01001848202208B5C0F818
:106EC0009020BFF34F8FBFF36F8F154BC0F8902109
:106ED000D3F8041521F00301C3F80415D3F80815FD
:106EE00041F00301C3F8081592FAA2F1B1FA81F159
:106EF000092904DD40F29F310A4800F06BFAC3F81B
:106F0000101501215960D9604FF00041C3F880107D
:106F10004FF0FF31C3F80813026108BD00E100E043
:106F20000050085069BF0100134A4FF4E06320216C
:106F3000C2F838330023C2F8AC35C2F8BC35C2F809
:106F4000CC35C2F82031C2F82431C2F828310B4ABE
:106F5000C2F89C11C2F89C10BFF34F8FBFF36F8F24
:106F6000C2F89010BFF34F8FBFF36F8FC2F890112C
:106F7000034A1360704700BF00200E5000E100E09C
:106F8000E812002008B5FFF7CFFF054B4FF4A062D1
:106F9000C3F834232022034BC3F89C21DA6108BDD7
:106FA00000200E5000E100E00B4B10B51C681CB136
:106FB0004C21042000F018FAB1F5801F1A6001D3AB
:106FC000FFF772FF054B0122C3F8A005C3F8A41513
:106FD000C3F8AC2510BD00BFE812002000200E5001
:106FE000054A136833B100230449C1F8AC35C1F830
:106FF00020311360704700BFE812002000200E50BF
:1070000030B54FF0FF30064C6FF04041D4E900231B
:10701000904271EB0305F9D31046C3F3130130BD61
:1070200040270E5008B5FFF7EBFF044BD3E90223CE
:10703000904299412CBF0120002008BDE812002099
:1070400008B5FFF739FF024B01221A6008BD00BFE7
:107050000050085010B5FFF72FFF0F4C0023C4F865
:10706000BC35C4F82431FFF7CBFF0A3041F10001F1
:10707000B1F5801F01D1FFF717FF4FF00043C4F8AF
:10708000B005C4F8B415C4F8A4310123C4F8BC3564
:10709000024BC3E9020110BD00200E50E81200208F
:1070A000144BD3F8342312F4A06F10B503D1FB2195
:1070B000042000F099F9D3F8202162B100220E4992
:1070C000C3F8AC25C3F820210B6813B940F20311B3
:1070D000EEE70A609847074BD3F828214AB100220F
:1070E000C3F8CC25C3F82821034BBDE810401B6929
:1070F000184710BD00200E50E8120020034610B3C0
:10710000007888B91A79012A1ED85A79012A1BD821
:107110009A680E49643A8A4216D8D8680C4B98424D
:107120002CBF00200120704701280CD11A79012AB8
:1071300009D85A79012A06D8DA680449643A8A4299
:1071400001D89868EAE70020704700BF3C8601003C
:107150000040420F70B5044603F070FA40F2F96641
:10716000656AD4E90632963342F100025B1905F5EF
:10717000DF6542F10002B5FBF6F55B1942F1000252
:1071800083428A410ED294F82A30052B03D0B321D2
:107190006A2000F029F90A21236A94F858009847D8
:1071A000B621F5E7044C236813B198470023236008
:1071B000BDE87040FFF7D8BCFC12002070B5044653
:1071C0000D4639B9012380F85930FFF7C3FF022675
:1071D000304670BD0E78032E70D801A353F826F008
:1071E000CF710000F17100005B72000013720000AB
:1071F0004868C72801D80026EAE7042103F09CFA72
:107200000028F8D003F01EFA6968204603F07EFBE0
:10721000DEE790F8286006BB4D682846FFF76EFF52
:1072200000284BD02B78D3B9012121702B796A79B2
:10723000003B18BF0123002A14BF0422022243F09E
:1072400004032272AA68A5326260EA6863720323AB
:10725000226184F82A3084F829102046B5E794F892
:107260002A30052B04D040F293116A2000F0BCF8BC
:10727000267004F130002B796A79003B18BF012396
:10728000002A14BF0422022243F004032272EA6897
:107290006372A532A9686260D4E906325B1842EBDA
:1072A000E1722146C4E90432042384F82A30FFF74E
:1072B0006FFC0028D1D140F29511D6E7012384F864
:1072C0005930CAE72DE9F8438846074658B300F01D
:1072D0002FF84FF0000904465FFA89F6B44203D84C
:1072E0006FF00B00BDE8F883304609F1010900F0AA
:1072F00025F890F82A50002DEED1304600F01EF807
:107300000A490446058580F82A50024680F85860EC
:10731000303003F0B1FA01232762284684F82A307E
:1073200088F80060DEE76FF01500DBE71BA90000BE
:10733000014B1879704700BF00130020044B1A79E5
:10734000824283BF1B68602202FB0030002070472E
:10735000001300200A4610F0030110B50AD1074CB3
:107360002271206008B9002010BD60235A4303F049
:1073700080FDF8E76FF00D00F6E700BF0013002076
:10738000BFF34F8F0549064BCA6802F4E06213430E
:10739000CB60BFF34F8F00BFFDE700BF00ED00E003
:1073A0000400FA05094B01225A604FF0FF32C3F87E
:1073B00008234FF40062064BC3F88820BFF34F8FB9
:1073C000BFF36F8FC3F88821704700BF00B004502F
:1073D00000E100E008B572B6024B5B6803B1984764
:1073E000FFF7CEFF081300201FB572B6144B5C6880
:1073F00094B9FFF7C5FFB2FBF6F22B465D1C002ADD
:10740000F9D1DBB203F110056D4405F80C2C0A220A
:1074100033B901A8A047ECE7024600230A26EDE7AE
:10742000013BDBB203F110050DEB0506B0FBF2F5F5
:1074300002FB1500303006F80C0C2846E8E700BFC8
:1074400008130020F8B5234F05460C4616463B7836
:10745000002B3CD103F0DEF87E601F4B01263C81FF
:107460004FF48062C3F8A4601C4BC3F89020BFF3B4
:107470004F8FBFF36F8FC3F89021FFF793FF184B27
:10748000002D14BF28461846FEF748FC0546E0B913
:10749000FFF762FBFEF734FC03F01CFBFEF79EFCDB
:1074A00018B9B8211120FFF79FFF002C0BDB04F067
:1074B0001F036409A4009E4004F1604404F5614484
:1074C000C4F88061266001233B702846F8BD4FF068
:1074D000FF35FAE70813002000A0085000E100E0A3
:1074E00098B20100074BB3F90830002B09DB5A09A9
:1074F000012103F01F03994002F14003024A42F8C0
:10750000231070470813002000E100E0014B1878B9
:10751000704700BF0813002050B1074B03F114025D
:1075200053F8041B934240F8041BF9D10020704724
:107530006FF01500704700BF97BF01002DE9F84FAD
:107540000746894693469846374CDFF8E0A0384D09
:107550002E780136F6B2D5E84F3F0133DBB2C5E8ED
:10756000403F0028F7D101216160C4F80001C4F850
:107570000401EFF3108072B62E4BC5F80490AB6097
:10758000C5E905B33B68C4F810357B68C4F8143509
:10759000BB68C4F81835FB68C4F81C35264BC4F822
:1075A00030351033C4F83835216000B962B6D4F8EC
:1075B00000312BB9D4F8043113B92B789E421CD07A
:1075C000B8F1000F09D00A9B3BB1D4F840350A9AB4
:1075D000C8F80030D4F83C351360D4F80431002BDF
:1075E000B5D12978B142B2D1C4F80031C4F8043120
:1075F0000323C4F80833BDE8F88FDAF81030DB064F
:10760000D5D503234FF40061C4F804330B4BC3F802
:107610008811D4F80031002BC9D1D4F80431002BE3
:10762000C5D103F09AFBC2E700B0045000ED00E0C2
:10763000141300201000000B1813002000E100E0DC
:107640001A4B4FF4000270B5C3F89820BFF34F8F68
:10765000BFF36F8F164C0021164DC4F80011C3F80C
:1076600098212E692B6906F0100643F010032B6158
:107670000123C4F804332360D4F800319BB11EB950
:107680002B6923F010032B610123D4F808054FF474
:1076900000026360C4F808330023C4F80031034BD0
:1076A000C3F8982170BD03F058FBE5E700E100E066
:1076B00000700D5000ED00E038B50B49042301EBDC
:1076C000C302157905F0FF042DB1013BF7D240212B
:1076D0006920FFF789FE41F8330001215471D8B2C7
:1076E0009471117138BD00BF38130020042808B50B
:1076F00003D947216920FFF777FE034B002203EBF4
:10770000C0031A7108BD00BF38130020042808B553
:1077100003D950216920FFF767FE094B03EBC00036
:107720000379012B01D05121F4E7437982790133A8
:10773000DBB29A4218BF4371BDE80840FFF7D2BEE2
:107740003813002038B505240F4D95F8281005EBA7
:10775000C1031A79012A09D158799A79904205D042
:107760005A79D2B29A7155F83130984795F8283045
:10777000013C0133DBB2052B28BF002314F0FF04CA
:1077800085F82830E1D138BD38130020094B0A4A6A
:10779000C3F800230132C3F80C230132C3F81823C5
:1077A0000132C3F820230132C3F81C230132C3F88D
:1077B0001021704700A0085004000080074B0022F1
:1077C000C3F80023C3F80C23C3F81823C3F82023FD
:1077D000C3F81C23C3F81021704700BF00A0085055
:1077E000844641EA000313F0030359D1403A33D3EE
:1077F000F0B4F0C9F0C0F0C9F0C0F0C9F0C0F0C9F1
:10780000F0C0403AF5D2F0BC26E0403A24D300BFA5
:107810000B6803604B6843608B688360CB68C36010
:107820000B6903614B6943618B698361CB69C361F8
:107830000B6A03624B6A43628B6A8362CB6AC362E0
:107840000B6B03634B6B43638B6B8363CB6BC363C8
:1078500040304031403ADBD230320BD30B6803600A
:107860004B6843608B688360CB68C3601030103115
:10787000103AF3D20C3205D351F8043B40F8043BE4
:10788000043AF9D2043208D0D2071CBF11F8013BE8
:1078900000F8013B01D30B8803806046704700BFAE
:1078A000082A13D38B07B0D010F00303ADD0C3F177
:1078B0000403D21ADB071CBF11F8013B00F8013B9F
:1078C000A3D331F8023B20F8023B9EE7043AD9D318
:1078D000013A11F8013B00F8013BF9D20B78037033
:1078E0004B7843708B78837060467047B5AE00006C
:1078F000C1AE0000C5AE0000CDAE0000D1AE0000AC
:1079000081F0004102E000BF83F0004330B54FEA50
:1079100041044FEA430594EA050F08BF90EA020FBD
:107920001FBF54EA000C55EA020C7FEA645C7FEA50
:10793000655C00F0E2804FEA5454D4EB5555B8BF73
:107940006D420CDD2C4480EA020281EA030382EAE4
:10795000000083EA010180EA020281EA0303362D76
:1079600088BF30BD11F0004F4FEA01314FF4801C49
:107970004CEA113102D0404261EB410113F0004F5B
:107980004FEA03334CEA133302D0524263EB430312
:1079900094EA050F00F0A780A4F10104D5F1200EB0
:1079A0000DDB02FA0EFC22FA05F2801841F100010B
:1079B00003FA0EF2801843FA05F359410EE0A5F1DF
:1079C00020050EF1200E012A03FA0EFC28BF4CF010
:1079D000020C43FA05F3C01851EBE37101F00045C6
:1079E00007D54FF0000EDCF1000C7EEB00006EEBD3
:1079F0000101B1F5801F1BD3B1F5001F0CD349085D
:107A00005FEA30004FEA3C0C04F101044FEA4452B3
:107A100012F5800F80F09A80BCF1004F08BF5FEA3A
:107A2000500C50F1000041EB045141EA050130BD1A
:107A30005FEA4C0C404141EB0101013C28BFB1F52C
:107A4000801FE9D291F0000F04BF01460020B1FA77
:107A500081F308BF2033A3F10B03B3F120020CDA4A
:107A60000C3208DD02F1140CC2F10C0201FA0CF028
:107A700021FA02F10CE002F11402D8BFC2F1200C8D
:107A800001FA02F120FA0CFCDCBF41EA0C01904043
:107A9000E41AA2BF01EB0451294330BD6FEA04048C
:107AA0001F3C1CDA0C340EDC04F11404C4F1200277
:107AB00020FA04F001FA02F340EA030021FA04F389
:107AC00045EA030130BDC4F10C04C4F1200220FAE0
:107AD00002F001FA04F340EA0300294630BD21FA1E
:107AE00004F0294630BD94F0000F83F4801306BFE4
:107AF00081F480110134013D4EE77FEA645C18BFD8
:107B00007FEA655C29D094EA050F08BF90EA020F6E
:107B100005D054EA000C04BF1946104630BD91EA66
:107B2000030F1EBF0021002030BD5FEA545C05D169
:107B30004000494128BF41F0004130BD14F58004A8
:107B40003CBF01F5801130BD01F0004545F0FE411C
:107B500041F470014FF0000030BD7FEA645C1ABF51
:107B6000194610467FEA655C1CBF0B46024650EA88
:107B7000013406BF52EA033591EA030F41F40021B4
:107B800030BD00BF90F0000F04BF0021704730B53A
:107B90004FF4806404F132044FF000054FF000010F
:107BA00050E700BF90F0000F04BF0021704730B5D0
:107BB0004FF4806404F1320410F0004548BF4042A5
:107BC0004FF000013EE700BF42004FEAE2014FEAFA
:107BD00031014FEA02701FBF12F07F4393F07F4FD5
:107BE00081F06051704732F07F4208BF704793F0D8
:107BF0007F4F04BF41F40021704730B54FF46074EB
:107C000001F0004521F000411CE700BF50EA0102ED
:107C100008BF704730B54FF000050AE050EA010296
:107C200008BF704730B511F0004502D5404261EB06
:107C300041014FF4806404F132045FEA915C3FF447
:107C4000D8AE4FF003025FEADC0C18BF03325FEAE4
:107C5000DC0C18BF033202EBDC02C2F1200300FA95
:107C600003FC20FA02F001FA03FE40EA0E0021FABA
:107C700002F11444BDE600BF70B54FF0FF0C4CF4A8
:107C8000E06C1CEA11541DBF1CEA135594EA0C0F5A
:107C900095EA0C0F00F0DEF82C4481EA030621EA95
:107CA0004C5123EA4C5350EA013518BF52EA0335D0
:107CB00041F4801143F4801338D0A0FB02CE4FF082
:107CC0000005E1FB02E506F00042E0FB03E54FF0B2
:107CD0000006E1FB03569CF0000F18BF4EF0010EAA
:107CE000A4F1FF04B6F5007F64F5407404D25FEAA6
:107CF0004E0E6D4146EB060642EAC62141EA555159
:107D00004FEAC52040EA5E504FEACE2EB4F1FD0C9A
:107D100088BFBCF5E06F1ED8BEF1004F08BF5FEA18
:107D2000500E50F1000041EB045170BD06F00046CA
:107D300046EA010140EA020081EA0301B4EB5C0477
:107D4000C2BFD4EB0C0541EA045170BD41F480116F
:107D50004FF0000E013C00F3AB8014F1360FDEBF94
:107D6000002001F0004170BDC4F10004203C35DA70
:107D70000C341BDC04F11404C4F1200500FA05F3F3
:107D800020FA04F001FA05F240EA020001F0004294
:107D900021F0004110EBD37021FA04F642EB06010A
:107DA0005EEA430E08BF20EAD37070BDC4F10C0434
:107DB000C4F1200500FA04F320FA05F001FA04F2F8
:107DC00040EA020001F0004110EBD37041F10001E4
:107DD0005EEA430E08BF20EAD37070BDC4F12005EF
:107DE00000FA05F24EEA020E20FA04F301FA05F257
:107DF00043EA020321FA04F001F0004121FA04F2FF
:107E000020EA020000EBD3705EEA430E08BF20EACE
:107E1000D37070BD94F0000F0FD101F00046400008
:107E200041EB010111F4801F08BF013CF7D041EA8A
:107E3000060195F0000F18BF704703F0004652008E
:107E400043EB030313F4801F08BF013DF7D043EA5F
:107E50000603704794EA0C0F0CEA135518BF95EA15
:107E60000C0F0CD050EA410618BF52EA4306D1D19C
:107E700081EA030101F000414FF0000070BD50EABB
:107E8000410606BF1046194652EA430619D094EA45
:107E90000C0F02D150EA013613D195EA0C0F05D12F
:107EA00052EA03361CBF104619460AD181EA030183
:107EB00001F0004141F0FE4141F470014FF000003B
:107EC00070BD41F0FE4141F4780170BD70B54FF0D6
:107ED000FF0C4CF4E06C1CEA11541DBF1CEA135556
:107EE00094EA0C0F95EA0C0F00F0A7F8A4EB050438
:107EF00081EA030E52EA03354FEA013100F088802F
:107F00004FEA03334FF0805545EA131343EA1263F7
:107F10004FEA022245EA111545EA10654FEA0026AC
:107F20000EF000419D4208BF964244F1FD0404F565
:107F3000407402D25B084FEA3202B61A65EB0305C1
:107F40005B084FEA32024FF480104FF4002CB6EB7E
:107F5000020E75EB030E22BFB61A754640EA0C00FE
:107F60005B084FEA3202B6EB020E75EB030E22BF3E
:107F7000B61A754640EA5C005B084FEA3202B6EB7F
:107F8000020E75EB030E22BFB61A754640EA9C003E
:107F90005B084FEA3202B6EB020E75EB030E22BF0E
:107FA000B61A754640EADC0055EA060E18D04FEACC
:107FB000051545EA16754FEA06164FEAC30343EA6C
:107FC00052734FEAC2025FEA1C1CC0D111F4801F39
:107FD0000BD141EA00014FF000004FF0004CB6E732
:107FE00011F4801F04BF01430020B4F1FD0C88BFD1
:107FF000BCF5E06F3FF6AFAEB5EB030C04BFB6EBDC
:10800000020C5FEA500C50F1000041EB045170BDCE
:108010000EF0004E4EEA113114EB5C04C2BFD4EBFB
:108020000C0541EA045170BD41F480114FF0000E7F
:10803000013C90E645EA060E8DE60CEA135594EAFB
:108040000C0F08BF95EA0C0F3FF43BAF94EA0C0FFE
:108050000AD150EA01347FF434AF95EA0C0F7FF473
:1080600025AF104619462CE795EA0C0F06D152EAC7
:1080700003353FF4FDAE1046194622E750EA4106AB
:1080800018BF52EA43067FF4C5AE50EA41047FF4BC
:108090000DAF52EA43057FF4EBAE12E74FF0FF3C21
:1080A00006E000BF4FF0010C02E000BF4FF0010CF2
:1080B0004DF804CD4FEA410C7FEA6C5C4FEA430C6B
:1080C00018BF7FEA6C5C1BD001B050EA410C0CBFBA
:1080D00052EA430C91EA030F02BF90EA020F00201C
:1080E000704710F1000F91EA030F58BF994208BF83
:1080F00090422CBFD8176FEAE37040F00100704740
:108100004FEA410C7FEA6C5C02D150EA013C07D196
:108110004FEA430C7FEA6C5CD6D152EA033CD3D0E1
:108120005DF8040B704700BF8446104662468C46DB
:108130001946634600E000BF01B5FFF7B7FF00280E
:1081400048BF10F1000F01BD4DF808EDFFF7F4FF37
:108150000CBF012000205DF808FB00BF4DF808EDC2
:10816000FFF7EAFF34BF012000205DF808FB00BFE5
:108170004DF808EDFFF7E0FF94BF012000205DF807
:1081800008FB00BF4DF808EDFFF7CEFF94BF0120BC
:1081900000205DF808FB00BF4DF808EDFFF7C4FFB5
:1081A00034BF012000205DF808FB00BF4FEA410208
:1081B00012F5001215D211D56FF47873B3EB625239
:1081C00012D94FEAC12343F0004343EA505311F060
:1081D000004F23FA02F018BF404270474FF00000F2
:1081E000704750EA013005D111F0004008BF6FF030
:1081F000004070474FF00000704700BF4A0011D2A6
:1082000012F5001211D20DD56FF47873B3EB6252F0
:108210000ED44FEAC12343F0004343EA505323FAFC
:1082200002F070474FF00000704750EA013002D171
:108230004FF0FF3070474FF0000070474FEA4102A7
:10824000B2F1E04324BFB3F5001CDCF1FE5C0DD9B4
:1082500001F0004C4FEAC0024CEA5070B2F1004FFE
:1082600040EB830008BF20F00100704711F0804F01
:1082700021D113F13872BCBF01F00040704741F4C6
:1082800080114FEA5252C2F11802C2F1200C10FACA
:108290000CF320FA02F018BF40F001004FEAC123AE
:1082A0004FEAD32303FA0CFC40EA0C0023FA02F352
:1082B0004FEA4303CCE77FEA625307D150EA013328
:1082C0001EBF4FF0FE4040F44000704701F00040F8
:1082D00040F0FE4040F40000704700BF80F00040D6
:1082E00002E000BF81F0004142001FBF5FEA41038E
:1082F00092EA030F7FEA226C7FEA236C6AD04FEA8E
:108300001262D2EB1363C1BFD218414048404140D2
:10831000B8BF5B42192B88BF704710F0004F40F484
:10832000000020F07F4018BF404211F0004F41F4A0
:10833000000121F07F4118BF494292EA030F3FD06C
:10834000A2F1010241FA03FC10EB0C00C3F120037F
:1083500001FA03F100F0004302D5494260EB40000E
:10836000B0F5000F13D3B0F1807F06D340084FEA79
:10837000310102F10102FE2A51D2B1F1004F40EB6E
:10838000C25008BF20F0010040EA030070474900D6
:1083900040EB0000013A28BFB0F5000FEDD2B0FA73
:1083A00080FCACF1080CB2EB0C0200FA0CF0AABF96
:1083B00000EBC25052421843BCBFD0401843704734
:1083C00092F0000F81F4000106BF80F4000001323A
:1083D000013BB5E74FEA41037FEA226C18BF7FEA11
:1083E000236C21D092EA030F04D092F0000F08BF53
:1083F0000846704790EA010F1CBF0020704712F03A
:108400007F4F04D1400028BF40F00040704712F178
:1084100000723CBF00F50000704700F0004343F0DD
:10842000FE4040F4000070477FEA226216BF084613
:108430007FEA23630146420206BF5FEA412390EAD6
:10844000010F40F4800070474FF0000304E000BFCC
:1084500010F0004348BF40425FEA000C08BF70477D
:1084600043F0964301464FF000001CE050EA010241
:1084700008BF70474FF000030AE000BF50EA010256
:1084800008BF704711F0004302D5404261EB410143
:108490005FEA010C02BF84460146002043F0B64368
:1084A00008BFA3F18053A3F50003BCFA8CF2083A8D
:1084B000A3EBC25310DB01FA02FC634400FA02FC96
:1084C000C2F12002BCF1004F20FA02F243EB02009D
:1084D00008BF20F00100704702F1200201FA02FCFF
:1084E000C2F1200250EA4C0021FA02F243EB0200F2
:1084F00008BF20EADC7070474FF0FF0C1CEAD05236
:108500001EBF1CEAD15392EA0C0F93EA0C0F6FD0F6
:108510001A4480EA010C400218BF5FEA41211ED0D4
:108520004FF0006343EA501043EA5111A0FB0131C0
:108530000CF00040B1F5000F3EBF490041EAD37195
:108540005B0040EA010062F17F02FD2A1DD8B3F111
:10855000004F40EBC25008BF20F00100704790F080
:10856000000F0CF0004C08BF49024CEA502040EAD2
:1085700051207F3AC2BFD2F1FF0340EAC250704798
:1085800040F400004FF00003013A5DDC12F1190FD6
:10859000DCBF00F000407047C2F10002410021FA48
:1085A00002F1C2F1200200FA02FC5FEA310040F160
:1085B000000053EA4C0308BF20EADC70704792F0D9
:1085C000000F00F0004C02BF400010F4000F013A11
:1085D000F9D040EA0C0093F0000F01F0004C02BF0C
:1085E000490011F4000F013BF9D041EA0C018FE77B
:1085F0000CEAD15392EA0C0F18BF93EA0C0F0AD081
:1086000030F0004C18BF31F0004CD8D180EA0100A6
:1086100000F00040704790F0000F17BF90F0004F3F
:10862000084691F0000F91F0004F14D092EA0C0F21
:1086300001D142020FD193EA0C0F03D14B0218BFB4
:10864000084608D180EA010000F0004040F0FE40FA
:1086500040F40000704740F0FE4040F44000704796
:108660004FF0FF0C1CEAD0521EBF1CEAD15392EA15
:108670000C0F93EA0C0F69D0A2EB030280EA010C05
:1086800049024FEA402037D04FF0805343EA11119E
:1086900043EA10130CF000408B4238BF5B0042F1FC
:1086A0007D024FF4000C8B4224BF5B1A40EA0C00A1
:1086B000B3EB510F24BFA3EB510340EA5C00B3EBD3
:1086C000910F24BFA3EB910340EA9C00B3EBD10FC1
:1086D00024BFA3EBD10340EADC001B0118BF5FEA13
:1086E0001C1CE0D1FD2A3FF650AF8B4240EBC2503C
:1086F00008BF20F0010070470CF0004C4CEA5020FD
:108700007F32C2BFD2F1FF0340EAC250704740F44B
:1087100000004FF00003013A37E792F0000F00F03D
:10872000004C02BF400010F4000F013AF9D040EABB
:108730000C0093F0000F01F0004C02BF490011F44F
:10874000000F013BF9D041EA0C0195E70CEAD15347
:1087500092EA0C0F08D142027FF47DAF93EA0C0F2E
:108760007FF470AF084676E793EA0C0F04D14B0212
:108770003FF44CAF08466EE730F0004C18BF31F0C4
:10878000004CCAD130F000427FF45CAF31F00043BE
:108790007FF43CAF5FE700BF4FF0FF3C06E000BF57
:1087A0004FF0010C02E000BF4FF0010C4DF804CD7A
:1087B0004FEA40024FEA41037FEA226C18BF7FEA8A
:1087C000236C11D001B052EA530C18BF90EA010F8C
:1087D00058BFB2EB030088BFC81738BF6FEAE1701B
:1087E00018BF40F0010070477FEA226C02D15FEAB7
:1087F000402C05D17FEA236CE4D15FEA412CE1D023
:108800005DF8040B704700BF844608466146FFE7E9
:108810000FB5FFF7C9FF002848BF10F1000F0FBDCB
:108820004DF808EDFFF7F4FF0CBF012000205DF8C4
:1088300008FB00BF4DF808EDFFF7EAFF34BF012049
:1088400000205DF808FB00BF4DF808EDFFF7E0FFE2
:1088500094BF012000205DF808FB00BF4DF808ED33
:10886000FFF7D2FF94BF012000205DF808FB00BF96
:108870004DF808EDFFF7C8FF34BF012000205DF878
:1088800008FB00BF4FEA4002B2F1FE4F0FD34FF09A
:108890009E03B3EB12620DD94FEA002343F000436D
:1088A00010F0004F23FA02F018BF404270474FF01B
:1088B0000000704712F1610F01D1420205D110F0A2
:1088C000004008BF6FF0004070474FF00000704755
:1088D00042000ED2B2F1FE4F0BD34FF09E03B3EB2A
:1088E000126209D44FEA002343F0004323FA02F056
:1088F00070474FF00000704712F1610F01D1420242
:1089000002D14FF0FF3070474FF00000704700BFBA
:108910007BB972B90029BEBF00204FF0004106E0CC
:1089200008BF00281CBF6FF000414FF0FF3000F07F
:1089300077B8ADF1080C6DE904CE002909DB002BF6
:108940001ADB02F0DAFADDF804E0DDE9022304B014
:108950007047404261EB4101002B1BDB02F0CDFA76
:10896000DDF804E0DDE9022304B0404261EB41019F
:10897000524263EB43037047524263EB430302F0FE
:10898000BCFADDF804E0DDE9022304B0404261EB0B
:1089900041017047524263EB430302F0AEFADDF847
:1089A00004E0DDE9022304B0524263EB4303704765
:1089B00053B94AB9002908BF00281CBF4FF0FF3146
:1089C0004FF0FF3000F02CB8ADF1080C6DE904CE8B
:1089D00002F093FADDF804E0DDE9022304B0704709
:1089E000D0B5FFF7F1F800220B4B06460F46FFF714
:1089F00043F9FFF703FC0446FFF7C4F80022074BD6
:108A0000FFF73AF902460B4630463946FEF77CFF3F
:108A1000FFF7F4FB2146D0BD0000F03D0000F0411F
:108A2000704700BF08B5F7F7D9FEF8F70FFEF7F764
:108A3000F7FD002008BDFEF76FBD10B586B00446F7
:108A400001A8FEF769FD0223002023700523607052
:108A5000A3709DF80430E0706371BDF8053020719B
:108A6000E380DDF80730A36006B010BD00F092BBD4
:108A700070B50446FBF7C0FC012805461AD1601CFE
:108A8000FBF7C2FCB0B1A3790020E61D63F03F0301
:108A9000A371F8F795FE38B110220021304602F09C
:108AA000E8F90020257070BD3046FBF7C1FC0028B6
:108AB000F2D0F6E70025F4E710B5044610220021B5
:108AC00002F0D7F904F1100310220021184602F039
:108AD000D0F9FBF7C7FC0020F8F772FE20B1204662
:108AE000FBF7A6FC002010BDFBF786FC0028F6D0A3
:108AF000F8E710B50446FEF7A3FDB0F5007F09DAEC
:108B000010F5007F08DD031EB8BF03339B10002063
:108B1000237010BD7F23FAE76FF07E03F7E7F7B508
:108B200004462046F9F7C4F8022805462ED004284A
:108B30002CD123788A2B18D13E20F7F763FE78B921
:108B4000E37801A92279684643EA0223ADF80030B0
:108B500000F090FB0028E4D053210820F7F724FD13
:108B60000520F7F789FE0028EAD0204600F011F82A
:108B70002678A7783046F7F745FE0028D1D03E2E5C
:108B800004D13846F7F778FE0028CAD0284603B04B
:108B9000F0BD10B503780446813B0E2B2FD8DFE8DB
:108BA00003F02F3541454F676D08613B71775B2EB0
:108BB0007D002920F7F760FE30B13E232370222389
:108BC00063702923A3701AE00A20F7F755FE3E23AD
:108BD000237018B11F2363700A23F3E70123A370E6
:108BE00013236370E37903F00103E371D4F81A30BF
:108BF000C4F80E30E38B638294F82030237510BDE7
:108C00003E230370042343701423DBE73E230370E9
:108C10000A2343700323D5E73E2303700D234370DB
:108C20000523CFE705232370042307E05A20F7F735
:108C3000E9FD08230028F6D05A2222706370DEE78F
:108C40005B20F7F7DFFD18B15B2323700623F5E700
:108C5000302323700323F1E73E2303700B2343707B
:108C60000723AFE73E230370062343700C23A9E7D5
:108C70001323037083789B000133DFE757230370CE
:108C80000223DBE73E23037006234370122399E798
:108C90003E23037009234370132393E7FF230370DC
:108CA0000D23437080238DE710B50C4648B141B1C8
:108CB000FFF735FF002820700CBF6FF02200002066
:108CC00010BD6FF01500FBE7F8B5941C0E46054685
:108CD00017460C446343B3F5004FA8BF4FF0FF3372
:108CE00010F003019CB203D0B0211420F7F75CFC14
:108CF000B4F5004F01D9B121F7E71422043002F096
:108D0000B8F8EF746C802E80F8BD023101444A43FC
:108D1000B2F5004FA8BF4FF0FF3290B21B3020F0E9
:108D20000300B0F5004F34BF00B24FF0FF30704782
:108D300003461830F0B59E88DD88B4B2C6F30E063F
:108D4000A54214D05F89DD7C845B3D44E41B023581
:108D5000A4B2354428440D88A54284BF0C80254622
:108D60005989B1FA81F149091170DD81F0BD002501
:108D70002846FAE7F8B582880026C38904460D46DE
:108D800092B20E60CBB14189C2F30E020B4418328D
:108D90009BB28718825A4381934204D94FF4A2713F
:108DA0001420F7F701FC04D1011DF7F775FD46818A
:108DB0002F6000230120E381F8BD1846FCE783887B
:108DC000014602899BB29A4202D00831F7F764BD8E
:108DD00070478388C0889BB2C31A58425841704775
:108DE000023070470729034670B504D84FF4EC7180
:108DF0001520F7F7D9FB0068C0B1446806461A6829
:108E00008C4210D0106860B901F10805AC420DD356
:108E1000546850501868651A5418006865605050BE
:108E200002E01346E9E7146830461C6070BD30B5B7
:108E300090B18478B1FBF4F304FB131300EB43020D
:108E400052898A4201D1D8B230BDC27822B900F12C
:108E50000803D0B2844201D8FF20F5E733F8025F5F
:108E600001328D42F5D1EFE78278038805324B431A
:108E700003EB42031844704737B500240546CDE99B
:108E800000448DF806006846ADF80440F7F7D8FEB8
:108E9000BDF8044008B103B030BD29462046F7F7BD
:108EA000ABFE0028EFD040F235211720F7F77CFB0E
:108EB00070B51E460D460921FFF727FF04463246CE
:108EC00009212846FFF721FF40EA04031B0454BF91
:108ED00000194FF0FF3070BD01230370704710B5CB
:108EE000FF238B70C2F3800301245B00DBB2CA183E
:108EF000127D032A08BF0133CA18147503F10C044C
:108F0000002201EB830321F814205B688A70036060
:108F1000828010BDF8B50C46054611461E4684F009
:108F200001046400E4B2FF23837003191B7D012B4D
:108F300005D00134E4B203191B7D012B0AD105EBE6
:108F400044073B8B3A8C9819904205DD00232C4452
:108F50003B8323750020F8BD05EB8404324660682E
:108F60001844FEF73DFC3B8B1E443E830023AB7050
:108F70000120F0E781F00101490010B5C9B2FF23DB
:108F8000837043181C7D012C07D10C3120F811206F
:108F900002221A750023837010BD0131C9B2431833
:108FA0001C7D012CF1D04FF499710920F7F7FCFAE0
:108FB000024630B5837803F0FF00F3B9137D022B2E
:108FC00019D0537D022B15D10346012089B100240D
:108FD000D5180C332C7522F81340131803241C7574
:108FE00002EB80035B680B6000F10C0332F8133076
:108FF0008B80012030BD0123E8E70020FAE703461B
:1090000030B5827802F0FF00E2B99A7D022A17D0CB
:10901000DC7D022C13D1032281B11D1900200C34F8
:10902000287523F8140098180324047503EB8200B4
:109030000C32406833F8123008608B80012030BD5C
:109040000324E9E70020FAE7037D012B01D1008B1F
:109050007047437D012B0CBF408B00207047837D00
:10906000012B01D1808B7047C37D012B0CBFC08BBE
:1090700000207047027D022A01D1008B7047437D9A
:10908000022B01D1408B7047032AF6D0032BF9D075
:1090900000207047827D022A01D1808B7047C37DFA
:1090A000022B01D1C08B7047032AF6D0032BF9D0D5
:1090B00000207047F7F796BEF7F7EABE002307B522
:1090C000CDE9003301238DF806306846F7F7B8FD87
:1090D00008B1002004E0009800F00BFF0028F4D055
:1090E00003B05DF804FB1FB5002240F6881303A906
:1090F0000092FCF7F1F805B05DF804FB10B5FFF73E
:10910000DDFF60B1F8F70CF8044601F035F840B91E
:10911000204601F02DF880F00100C0B210BD012002
:10912000FCE70020FAE7112243F239030270C27013
:109130005922A0F801308280C380002070470821A6
:1091400008B5F7F781FE002008BD10B504466FF0A2
:109150007F00FFF7C8FFFBF729F820707F20FFF79B
:10916000C2FFFBF723F86070002010BD0A4600F133
:10917000100108B5072301F0E6FD002008BD10B579
:10918000014604460020F8F701FB08B92060A080E2
:10919000002010BD10B50446F8F752FA28B9002097
:1091A0002146F8F7DBFA002010BDFFF7A7FF0028E3
:1091B000F5D10C20F8E710B50446FFF79FFF28B162
:1091C00001202146F8F7CAFA002010BD0C20FCE768
:1091D00010B50446F8F74EFA20600020616010BD1B
:1091E00037B50446F7F79CFF054623781F2B18D8A0
:1091F000816A04226846FFF772FE22460021A86AAF
:1092000012F8013BFFF786FE68B1AC6A2046FFF713
:1092100026FF002102462046FFF7ACFE002003B0E7
:1092200030BD1220FBE70720F9E737B50446F7F712
:1092300077FF054623781F2B18D8816A00226846DD
:10924000FFF74DFE22460121A86A12F8013BFFF705
:1092500061FE68B1AC6A2046FFF7F6FE01210246C6
:109260002046FFF787FE002003B030BD1220FBE749
:109270000720F9E7008808B50880002180B2F7F7D9
:10928000A5FC20B10021BDE8084001F018B902207A
:1092900008BD10B504460078FF280AD00121F7F771
:1092A00095FC58B16378A27843EA0223C383002077
:1092B00010BDB4F80100F9F7A9FCF8E74220F7E780
:1092C00010B5044604B910BD236898476468F9E7EF
:1092D00003680BB9016070471A465B6813B18A4294
:1092E000FAD170478A4218BF5160704708B5F9F744
:1092F00093FFF9F7EBFBBDE80840F9F775BF08B538
:10930000F9F7B4FBF9F75EFF20B140F26311932047
:10931000F7F74AF90120BDE80840FFF7ADBDFCF7BB
:10932000DBBC0B46892203F8032BD0F80920C1F8D7
:109330000320427B1A71704738B50D460446F8F792
:109340009FF92B78002B08BF034684F868306B78B0
:10935000002B08BF034684F869306B88A4F86A3094
:1093600038BD704730B542401C7808785D78604061
:109370004C786C409D7820448C786C40DD7820449B
:10938000CC786C401D795B7920440C7949796C402C
:109390004B40204418441044B0FA80F0400930BDDE
:1093A000024600200139C9B2FF2900D17047535C41
:1093B00083F001030344D8B2F4E708B5F8F70CFAD8
:1093C000082803D0BDE80840F8F728BA08BD08B55A
:1093D00001F0AAF818B1BDE80840FAF7BDBF0820AF
:1093E00008BDF8B505460C46D0E9047601F04AFA06
:1093F00018B952212920F7F7D7F8E4B1D5E90423A9
:10940000D21B63EB0603012A73F100014FF0000148
:1094100013DB6FF001009042994101DA5C21E9E72A
:10942000631E1344B3FBF4F35C43E41946F10006F6
:10943000C5E904461C462046F8BD0C46FBE7022958
:1094400005D13C2808D980100F3880B270477028A9
:1094500002D9C0100E38F8E700207047012908B57E
:10946000034605D002290BD0E7212920F7F79CF805
:1094700040F6C41040F2E242002B08BF104608BD7F
:1094800040F6C410FBE738B54FF426720D460021B4
:10949000044601F0EEFC6FF036020123A4F8AA5056
:1094A00084F863200422A37584F864206FF03B02E3
:1094B00084F8A83084F865206F2284F8662003229F
:1094C00084F86720002284F868206FF07F0284F817
:1094D00069202B2284F86220FE2284F89E207F22BD
:1094E000E27238BDC2B292FAA2F2030A93FAA3F36F
:1094F0001B0E100E40EA0320704701310530002298
:10950000C9B270B510F8013F8B4216D310F8054C64
:109510000023012505FA03F626421CBF01F1FF31A5
:10952000C9B269B10133082BF4D10132D2B2052A94
:10953000E8D19B214620F7F737F8C91AC9B2F4E7FA
:1095400003EBC200C0B270BD0B6870B5C0F801304B
:1095500004460B790546461D03F01F0343710023A3
:10956000C37215F8010F00F023FA6871B542E37A6F
:109570001844E072F5D170BD81EA114170B58CB22A
:109580000546C17A032682EA0400FFF7ABFF013EDD
:1095900000EB001016F0FF0604EB000290B2F4D1CD
:1095A00044402522B4FBF2F302FB1343C3F3C4028D
:1095B000D8B203F007032A445678012202FA03F3D3
:1095C0001E4207D161432846C1F30741BDE8704000
:1095D000FFF793BF70BDF8B590F8215004466B1E9D
:1095E000242B03D9E1214620F6F7DEFFDAB1807D96
:1095F000002843D194F8233094F8221002FB013262
:109600002523B2FBF3F103FB1123DBB204EBD302FE
:1096100003F0070684F82330D17D0122B2401142C5
:1096200002D084F82430F8BDB3FBF5F205FB123309
:1096300004F11B01013303F0FF0311F8012F9A42DB
:1096400019D311F8055C0022012606FA02F72F4211
:1096500008D0013B13F0FF0304D102EBC00284F8F1
:109660002420E0E70132082AEFD10130C0B20528FA
:10967000E3D1D721B7E79B1ADBB2F6E7E28804F122
:109680001600096AFFF778FF84F82400CBE7037817
:10969000890123F0400301F040010B430370704740
:1096A000037803F07F0343EAC113037070471F2A56
:1096B00038B50546144603D9A8212A20F6F774FFC9
:1096C00006340930FEF78CF86C7038BD1F2A38B5A7
:1096D0000546144603D9CA212A20F6F765FF063449
:1096E0000930FEF77DF86C7038BD0378024603F050
:1096F0000F03032B3ED0052B42D1C37F90F82000EF
:10970000034392F82100034392F82200034392F8A6
:10971000230000F01F00184333D05378222B2FD1A1
:10972000B2F81930B1B1B3F5506F13D940F6075103
:109730008B4225D8B2F81B30B3F5FA7F20D2B2F8AD
:109740001D0040F676430A3880B298428CBF002054
:1097500001207047991F40F67A4089B281420FD8A4
:10976000917D481E07280BD8994209D2B2F81710EC
:109770009942DEE74078A0F10C0358425841704707
:1097800000207047F8F744BA10B521B940F2A9217A
:109790001020F6F709FF4A600B72EFF3108472B6DF
:1097A000031D0B6042681AB1127A012A08BF0360D8
:1097B00003681960016004B962B6BDE81040F8F7AB
:1097C00071BA0222F8F732BB0322F8F72FBB04224A
:1097D000F8F72CBB0222F8F75FBB8D230B7030F833
:1097E000953CA1F8033030F8573CA1F8053030F82B
:1097F000533CA1F8073030F8553CA1F8093030F857
:10980000513CA1F80B307047012908B503D10E3047
:10981000C00080B208BD022902D10F308000F8E7F5
:109820004FF40C710620F6F7BFFE40687047C08AFF
:1098300070478A880B8910B5CC884988A0F85840B1
:10984000A0F85410A0F85620A0F85A3010BD0346D6
:10985000B3F84C10B3F85820914270B528BF1146A8
:10986000B3F85A40B3F85020B3F84850A242B0F8C9
:109870004260B0F8460028BF2246B3F84A40A3F839
:1098800042109442A3F8462038BF14468D4238BF98
:109890000D468E42A3F84A40A3F8485021D1801AC1
:1098A00018BF0120B3F84E10B3F85420B3F8566037
:1098B0009142B3F84050B3F8444028BF1146B3F882
:1098C0005220B242A3F8401028BF32468D42A3F87E
:1098D000442008D1944218BF40F0010000F001007C
:1098E00070BD0120DEE70120F8E738B5C58B0446DE
:1098F000438C007A9D4228BF1D46FFF785FF638990
:10990000AB4228BF2B46984238BF184680B238BDBC
:109910002DE9F041984607460E46808919461446BF
:10992000FFF772FF054641463846FFF7DEFF8542E6
:109930009DF8181028BF0546B88AFFF765FFFB8A17
:10994000ADB2834228BF0346A01D9BB230442B44D6
:109950001844BDE8F08107B590F86D3000229621DB
:109960003430009390F83830FFF7D2FF03B05DF841
:1099700004FB38B514460D4619469634FFF7EBFF45
:109980002044A84294BF281A002038BD38B50D469F
:1099900011460446FFF7DFFF2844A06338BD01F1FC
:1099A0009C0383423DBF9C38401A4008002070470A
:1099B00000F05503400800F05500034403F0330065
:1099C0009B0803F03303034403F00F0000EB131074
:1099D0007047036800229A7383F84A20A3F8462050
:1099E000704703680022A3F84E2093F850200132FC
:1099F00083F850207047026808B592F85030013B58
:109A00005BB2002B82F8503003DA52214A20F6F77D
:109A1000CBFD08BDA0F10903042B09D9A0F1460331
:109A2000012B05D9233807288CBF0020012070475F
:109A3000012070470268136810B513F0080408D1BC
:109A400043F0080382F898101360FFF7CAFF20461E
:109A500010BD0120FCE730F8023CF7B505460E4684
:109A6000B0F8827073B101226846ADF801708DF8CC
:109A70000020ADF80330F7F7F3FB18B19521632010
:109A8000F6F792FD83230024A6F803703370B470B8
:109A90006B7AD5F898007371FFF79BF908B9BA2172
:109AA000EDE721463846F7F7A7F84FF40173204653
:109AB00003F004021B0A62F3070063F30F2003B0F4
:109AC000F0BD0B46822203F8032BD0F80920C1F821
:109AD0000320D0F80D205A60427C1A720023CB700C
:109AE00070473E230B700C234B7004238B70D0F80F
:109AF0000930C1F80330D0F80D30C1F80730B0F8A4
:109B00001130A1F80B30C37C4B73704787230B7067
:109B100030F88C3C4B807047036800209A7B0E2AFB
:109B200001BF002283F83E2083F84A209A737047D1
:109B300010B5D0E90D42A24206D38B8C121B498E80
:109B400005334B43934202D3012380F83E3010BDCE
:109B500010B50B7901284C790A6843EA04211046B4
:109B600008BF41F4803110BD07B5FFF7F1FF0DF1DB
:109B70000702F8F75DFB03B05DF804FB002307B5AF
:109B800001A80193FBF778FB019810F0030018BFC0
:109B9000012003B05DF804FB08B5FFF7EFFF0028D4
:109BA00014BF1420002008BD10B5FBF74FF9044680
:109BB000FFF7F2FF4FF47A7204F54443A4304933BF
:109BC000B3FBF2F3184410BD10B5044690F86D00D5
:109BD000FFF7EAFF012201462046BDE81040FFF7EB
:109BE000D5BE7FB5044618B9A5213020F6F7DCFCB8
:109BF000052900F2B580DFE801F003AE2A25B3A9FC
:109C000090F80032C288A3B1B0F8FE31934208BF89
:109C1000B0F8B4319A1AA0F8B621E3802046D4E90E
:109C20009023C4E99223F9F78FFE94F84C3004B0E6
:109C300070BDB0F8FC319B1AA0F8B631B0F8FC3119
:109C40009BB2EAE704B0BDE87040FBF773B800F0E0
:109C5000F5FCD4E99223801A61EB0301012871F12C
:109C6000000302DA40F20161BFE76FF001038342B3
:109C70004FF000038B4102DA40F20261B5E7D4F8FD
:109C8000C4300BB1B0FBF3F3E17BB4F8FE210C2937
:109C900031D10132A4F8FE21B4F8623203AEE58876
:109CA0000133A4F86232B4F842301D44B4F84030B5
:109CB000013DED1AADB2B4F8FE116B1A180434D49C
:109CC0000023204600961A46F8F752FB0128AED131
:109CD000B4F8FE21B4F8B011BDF80C301344521A98
:109CE00012049BB204D5EA1A12F4004F18BF0B46B7
:109CF000A4F8FE31DFE7E1880B449BB2D11A0D04D2
:109D00004BBF013301329BB293B2A4F8FE3194F8F9
:109D10000132002BC0D1B4F8B431B4F8FE21934223
:109D200004BF0133A4F8FE31B6E7A37C30460394A8
:109D3000002B14BF08233E2384F83130F8F7C8F90C
:109D4000204600F0B1FB0023637370E704B0BDE868
:109D50007040FFF7B1B9437B042BF4D0C62144E730
:109D6000CB2142E7D0F8E800704738B5044690F8B8
:109D700028319BB1FF2380F83031012100F015FA22
:109D800094F8283153B104F1C005284600F07BFC5B
:109D9000284600F084FC002384F82831002038BDD8
:109DA00008B590F8302142B990F8EC2042B1D0E9E2
:109DB0003C31994202D9F9F763FB0022104608BDF5
:109DC0000122FBE710B50446FFF7E6FE00F2591149
:109DD000E269636B9A4228BF1A461046FFF7DFFD1F
:109DE00040F64803984228BF184680B210BD70B5AF
:109DF000044621B1012978D040F2D37172E000F01D
:109E000007F994F8293105460E46DBB150EA010303
:109E100018D0D4E93E32D4E94601C01A334661EB8A
:109E200002012A4600F0DCFF05FB01F300FB0633CC
:109E3000A5FB00021344D4E93E21121843EB0103B1
:109E4000C4E93E23E08B30B1F8F738F8E38BB0FB80
:109E5000F3F202FB1300D4E93E32ED184FF0000399
:109E600046EB02062D1840F2024284F8083146F112
:109E7000000684F82931A4F81021C4E93E56C4E94B
:109E8000465694F8303103F0FF01DBB96FF0004320
:109E9000D4E948029A4208BFB0F1FF3F18D02046EB
:109EA000D4E9465600F0A9F8AE30D4E948325B1B3D
:109EB00062EB06021B1A62F10002002A08DA204651
:109EC000F9F7DEFAFAF704FEBDE87040FCF74CBE85
:109ED00004F5847104F1C000FCF75AFE0028F1D1AA
:109EE0004FF4E0613020F6F75FFB002380F8EC30A0
:109EF000E8E790F82801003818BF012070470B46AA
:109F00008C2203F8032BD0F80920C1F80320D0F8E5
:109F10000D205A60704738B588220B460C4603F86E
:109F2000032B00F10902293052F8041B824243F846
:109F3000041BF9D1127800211A700123A588A3719E
:109F40002846F6F743FE58B1E3784BB10021284686
:109F5000F6F752FE20B140F233212D20F6F724FB14
:109F600038BD0121F9F72CB8FFF7FBBF90F872302C
:109F70000BB10120704790F8AA2002F0FF03002ADD
:109F8000F7D190F89C201846704737B50D464FF42E
:109F90009C720021044600F06CFFFF232370132302
:109FA000638042F21073E383F6F7EEFE002201466F
:109FB000A0626846FEF793FFA06A00220121FEF727
:109FC000D9FFA16A68460422FEF789FF0022A06A31
:109FD0001146FEF7CFFF04F12000A57403B0BDE8E1
:109FE000304000F019B9FF23886A0B70FEF774BF88
:109FF0000078FF3818BF0120704710B504462030A4
:10A0000000F05AF928226188F9F76AFA6D3010BD1C
:10A01000D0E9020170472DE9F04F07468FB00C469A
:10A02000064606AD0DF110080FCF0FC597E80F00DB
:10A0300085E80F00404600F0EFF8677894F8149038
:10A0400007F07F0594F80AA0B9F1010F94F800B069
:10A050002F4607D0B9F1020F04D040F2123106208A
:10A06000F6F7A2FA617A404600F0DDF8237D227F00
:10A070004046022B02F101020CBF617D0121D2B2E8
:10A0800004BF0131C9B200F0D0F815F0080360D167
:10A090004046019300F010F928223946F9F720FADA
:10A0A00040F2712100F28622E5782079019B45EA91
:10A0B00000256079B2FBF1F245EA00454A434D4381
:10A0C000AA420AD9E079A57945EA0025207A45EA2D
:10A0D00000454D43954228BF1546227E0393531EEB
:10A0E000A17CB06A5A4202915A410192FEF7C2FF26
:10A0F000B06AFEF7CFFF039B019A0299ADF81A7080
:10A1000006AF8DF818B0089535468DF828208DF8E3
:10A110002B108DF82CA08DF81C9009930FCF0FC534
:10A1200097E80F0085E80F0098E8030030620020F0
:10A13000B184E37A03F0FD03003B18BF012386F8E6
:10A140004F30E3683365238AA6F854300FB0BDE87A
:10A15000F08F00252B46C0E74FF40043C3844388AB
:10A160001D2B08BF00214174704790F91200704701
:10A17000408800F0010070478078C0F340007047CD
:10A180008078C0F3C000704790F84830816181F852
:10A19000B330D0F84930C1F8B430B0F84D30A1F840
:10A1A000B83070477047F8F781BD80F86810704785
:10A1B0008278034612F0010002D0D978C90710D581
:10A1C000900702D5D97889070AD512F0040008D083
:10A1D000D878C0F3800080F001008000C0B27047E2
:10A1E00002207047C0F34002C0F3800300F001007A
:10A1F000134418447047022808B507D0042807D034
:10A20000012807D039212E20F6F7CEF9262008BDE7
:10A210002720FCE72520FAE70023C0F802300123BD
:10A220004370037070478170704710B542701446D8
:10A2300001708078FFF7D6FF484304FB00F2FE2A46
:10A2400003DD5C212E20F6F7AFF910BD0023C370AB
:10A2500043710371704710B50446FFF7A9FF637996
:10A2600062780133DBB29A4263710CD1E378002249
:10A27000A17803436271DBB29942E37001BF237995
:10A28000E27001332371BDE81040FFF7B4BF38B569
:10A2900004468078FFF7A6FF0146E078FFF7A2FFAB
:10A2A0002378227965789B1A6B4359436379C91ADD
:10A2B00000FB1510C0B238BD014608B58078FFF725
:10A2C00091FF4A780B7853435843C0B208BD40F21F
:10A2D000EE20704740F25A335843704738B50E3875
:10A2E000136814460D469A7B09283ED8DFE800F033
:10A2F000053D3D3D0F3D183D3D27042A05D1204633
:10A30000FFF767FB2046F7F72DFF002038BD0E2A28
:10A31000FBD1002220461146BDE83840FFF7FCBBC8
:10A32000202AF2D12046FFF754FB002DEDD0226801
:10A3300092F8623023F0200382F86230E5E7DA7B9E
:10A34000262AE2D100252046DD73FFF754FB23685F
:10A3500093F82C31012B03D129462046F7F7B2F9A7
:10A360002368002283F82C21CFE740F262213120BC
:10A37000F6F71AF908B50368DA7B172A04D040F219
:10A380007E513120F6F710F91D22DA7308BD08B5A9
:10A3900090F89E30FE2B04D040F66F113120F6F776
:10A3A00003F9002380F89E1080F89F3012B9A0F8BE
:10A3B0004E2008BDA0F84630012380F84A30F8E767
:10A3C00008B50368DA7B342A05D10022DA73BDE8C8
:10A3D0000840FFF710BB172A02D11D22DA7308BD0F
:10A3E00040F293513120F6F7DFF808B503689A7B05
:10A3F000082A0AD193F8991093F8A020914204D129
:10A4000000229A7383F84A2008BD1A68110706D5FE
:10A4100022F008021A60BDE80840FFF7ECBA4FF4DA
:10A42000AF613120F6F7C0F8037D63B9C37BA3F1B8
:10A430000F02032A07D990F8520028B11F2B8CBFB6
:10A4400000200120704701207047024600684978CB
:10A45000837B202B13D00AD8042B12D00E2B12D0C2
:10A46000C37B262B0CBF1720FE20F9F7A1B92A2B9E
:10A4700003D02C2B09D0242BF2D11620F5E7142081
:10A48000F3E70E20F1E71220EFE72320EDE7024685
:10A4900000680B4690F8621041F0040180F86210E9
:10A4A00099785878F9F784B90022C281827490F8BB
:10A4B0004C3013B10221F8F723BB0321FBE738B579
:10A4C00004460846E37B03F0FD0394F8682212B1CA
:10A4D0000C25284638BD152BFAD194F8843203F0A8
:10A4E000FF05002BF4D191B194F8D63123B940F691
:10A4F0006C313120F6F758F8052304F1800204F599
:10A50000E37100F020FC012384F86832E1E70223C4
:10A51000FAE708B5FAF72CF9F9F742FFF9F770FEF8
:10A52000BDE80840FAF752BD10B5C824F9F7FCFEA3
:10A53000022808D1013C14F0FF04F7D10620F7F7F8
:10A5400087FC204610BD431E58425841FAE710B51B
:10A55000FAF726F9044600F01DF9201841F1000130
:10A5600010BD19B943780BB1C3788370704710B52B
:10A5700004460846FAF76AFC4FF47A73B0FBF3F02E
:10A58000201A10BD10B504460846FAF75FFC4FF4D8
:10A590007A7200F2E733023CB3FBF2F3E01A10BD2B
:10A5A00000F038B8801A00F3070038B50D4614469D
:10A5B00059B240B2FAF716FF0023287020446B709E
:10A5C00040B238BD002303607047704700207047D9
:10A5D0004FF0FF3070474FF0FF30704770474FF03B
:10A5E000FF30704700207047002070470023037041
:10A5F00070479DF800300022FFF7D4BF4FF0FF30C6
:10A600007047002070474FF0FF3070474FF0FF3029
:10A610007047704770470020FAF73ABF0020FBF7F9
:10A6200027B80020FBF738B80020FAF731BF704791
:10A63000FBF77EB8FBF790B8FBF780B8FCF7E0BCFF
:10A64000FCF7ACB9FCF7C2B9FCF704BD00F03CB9AB
:10A65000FCF7F6BCFCF7E6BC10B5837F8BB903466C
:10A6600001F1180251F8044B914243F8044BF9D11F
:10A67000012484772146FBF7C3FBFCF781F92046D0
:10A6800010BD0020FCE710B504460221FBF7B8FB23
:10A69000FCF776F9A07FB0FA80F0400910BD38B51C
:10A6A0000446A37F03B938BDA37F032B02D0A37F49
:10A6B000042B0ED1EFF3108572B62046FBF7BEFDDA
:10A6C00005B962B6A37F002BEDD0FF210320FCF774
:10A6D0008BFEA37F012B02D14FF48271F6E700F0CD
:10A6E0003CFBDEE7F8B50746FCF7B8F9044620B9AD
:10A6F00040F229110320FCF777FEFCF7B5F9A468B6
:10A7000000252418384641F1000622463346FBF75F
:10A710001DFEA04271EB060309D3001B6FF001037D
:10A7200061EB0601834275EB010102D3F8BD2846B7
:10A73000FCE74FF0FF30F9E72DE9F04104460F4602
:10A74000FCF78CF9064620B94FF4A3710320FCF7FF
:10A750004BFE8568002362195B4113B10020BDE800
:10A76000F081FCF781F92A18384641F1000314EB17
:10A77000020843F10005FBF7E9FD4045A941EDD38F
:10A78000FCF73EFC00F05FF8B36801203775234406
:10A79000B360E4E7FCF768B980687047F8B503690F
:10A7A000044623B14FF4D1710320FCF71DFEFCF7E2
:10A7B00027FC05460E46FBF779FA70B36435D4E9F9
:10A7C000003246F10001AB4272EB010001D22B4690
:10A7D0000A46C4E90032EFF3108572B6FCF73EF981
:10A7E000064698B1FCF740F9B3680B332CBF012241
:10A7F00000221B18D4E9006042EB0101B34271EB67
:10A8000000023CBF33460146C4E9003105B962B6D7
:10A810002046BDE8F840FBF70FBEFBF767FA074696
:10A82000FCF730F9B84238BF3846963546F1000299
:10A830004319D4E9000142F10002834272EB0105A1
:10A84000C7D20346C4E7FBF7F5BB032910B504469E
:10A8500006D801290ED840F25D11B020FCF7C4FDE6
:10A860000429F8D1FBF7E2FA20B12046FBF762FE9B
:10A87000022010BD0020FCE7C0E9081220220021C0
:10A8800000F0F7BA10B5037886B0044623B14FF450
:10A89000AB714520FCF7A8FD0593CDE90333D0E962
:10A8A0000423CDE9002343680293037A68468DF8B8
:10A8B0001430FFF773FF0120DDE90023C4E904230E
:10A8C00006B010BDFCF736BA10B5029C241841F151
:10A8D0000001A01A61EB0301B0F1004F71F100011A
:10A8E00003DBAA210420FCF77FFD10BD08B500237F
:10A8F0000B8581F82A300B6A0921984728B1037823
:10A900001BB1E9216A20FCF76FFD08BD436A1944B9
:10A910004162A1F19600FFF793BEF8B5044620B955
:10A9200040F2AD116A20FCF75FFD90F85850052900
:10A9300000F2C780DFE801F0038043656F7990F88B
:10A940002A30033B012B02D94FF4DC71EAE70523DF
:10A9500080F82A30002380F859300378EBB123784F
:10A96000012B24D1FCF774F9636894F828606362C2
:10A97000C4E90601F6B9FFF76BFE31462046FFF742
:10A98000C5FF236A31462846984701462046FCF712
:10A9900015FC022840F09880F8BDFFF74FFE0746EF
:10A9A0000E46FCF755F987428E41F6D3D7E7D4E936
:10A9B0000401D9E72046BDE8F840FCF7CBBB90F88E
:10A9C0002A30DA1E012A02D940F2ED11AAE790F8E6
:10A9D00028202AB121462846BDE8F840FFF786BF67
:10A9E000042B036A18BF012180F82A10052128468C
:10A9F00098470028D0D00378002BCDD04FF40071B9
:10AA000090E790F82A30052B02D040F2062189E722
:10AA1000036A0221B7E790F82A30052B02D04FF4E1
:10AA200003717FE7036A0121ADE790F82A30052B17
:10AA3000C0D040F2122175E790F82A30052B07D0DC
:10AA400090F829200AB1032B02D040F2172169E7C0
:10AA500094F82820002ABDD194F8593083B10223FC
:10AA60000821284684F8592084F82A30236A984718
:10AA7000002891D00378002B8ED040F2232151E79B
:10AA800094F8292062B1214604F1300084F829307D
:10AA9000FCF77EF800287FF47FAF4FF40A7141E79E
:10AAA00002230721284684F82A30236A9847002881
:10AAB0003FF472AF0378002B3FF46EAF40F22F21CA
:10AAC00030E74FF40D712DE70128236A0CBF0421F4
:10AAD000032158E770B50024FCF72AFC05462646FA
:10AAE000E0B2854200D870BDFCF728FC0134068531
:10AAF00080F82A60F4E7F8B504460D460027FCF715
:10AB000017FC0646F8B2864204D8082D0CD96FF01F
:10AB1000150008E0FCF712FC90F82A300137002BF2
:10AB2000F0D04FF0FF30F8BD2CB129462046BDE8EB
:10AB3000F840FCF70FBC21462046F8E710B5044664
:10AB4000FCF7FCFB014688B190F828308BB990F8EF
:10AB50002A3073B1013B012B04D82046FFF7C6FE13
:10AB6000002010BD012380F82830F9E76FF00100C4
:10AB7000F7E76FF02200F4E770B50D46FCF7DEFB57
:10AB8000044600284CD090F82A60731E012B4DD843
:10AB9000002D48D02846FCF7B1FA002843D02B7886
:10ABA0000BBB012323702B796A79003B18BF01236B
:10ABB000002A14BF0422022243F004032272AA686E
:10ABC000A5326260EA68637203232261214604F1C0
:10ABD000300084F82A30FBF7DBFF50BB40F2C12184
:10ABE0006A20FCF701FC022E20D1002323702B7970
:10ABF0006A79003B18BF0123002A18BF042643F0DE
:10AC000004032672EA686372A532A9686260D4E917
:10AC100006325B1842EBE172C4E904320423D5E743
:10AC20006FF0010070BD6FF01500FBE76FF02200C0
:10AC3000F8E70020F6E7F8B5037904461BB11B21BD
:10AC40009D20FCF7D1FB4679017126B901234371A0
:10AC5000217909B96171F8BD276820462671B84786
:10AC600002280546F4D103212046B84708B12F2118
:10AC7000E6E723682946204698470028E8D0302197
:10AC8000DEE70346006800B970478842F9D10268E0
:10AC90001A60704701F11003013813F8012D8B423F
:10ACA00000F8012FF9D170472DE9F04713F0010F9B
:10ACB0008EB004460D4617469A46DDE9168924D023
:10ACC00006A8FFF7E7FFA30735D002AA04F1100595
:10ACD0002068083454F8041C1346AC4203C31A46D7
:10ACE000F6D106AD02AC1AF0020F4346CDF8009043
:10ACF00023D0294620460AAAFCF720FC0AA9384698
:10AD0000FFF7C8FF0EB0BDE8F08713F0040F0DD1B8
:10AD100006AB0E4601F1100C1D463068083656F899
:10AD2000041C1A46664503C21346F6D1214602A802
:10AD3000FFF7B0FFD6E706ADD5E73A4629462046ED
:10AD4000FCF7FCFBDEE713B50024CDE90044FFF778
:10AD5000ABFF02B010BDFCF7F5BC20BF704720BFB1
:10AD600070479142F8B503D373219620FCF73CFB62
:10AD7000B2FA82F33BB1C3F1200499409A4020FA21
:10AD800004F4984021434FEA124C93B2040C87B26A
:10AD9000B1FBFCF50CFB151E05FB03F64FEA0E4E4E
:10ADA0000EEB1040864205D9361A964294BF012612
:10ADB0000226AD1B04EB0141280405FB1211B1FB77
:10ADC000FCF40CFB1411634307EB0147BB4205D9AC
:10ADD000DB1B934294BF01230223E41A2043F8BDF6
:10ADE0002DE9F0411D4607460C46164652EA05037A
:10ADF00003D1A6219620FCF7F7FA85B9914204D237
:10AE0000FFF7AFFF2946BDE8F08108462946FFF766
:10AE1000A8FF05463246384606FB1541F0E7B5FA6D
:10AE200085F80123400803FA08F3C8F11F0840EA37
:10AE3000C470A3FB0212610803FB0522FFF791FF18
:10AE400030FA08F04FF0000102D0013861EB010147
:10AE500000FB05F3A0FB062C06FB0133BF1A63447D
:10AE600064EB0304B742AC41CDD3013041F10001A2
:10AE7000C9E7F0B5C9B20446A30726460ED14FF084
:10AE8000013522F003034D43E718BC420CD1334493
:10AE900002F003021A44934209D1F0BD002AFCD00B
:10AEA000013A04F8011BE7E744F8045BEDE703F817
:10AEB000011BF0E700280CBF6FF015000020704761
:10AEC0000020704707230370002070470020704760
:10AED0000020704710B500210446FDF7ABFC20B9F7
:10AEE0002046BDE81040FDF77BBD04F10040FDF7B2
:10AEF00077FD404261EB410110BD2DE9F0478C46E2
:10AF00008E46089E154604461946002B40F0D08018
:10AF1000724547D9B2FA82F74FB1C7F120030EFA52
:10AF200007FCBD40BC4020FA03F343EA0C0C4FEA97
:10AF3000154EA8B2230CBCFBFEF80EFB18CC08FB88
:10AF400000F943EA0C43994528D9EB1808F1FF3280
:10AF500004D2994502D9A8F102022B44A3EB0903BC
:10AF6000A4B2B3FBFEFC0EFB1C330CFB00F044EA66
:10AF70000344A04214D92C190CF1FF3304D2A0428F
:10AF800002D9ACF102032C44241A43EA02401EB158
:10AF9000FC40002334607360BDE8F0874246DDE783
:10AFA0006346F1E7002A79D0B2FA82F3002B3FD052
:10AFB0001946C1F1200302FA01F500FA01F42EFA54
:10AFC00003F20EFA01FE20FA03F3AFB243EA0E03D6
:10AFD0004FEA154EB2FBFEFC0EFB1C201A0C0CFBBC
:10AFE00007F842EA004290455AD9AA180CF1FF30FE
:10AFF00004D2904502D9ACF102002A44A2EB080227
:10B000009BB2B2FBFEFC0EFB1C220CFB07F743EAD3
:10B0100002439F4246D9EB180CF1FF3204D29F4203
:10B0200002D9ACF102022B44DB1B42EA004202E0EF
:10B03000AEEB020301224FEA154EAFB2200CB3FB78
:10B04000FEFC0EFB1C330CFB07F840EA034398455B
:10B050002AD9EB180CF1FF3004D2984502D9ACF193
:10B0600002002B44A3EB0803A4B2B3FBFEFC0EFBCF
:10B070001C330CFB07F744EA0344A74216D92C19EA
:10B080000CF1FF3304D2A74202D9ACF102032C44E5
:10B09000E41B43EA00400F46114678E71F2188E78A
:10B0A0006046ABE76246BFE76046DBE76346EFE733
:10B0B000734506D916B9002108466DE7C6E9000EAA
:10B0C000F9E7B3FA83F787B9734501D3824207D80A
:10B0D000841A6EEB030301209C461EB900215BE736
:10B0E0003846FAE7C6E9004CF8E7C7F1200CBB4048
:10B0F00000FA07F422FA0CF520FA0CF1BA401D43CD
:10B100002EFA0CF30EFA07FE4FEA154941EA0E013A
:10B110001FFA85FEB3FBF9F809FB18300B0C08FB8E
:10B120000EFA43EA00439A4540D9EB1808F1FF3084
:10B1300004D29A4502D9A8F102002B44A3EB0A03DA
:10B1400089B2B3FBF9F809FB183308FB0EFE41EA9C
:10B1500003418E452CD9691808F1FF3304D28E457E
:10B1600002D9A8F10203294443EA0040A1EB0E01F1
:10B17000A0FB02984145CE46434602D306D14C453A
:10B1800004D20138B9EB020E68EB0503002EA5D0FE
:10B19000B4EB0E0261EB030101FA0CFC22FA07F397
:10B1A000F9404CEA0303C6E9003197E74046C5E79A
:10B1B0004346D9E70000000000232DE9F04FA649DF
:10B1C000BDB0A648199309F02BFD19A804F01CFA8C
:10B1D0000146002858D119998D0646D5A04809F096
:10B1E00031FD04F04DFA9F4D9F4CAE682846336800
:10B1F00098471F284AD8202200219B480EF0BFFE06
:10B200000DF06BFBD4E902C6984A994B871841F1BF
:10B210000005C01841F10001674575EB060638BF0F
:10B22000C4E90275CDE91523D4E90423904271EBFA
:10B23000030338BFC4E904018E498F4801F0E4FBE1
:10B240008E498F4801F0E0FB8E498F4801F0DCFB0E
:10B250008E480EF081F848BB8D4809F0F3FC6FF082
:10B2600012018C4809F0DCFC4FE00C0501D58A483E
:10B27000B5E7080601D58948B1E719B1884809F052
:10B28000CFFCAEE78748AAE78748F8E720232246A5
:10B29000002128467668B0470028ACD11821204606
:10B2A0000BF0C6F8A3699842AAD0A4E705214FF491
:10B2B000202276480AF0EFF8011ED2DB00214FF47D
:10B2C000202272480AF0E7F8011ECADB03214FF47E
:10B2D00020226E480AF0DFF8011EC2DB01214FF484
:10B2E000C0226A480AF0D7F8011EBADB02214FF4E7
:10B2F000C02266480AF0CFF8011EB2DB04216B4A77
:10B3000062480AF0C8F8011EABDB69480EF024F869
:10B3100048B30921674A66480AF0BDF8011E02DAFF
:10B32000654809F07DFC002401230DF19905CDF855
:10B330009940AC808DF898302CAE0821304604F04E
:10B340004BF90528014611DC5C4809F069FC002036
:10B3500002F0F8FF0446E0B10146594809F060FCEC
:10B3600001200AF029FB6FF01201D9E72C98B3886D
:10B37000CDF89900AB809DF89E30214663F03F03E5
:10B3800026A88DF89E3003F04BF9011EDFDA4D48F8
:10B39000DBE719994C4809F043FC05F049FB4FF0F5
:10B3A000FF334FF0000AA346484ACDE90944CDE9EE
:10B3B0000F23CDE90744CDF848A0CDF844A003946D
:10B3C0000DF08BFA284BCDE90B019A6800211392FE
:10B3D000DA682CA814921A695B690D9240220E93C8
:10B3E0000EF0CDFD3A480CF0BFF8071E0DDA3946D5
:10B3F000384809F015FC3946374809F011FC00219E
:10B4000047F612200EF00FFADAE705200AF073F87B
:10B4100046F212430225ADF8903024AB26932795CF
:10B420008DF8A0502D4E9DF8A030D6F808902B43F3
:10B430008DF8A030D9F808706A230122304626A979
:10B44000B847071E4EDA3946254809F0E9FB20487F
:10B450000CF0BAF8CFE700BFCDB90100DDB90100AB
:10B460001CBA0100E4A201007816002000E9A4350E
:10B4700000A493D6E9BA010040B30100F1BA01007B
:10B4800038B30100FABA010030B30100C4A20100D0
:10B4900004BB010015BB01002FBA010057BA01001F
:10B4A00077BA010094BA0100BFBA01002000010080
:10B4B00084A201001100010047BB010087BB01000D
:10B4C000FBBB0100C7BB01002ABC010060F0FFFF0D
:10B4D00084A401005CBC01004EBD010084A30100F6
:10B4E0008BBC01004FF015038DF863300DF1630341
:10B4F000269300234FF001088DF8A03022ABCDE950
:10B5000029380723CDF89C808DF8AC309DF8AC30FD
:10B510002A4643F002038DF8AC30D9F808706A234C
:10B52000304626A9B8470746F0B99DF8882042F072
:10B5300010039A421DD04FF015028DF8913024ABC4
:10B540008DF89020CDE926358DF8A0509DF8A030DB
:10B55000424643F002038DF8A03030466A23D9F802
:10B56000085026A9A8470746002F02DA394619488D
:10B570006BE719480DF0F0FE50B917480DF0E3FEE7
:10B58000071E05DA17F1780F02D0394613485CE739
:10B59000D0230026CDE920360F4DAB681F684FB190
:10B5A00032460321284620ABB847071E05DA394644
:10B5B0000B484AE76FF05707F9E7062009F09BFFB1
:10B5C0000321284609F082FF071E0DDA3946054897
:10B5D0003BE700BFB5BC0100C4A40100DFBC010013
:10B5E00005BD010027BD010031461AAA284609F011
:10B5F00070FF01211CAA284609F06BFF1EAA022138
:10B60000284609F066FF1B98FCF722FFB649FDF7B4
:10B6100027F806461A98FCF71BFF01463046FCF750
:10B6200063FE06902C901D98FCF712FFAE49FDF7C3
:10B6300017F806461C98FCF70BFF01463046FCF74E
:10B6400053FE05902D901F98FCF702FFA649FDF7C9
:10B6500007F806461E98FCF7FBFE01463046FCF74D
:10B6600043FE0123139A8DF8BC300B9B0490934248
:10B670000C9B149A2E9093413AD30C21284609F042
:10B6800025FF002840F020810C21284626AA09F039
:10B6900020FF0646002840F017812798FCF7D8FEC7
:10B6A0009149FCF7DDFF05462698FCF7D1FE0146DF
:10B6B0002846FCF719FE8D49FCF71EFF4FF0474165
:10B6C0000546FDF7B7F8002840F0FB80284688497A
:10B6D000FDF7CEF8002800F0F2808548FDF7D2F89B
:10B6E00000B2B6FA86F67609ADF8C0008DF8C260F1
:10B6F0000DF1C6030093049A0599069831AB01F049
:10B70000A5F8002C2CD011990698FCF7EBFD1299A6
:10B7100004460598FCF7E6FD514605460498FCF7FB
:10B72000E1FD214606462046FCF7E6FE2946044692
:10B730002846FCF7E1FE01462046FCF7D5FD3146E0
:10B7400004463046FCF7D8FE01462046FCF7CCFD07
:10B750000EF0A2FC6749FDF78BF8041E18BF012408
:10B76000BDF9C430644A11931199B2F902308DF8D1
:10B77000C840CB1A002BB8BF5B42142B00F3A88043
:10B78000BDF9C630B2F904209B1A002BB8BF5B424A
:10B79000142BD4BF002301238DF8C93009F09CFE7F
:10B7A0000B9B0D9A054693420C9B0E9A0E469341B5
:10B7B000CDE9340180F08E80BDF8C830002B00F058
:10B7C0008C800F9BC21A109B61EB0303B2F57A6F5A
:10B7D00073F10003ACBF4FF001084FF00008474A77
:10B7E000474B12688DF8CA8003EBC20153F8322030
:10B7F0004B6852EA030172D04EF66021AA1A66EB3A
:10B8000003038A4273F10003B4BF4FF0010A4FF003
:10B81000000AD1468DF8CBA0B8F1000F14D0B9F1D1
:10B82000000F11D1012000F0F5FF0721354809F084
:10B830004DFE071E70DA484600F0ECFFADF8EC90C4
:10B84000012337978DF8D8302F480BF0BDFEB8F1A3
:10B85000000F40F03181002C00F04D82DDE909320B
:10B86000134300F099820023A346CDE907330393E5
:10B870000B9B139A93420C9B149A9341C0F019832B
:10B880009DF8C2400CB1BDF9C04020480DF064FDE8
:10B89000002840F0B6821D480DF055FD011E80F2D3
:10B8A000B08211F1780F00F0AC82194809F0B8F9B4
:10B8B000184809F0C7F9002318461A46C9E2284675
:10B8C0000CE74FF0474009E700206FF0040608E757
:10B8D000012361E74FF0010881E798467FE74FF0C9
:10B8E0000009CA4696E700BF002474490000C84218
:10B8F00000FEFF469A99993E78160020E01D002030
:10B9000020160020C4A4010084A40100A4A4010006
:10B91000ADBD0100D7BD0100042122AA5D4809F098
:10B92000D8FD052124AA5B4809F0D3FD26AA0621EB
:10B93000584809F0CEFD2398FCF78AFD5649FCF7DC
:10B940008FFE07462298FCF783FD01463846FCF738
:10B95000CBFC5249FCF7D0FD389017902598FCF7A6
:10B9600077FD4D49FCF77CFE07462498FCF770FDF7
:10B9700001463846FCF7B8FC4849FCF7BDFD399054
:10B9800012902798FCF764FD4349FCF769FE0746CF
:10B990002698FCF75DFD01463846FCF7A5FC3F49BB
:10B9A000FCF7AAFD07463A90484600F033FF179B84
:10B9B00019461846FCF7A0FD129A8146114610461A
:10B9C000FCF79AFD01464846FCF78EFC3946814655
:10B9D0003846FCF791FD01464846FCF785FC0EF021
:10B9E0005BFB2F49FCF788FD00218146FCF722FF15
:10B9F000002847D148462B49FCF73AFF00283FD0A2
:10BA00002848FCF765FFADF8EC0009F065FD264B12
:10BA100081461291D3E9000150EA010329D0129B1B
:10BA2000B9EB000063EB0101FCF728FD1C49FCF7B2
:10BA300017FE3946FCF760FD1C49FCF75DFD1C4B09
:10BA40000746B3F90600FCF703FD01463846FCF74C
:10BA50004BFC4FF047410746FCF7ECFEB0B93846C7
:10BA60001449FCF705FF78B11248FCF70BFF104BA7
:10BA7000D8800D4B129A0027C3F800905A60DFE679
:10BA80004846BEE70020BCE73846EEE74FF04740A7
:10BA9000EBE700BFC4A4010000247449E12E654215
:10BAA00000007A4400FF7F4770160020000020410C
:10BAB0007816002000FEFF46BAF1000F7FF4CBAEEF
:10BAC0000B9B0D9A93420C9B0E9A934180F0F88049
:10BAD000BD4BBE4A002C18BF1346224621462CA857
:10BAE00000F012FF9DF8D830002B00F0EB80DDF85D
:10BAF000DC900699BDF8EC800846FCF7FDFC059942
:10BB000007460846FCF7F8FC01463846FCF7ECFB14
:10BB1000049907460846FCF7EFFC01463846FCF757
:10BB2000E3FB0EF0B9FAAA49FCF7E6FC0021074650
:10BB3000FCF780FE002840F0CA803846A549FCF793
:10BB400097FE002800F0C180A248FCF7C1FE87B232
:10BB50003B4642464946A04809F062F89F4A06988B
:10BB600013780133DBB213709D4A977182F8098014
:10BB70003F0A4FEA182882F80A801371D771FCF740
:10BB800023F88DA3D3E90023FCF776F80022954B28
:10BB900080468946FCF7E2FA002840F09D8088A3A1
:10BBA000D3E9002340464946FCF7F6FA002800F0A6
:10BBB000908083A1D1E90001FCF7F8FA884BC0F32B
:10BBC00007221873000C9873000AD8735A730598EB
:10BBD000FBF7FAFF78A3D3E90023FCF74DF8002226
:10BBE000804B80468946FCF7B9FA00287AD174A3C5
:10BBF000D3E9002340464946FCF7CEFA00286ED030
:10BC00006FA1D1E90001FCF7D1FA754BC0F307220F
:10BC10005874000CD874000A18759A740498FBF7CD
:10BC2000D3FF65A3D3E90023FCF726F800226D4B70
:10BC300080468946FCF792FA002859D160A3D3E9DF
:10BC4000002340464946FCF7A7FA00284DD05CA1E6
:10BC5000D1E90001FCF7AAFA614BC0F307229875FD
:10BC6000000C1876000A587602215F48DA7500F059
:10BC7000A7FD5E4A5E491368584F01EBC30041F8C7
:10BC800033500A2101334660B3FBF1F001FB10335E
:10BC90001360119B0D9A7B80BDF8C630BB800B9B57
:10BCA00093420C9B0E9A934107D30CF016FE169B01
:10BCB000C01841F10001C7E90401CDE90F56CAE5FA
:10BCC0004C4B0AE76FF0040913E738463DE70020C4
:10BCD0003BE7404649466FE7002042496CE7404653
:10BCE000494690E700203F498DE740464946B1E785
:10BCF00000203C49AEE7BBF1000F3FF4B9ADDDE9F0
:10BD00000732134352D0039B002B77D1079BE91ACC
:10BD100066EB020342F21072914273F100030FDAF4
:10BD2000DDE9093213433FF4A3AD099BED1A47F255
:10BD3000305366EB02069D4276F10006FFF698ADA1
:10BD4000039C2A4D2A4E00222B4B11462CA800F0B2
:10BD5000DBFD09F0C1FB2B68013406EBC302C2E92D
:10BD600000010A220133B3FBF2F102FB1133032C71
:10BD70002B6004D040F6B83009F0BDFBE3E709F0D2
:10BD8000ABFB5B464FF0000BCDE90F01CDE909BBE2
:10BD9000CDE907BB03936BE5099BA34607930A9B79
:10BDA0000A96CDE908350023039361E5CDE90756EE
:10BDB0005EE500BFAFF300800000000080842E41EC
:10BDC0000000C0FFFFFFDF41C0B90100C6B901009C
:10BDD00000007A4400FF7F4772BD01007816002002
:10BDE000330900200000E0C1B8040020E01D00205D
:10BDF00020160020B6B90100A7BD0100DDF80CB087
:10BE000036E54F480DF0A8FA00283FF451AD362131
:10BE10004B4809F05BFB0028FFF64AAD3621484845
:10BE200026AA09F056FB0028FFF642AD269B27986C
:10BE3000C3EB431203EB82034FF47A7290FBF2F0F0
:10BE400041F2670200EBC30080B29042034651DD2D
:10BE500064223C4E0E2AF0724FEA102030738CBFE1
:10BE600000200120384DC4F307272978B271013131
:10BE7000C9B231713472B0737772642694FBF6F0F4
:10BE800006FB104424B2002CB8BF6442A4B229704F
:10BE9000CDE900042D4808F0C3FE03212C4800F032
:10BEA0008FFC0CF01AFD159BC01841F10001C5E98B
:10BEB0000201182124480AF0BBFA234B9861254C53
:10BEC000A56820462B6898471F2805D92023002104
:10BED0002046AD681C4AA84747F6122000210DF005
:10BEE000A2FC059B01241293069BDDF810A0119380
:10BEF000FFF766BA40F6B832904201DC0022A8E7AC
:10BF00000022154D29681746884202F1010212DC11
:10BF1000AE68B0420FDB104D891B05EBC20205EB8A
:10BF2000C70512792D79871BAD1A7D4395FBF1F575
:10BF30002A44D2B28DE7062A05F10805E2D1DDE7F1
:10BF4000A4A401004D0900207816002012BE0100B3
:10BF5000C8040020E4A20100F8B2010000000000C3
:10BF600070B5144606460846FCF772FA2146FCF7FF
:10BF7000C3FAFEF7AFFF0EA3D3E900230A4D80FBFF
:10BF8000054520462946FCF7C3FC0023074A3060DC
:10BF900029462046FCF7BCFC0023044AFCF7B8FC09
:10BFA000726070BDAFF300803AA3950040420F006D
:10BFB0000010A5D4E800000070B5144606460846F7
:10BFC000FCF746FA2146FCF797FA1349FCF748FBC1
:10BFD000FEF780FF0CA3D3E90023104D80FB05453D
:10BFE00020462946FCF794FC09A3D3E900233060DE
:10BFF00029462046FCF78CFC0023094AFCF788FC04
:10C00000726070BDAFF3008000209BF35E100000F3
:10C0100080A812010000000000002041D8EF2F008E
:10C0200040420F0000000000032970B504460D4691
:10C0300004D0072949D06FF0850028E0002A38D0C5
:10C04000072AF8D158681E680346514AC117C6FB33
:10C050000231012B71F10002C0F28D804D48181899
:10C0600041F1000146A3D3E90023FCF751FC02286B
:10C0700026690DD010280DD004280DD008287AD1BB
:10C08000294620460CF01AF840B16FF0040070BD4C
:10C090000025F5E70125F3E70225F1E73D203E4BBA
:10C0A00033F8151081FB0001FCF7E8F9F06000207F
:10C0B000EDE7188804F020F9011E5CDB2046C9B2C8
:10C0C00004F048F90028F2D0DFE7002A49D0072A17
:10C0D000B1D1B4255A6819682D4BD017C1FB032084
:10C0E000A2FB0531012A05FB001170F1000028DBDD
:10C0F0002A48181841F1000123A3D3E90023FCF7D3
:10C1000007FCFA28266924D0B0F5FA7F23D0B0F5D1
:10C110007A7F22D0B0F5FA6F21D07D282BD104256B
:10C12000294620460BF0DAFF0028AED141F2171065
:10C130001B4B33F8151081FB0001FCF79FF9F061F0
:10C14000B5E71848181861F100010FA3D3E90023DF
:10C15000D5E70025E4E70125E2E70225E0E703252E
:10C16000DEE7188804F0C8F8011E04DB2046C9B2D7
:10C1700004F0D2F8A6E76FF0150088E7AFF300806F
:10C180003AA3950000000000D8EF2F000000000047
:10C1900040420F009DD14A00C2B80100ECF71700E1
:10C1A000B8B801001408E8FF13B500246FF00903C4
:10C1B0004FF4806214491548009406F031FF144989
:10C1C00012480DF099FA134913480DF03EFA224631
:10C1D00004211C2000F0F0FF0122104BD3E8EF1FD8
:10C1E000C3E8E02F0028F9D105A3D3E900230C49C7
:10C1F000064806F055FF204602B010BDAFF30080A0
:10C20000389C1C000000000058310020981A0020C3
:10C2100046BF0100C5890100E820002080200020E1
:10C22000F80300200000000010B50B4BD3E8AF3F2F
:10C2300053B1F9F741FD06A3D3E90023BDE810404F
:10C240000649074806F02CBF10BD00BFAFF30080C1
:10C25000389C1C000000000080200020F803002013
:10C26000981A0020000000002DE9F04721F000425C
:10C27000B34F88B00446BA420D464FEAD17632D960
:10C28000B04FBA4212D9C1F313030246034305D09B
:10C290000B46FBF73BFB04460D4602E0002E40F048
:10C2A0001F812046294608B0BDE8F0878EA3D3E958
:10C2B0000023FBF771FF074628B1002008B0BDE856
:10C2C000F04708F0C7BF8AA3D3E9002320462946D8
:10C2D000FBF744FF002800F08580384608B0BDE831
:10C2E000F0470DF02BBF984B9A4240F2A780974B36
:10C2F0009A4277D8964BF40086F0010A03EBC60306
:10C30000AAEB060AD3E90023FBF7FEFA914B80461D
:10C3100089462344D3E90034CDE90034DDE9002324
:10C3200040464946FBF7F0FA04460D4622462B46A6
:10C3300020462946FBF7A0FC06460F466EA3D3E92C
:10C340000023FBF799FC6EA3D3E90023FBF7DCFA8B
:10C3500032463B46FBF790FC6BA3D3E90023FBF787
:10C36000D5FA32463B46FBF787FC69A3D3E90023A5
:10C37000FBF7CAFA32463B46FBF77EFC66A3D3E9DD
:10C380000023FBF7C3FA32463B46FBF775FC024637
:10C390000B4620462946FBF7B7FA02460B460646EF
:10C3A0000F4620462946FBF767FCCDE90201BAF1AA
:10C3B000000F5AD100224FF0804330463946FBF738
:10C3C000A3FA02460B46DDE90201FBF77FFD224698
:10C3D0002B46FBF799FA02460B4600205E49FBF715
:10C3E00093FA58E75D4B2046294603EBC6064CA35B
:10C3F000D3E90023FBF740FCD6E90023FBF786FADC
:10C40000FBF7D4FE8246FBF7CDFB06460F4646A35C
:10C41000D3E90023FBF730FC02460B4620462946B1
:10C42000FBF772FA804689463046394640A3D3E985
:10C430000023FBF721FCCDE900016FE7484B9A424E
:10C440000ED83DA3D3E90023FBF760FA0022424B4C
:10C45000FBF7A2FE38B100223F4B2046294618E7E1
:10C460004FF0000A62E7824660E732463B46002012
:10C470004FF08041FBF748FA02460B46DDE9020126
:10C48000FBF724FD02460B46DDE90001FBF73CFA11
:10C4900042464B46FBF738FA02460B4600202E492F
:10C4A000FBF732FA0B460C466FF47F7102468A4561
:10C4B00008DBCDE90423DDE9042304EB0A53144629
:10C4C0001D46EEE60AF57A7ACDE906230022DDE97B
:10C4D000060103EB0A514FF0B873FBF7CDFBDAE628
:10C4E00000240025DDE600BFEF39FAFE422E86402B
:10C4F00051302DD5104987C0D0A4BE726937663E31
:10C50000F16BD2C541BDBB3E2CDE25AF6A56113F53
:10C5100093BDBE166CC1663F3E5555555555C53F3A
:10C52000FE822B654715F73F0000E0FE422EE63FF6
:10C53000763C7935EF39EA3D9C7500883CE4377EDE
:10C54000412E8640FFFFEF7F422ED63FB1A2F03F43
:10C55000D8B20100C8B201000000F03FE8B201000B
:10C56000FFFFEF3D0000000030F0004201462DE9E2
:10C57000F84F034604D10120BDE8F84F08F076BE1D
:10C58000002803DABDE8F84F08F078BEB0F1FF4F9D
:10C5900003DBFBF7A9FEBDE8F88FB0F5000F35DA35
:10C5A0004FF09841FBF7A8FF6FF018020346C3F362
:10C5B0001604DE15764B4FF07E517F3E2344164421
:10C5C00003F4000006EBD35680F07E502043FBF7C7
:10C5D00089FE04F10F026F4B05461340002B3ED13C
:10C5E0000021FCF71DF998B1002E00F0C8803046FC
:10C5F000FBF72EFF68490546FBF77EFF04466749B7
:10C600002846FBF779FF01462046C2E70022CEE725
:10C610005DA1D1E90001FBF711FE2946FBF76CFF94
:10C6200001464FF07C50FBF75DFE04462946284644
:10C63000FBF762FF01462046FBF75EFF04460EB99A
:10C6400021466FE03046FBF703FF07465249FBF7F0
:10C6500053FF524906463846FBF74EFF72E04FF053
:10C660008041DFF83CB1FBF73FFE01462846A3447A
:10C67000FBF7F6FF81463046FBF7EAFE4946804667
:10C680004846FBF739FF01468246FBF735FF45492F
:10C690000746FBF731FF4449FBF726FE3946FBF717
:10C6A0002BFF4249FBF720FE3946FBF725FF4049A7
:10C6B000FBF71AFE5146FBF71FFF3E4982463846FC
:10C6C000FBF71AFF3C49FBF70FFE3946FBF714FF57
:10C6D0003A49FBF709FE3946FBF70EFF0146504683
:10C6E000FBF702FEC4F55713074603F5227343EA2E
:10C6F0000B03002B30DD4FF07C512846FBF7FCFE8E
:10C700002946FBF7F9FE014604463846FBF7ECFDE7
:10C710004946FBF7F1FE074646B901462046FBF7BE
:10C72000E1FD01462846FBF7DDFD34E71A494046A6
:10C73000FBF7E2FE194906464046FBF7DDFE3946A7
:10C74000FBF7D2FD01462046FBF7CCFD2946FBF75F
:10C75000C9FD01463046E6E701462846FBF7C2FD23
:10C760004946FBF7C9FE0446002E3FF469AF0A496B
:10C770004046FBF7C1FE0949064640466CE70020EB
:10C7800009E700BFAFF30080555555555555D53FC6
:10C7900020FB4A00F0FF7F008071313FD1F717374F
:10C7A000305CCFFF9788173E25333A3E2549923EAD
:10C7B000ABAA2A3F4FD01C3E298E633ECDCCCC3E47
:10C7C000F0B5114D89B003AC06460F460FCD0FC42E
:10C7D0002B683146236000233A46009303A802F0F9
:10C7E000A5F8014620B1094808F01AFA09B0F0BDD1
:10C7F0004FF42F7008F07FFE02F008FA014600287F
:10C80000F4D00348F0E700BFB0AF0100E2B8010088
:10C8100008B9010037B5044688B10C22094BCDE9AF
:10C820000023094883681D681DB16B46002207215B
:10C83000A84714B1C82008F05EFE03B030BD024620
:10C840000346ECE720A10700C4A401002DE9F04154
:10C850000546084614461E460F46FBF74DFE214688
:10C8600080462046FBF748FE01464046FBF73CFD6C
:10C870000DF012FC014605F1004008F045FC214690
:10C880000546384608F040FC1C49FBF735FE1B49BD
:10C8900007462846FBF730FE1949FBF72DFE4FF0FF
:10C8A00047410446FBF7C6FF00BB20461549FBF78E
:10C8B000DFFFC8B11348FBF7E5FF11493080384668
:10C8C000FBF71AFE4FF047410446FBF7B3FF90B960
:10C8D00020460C49FBF7CCFF58B10A48FBF7D2FFC2
:10C8E000069B1880BDE8F0812046E4E74FF0474002
:10C8F000E1E72046F2E74FF04740EFE7E12E6542DF
:10C900000000204100FEFF462DE9F0470F4690460B
:10C910004FF0000A88B01D460DF11A030093344E03
:10C920008268416806AB0068FFF790FF3378DFF854
:10C93000C49031480133DBB20469337089F80430A4
:10C9400089F8068089F8087089F80AA089F80CA08F
:10C95000836807A95B689847011E41D045DA2748DC
:10C9600008F05EF90A22BDF91800BDF91A40C0F3BB
:10C97000072389F81130C4F3072389F81430B6F976
:10C98000063094FBF2F189F81630C3F3072389F8D7
:10C99000173090FBF2F389F8134002FB114489F839
:10C9A000100002FB130024B2002C00B2B8BF644296
:10C9B000A4B2002889F80EA0B8BF4042CDE9011406
:10C9C000CDE9037880B20090294632780C4808F00F
:10C9D00027F902210B4808B0BDE8F047FFF7F0BE89
:10C9E000236807995940C1F340215FFA81FAB9E7FA
:10C9F000781600205C09002084A201002DB90100F6
:10CA00004FB90100E004002038B504460D46006827
:10CA10000CF0A2FC60B100222179206808F03BFDF7
:10CA2000021E05DA2946BDE83840024808F0F8B889
:10CA300038BD00BF8FB9010080B505460E461746C8
:10CA4000984606F049FE034600F0AAFC0446DFF8CB
:10CA50001890424649F8003039463046A84754F805
:10CA6000090000F037FC00BF080000002DE9F04786
:10CA7000058B0446280717460CD501290CBF45F045
:10CA8000100545F02005258387F31188BFF36F8FCC
:10CA9000BDE8F087022905F0070540F094802046A4
:10CAA00008F09EFF052864D801A353F820F000BFCA
:10CAB00089CA0000C7CB000073CB000035CB000053
:10CAC0004FCB000061CB000001F007035A1F012A81
:10CAD0001FD8002221F00701062BD4F8008089B26C
:10CAE000C4E9002209D1434603E0628B013262832C
:10CAF0001B68002BF9D141F002012046218308F088
:10CB00006FFF4FF0000900286DD041F02001218314
:10CB100069E0042B0AD121F0070189B22046218364
:10CB200008F05EFF10B141F0200121834FF00008B2
:10CB3000C14658E02369D3F80090238B23F0070304
:10CB400043F006034FF00008238346464BE0236979
:10CB5000D3F80490238B23F0070343F00403F1E799
:10CB60002369D3F80890238B23F0070343F00503D0
:10CB7000E8E74FF00008C146E7E7012243F0080369
:10CB8000238387F31188BFF36F8F002A3BD1B8F15D
:10CB9000000F4AD1B9F1000F02D020462C49C847F6
:10CBA000EFF31187402383F31288BFF36F8F238B3A
:10CBB00023F008039BB22383D9063FD523F010024C
:10CBC000228303F007056669218B002EBFF67CAF38
:10CBD00000239946D4F8008021F00701C4E900330E
:10CBE00041F001012183238B03F0070AAA4502D0FB
:10CBF000A268002AC1D1B8F1000F02D1B9F1000F2B
:10CC0000DAD00022BAE7A1680029C0D00D68002957
:10CC1000BDD03346524620464F68B8471DB12B68F9
:10CC200029461D46F3E72B46FAE74146334652466E
:10CC30002046D8F8008008F0FFFEA8E79A067FF5A6
:10CC400023AF23F02002228303F0070527E700BF6C
:10CC5000655A0100014B03600020704748B3010092
:10CC6000024B187880F00100704700BFCB250020F0
:10CC7000F8B5C5690646002D5ED00521284609F0A5
:10CC800004F800285BD1304608F0A3FF04460028D2
:10CC900057D10821F06908F0F8FFE0B1F569EFF32A
:10CCA0001187402383F31288BFF36F8F297931B93D
:10CCB0003046AB689847041E07DB01232B712B68B5
:10CCC00043F020032B600023EB6087F31188BFF350
:10CCD0006F8F2046F8BDFFF7C3FF38B94FF0FF3222
:10CCE0004FF0FF3305F1180008F0D5FF6B692BB941
:10CCF00015496E6105F138000CF0D9FC2979C9B9E4
:10CD0000AB6868699847041E0BDB01232B71002375
:10CD1000EB60D5E8EF3F43F02003C5E8E23F002A8F
:10CD2000F7D1FFF79DFF0028D3D105F1180008F0D7
:10CD3000B4FFCEE70024EAE76FF08504C9E70024DA
:10CD4000C7E76FF00F04C4E79D5F010008B5034813
:10CD5000034A0021121A09F080F908BDC00A002018
:10CD6000D0250020074808B5074A0849121A09F0DB
:10CD700076F9BDE808400648064A0749121A09F044
:10CD80006EB900BF60000020C00A002030C0010062
:10CD9000600000206000002030C0010030BFFFF7BD
:10CDA000FDBF00BF2DE9F04105460B4EDFF82C809A
:10CDB000324606EB0807CC1B204609490DF0D2F895
:10CDC000A01942460021083C0DF0D9F8AC6707F1E4
:10CDD0000800BDE8F08100BF000000000400000072
:10CDE000B0AF0100154B9A6A12F0007F9A6A14BF27
:10CDF0001E201D2012F0807F9A6A18BF1F2012F497
:10CE0000801F9A6A18BF022012F4002F9A6A18BF76
:10CE1000212012F4802F9A6A18BF222012F4003FBA
:10CE20009A6A18BF232012F4803F9A6A18BF242000
:10CE30006FEA02426FEA12429A62704700ED00E028
:10CE400010B5184B0246986A9C6A10F4805F14BFB4
:10CE50001720162014F4006F9C6A18BF1820A40530
:10CE600008D5986A000404D51AB19A6A22F40042DF
:10CE70009A6219200B4B9A6A12F4806F9A6A18BF53
:10CE80001A20D2050CD49B6A13F4005F18BF1C2033
:10CE9000044A936A43F47F43936200230B7010BDEE
:10CEA0001B20F5E700ED00E010B51C4B0246986A28
:10CEB0009C6A10F0100F14BF1120102014F0080FFE
:10CEC0009C6A18BF1220A40709D5586B986A0006FF
:10CED00004D51AB19A6A22F080029A6213200F4B8D
:10CEE0009A6A12F0010F9A6A18BF142012F0200FEC
:10CEF0009A6A18BF1520D40658BF9B6A074B9A6AD6
:10CF0000920642BF5A6A22F400525A629A6A42F06A
:10CF1000FF029A6200230B7010BD00BF00ED00E01D
:10CF2000F0B5494B04465B6800258BB0C3F308039A
:10CF300085F31188BFF36F8F02F07F40B0F17F4F10
:10CF400011D102F00C0008280DD010074CBF0C4680
:10CF500001250022033B8DF80720032B05D8DFE8CD
:10CF600003F024676B642C46F3E700239DF8072049
:10CF7000CAB902AE04F1200732462068616808345D
:10CF800003C2BC421646F7D1099A002D58D0C2F30D
:10CF9000080121B96FEA52226FEA4222099218462B
:10CFA00002A909F05EF80BB0F0BD274BDA6A9107D1
:10CFB000DBD4DA6A002AD8DBDA6A5200D5D55A699E
:10CFC000A16942F480725A61BFF34F8FBFF36F8F34
:10CFD00031F8022C596921F480715961BFF34F8FE8
:10CFE000BFF36F8F02F47F43B3F55F4F04D1D2B22A
:10CFF000022A01D12368B9E7134B9A6AD2B232B13F
:10D0000001200DF10701FFF74FFF0346AEE79A6AD3
:10D0100012F47F4F05D001200DF10701FFF710FF3B
:10D02000F3E79B6AB3F5803F9FD3FFF7DBFEECE7A6
:10D0300000200DF10701E6E700200DF10701EDE703
:10D040006FF30802AAE700BF00ED00E0064B5A6943
:10D0500042F010025A615A6942F480625A615A6978
:10D0600022F008025A61704700ED00E0EFF30880FB
:10D07000EFF3098101B57246FFF752FF01BD00BF12
:10D08000002080F31488BFF36F8F002080F30A889C
:10D0900080F30B880F4880F3088804F0A7F900207C
:10D0A0000D490860BFF34F8F00F02CF8402080F34B
:10D0B00011880A484FF40061401880F30988EFF3A3
:10D0C00014800221084380F31488BFF36F8F00F0AF
:10D0D0009BF80000984E002094ED00E058350020A9
:10D0E000002318460649D1F89020C2F30722934244
:10D0F00000DB7047C1F89830C1F8A0000133F6E7B3
:10D1000000ED00E010B572B6002484F31388FFF739
:10D11000E7FF23464FF0FF300C4A03F120010133B3
:10D12000102B42F82100F8D100234FF0FF30074ABE
:10D1300003F160010133102B42F82100F8D162B6EF
:10D14000BFF34F8FBFF36F8F10BD00BF00E100E052
:10D150001EF0040F0CBFEFF30880EFF30980816924
:10D1600011F8021C0229FFD001B5724608F07FFFBA
:10D1700001BD00BF00B2002807DB01234109034ABB
:10D1800000F01F00834042F82130704700E100E0CA
:10D1900000B200280CDB01220649430900F01F0001
:10D1A0008240203341F82320BFF34F8FBFF36F8FAE
:10D1B000704700BF00E100E0D30748BF002100B284
:10D1C00058BF02310028ACBF00F16040064A4FEA68
:10D1D0004113DBB2ABBF00F5614000F00F0080F8F7
:10D1E00000331354704700BF14ED00E0044B054AB0
:10D1F00023F07F039360BFF34F8FBFF36F8F7047B0
:10D200000000000000ED00E008B5FFF7EFFF074A5F
:10D21000D2F8883023F47003C2F88830FFF796FD07
:10D22000FFF7A0FD00F09CF805F0F4FB00ED00E036
:10D2300042F8203C009B0B4942F81C3C019B21F02A
:10D24000010142F8183C029B42F8081C42F8143CC9
:10D250004FF0807342F8043C0023203A0265C36714
:10D26000704700BF39CA000000B50D4B15469860E5
:10D27000826F0C4B0E461A60836E83F30B882C462C
:10D2800086F309880020044B98472046002100229D
:10D290000023024C204700009B60010039CA0000B7
:10D2A0003C210020E41D00201022014B1A61704730
:10D2B00000ED00E0054B5A699B689A421FBF044A83
:10D2C000536843F080535360704700BF3C210020F7
:10D2D00000ED00E0084B9B6883420BD1EFF3058320
:10D2E00043B1064B5A6842F080525A605A6A22F49F
:10D2F00000425A6206F0F6B93C21002000ED00E041
:10D3000014498A684FF030001044EFF3098C80E82C
:10D31000F01F402080F31288BFF36F8F0E4F4FF045
:10D3200000664A698A603E60906F0C4C2060D06F46
:10D330000023D36780F3118802F1300090E8F01FDA
:10D340008CF3098802F1000004B508F09FFEBDE8E7
:10D35000044070473C21002004ED00E0E41D002063
:10D36000002340210448C2180133B3F5917F82F8AD
:10D370000013F8D1704700BF00E100E008B5EFF3FB
:10D380000583064A103B02EBC30152F8330049689B
:10D390008847BDE80840FFF78DBF00BF04A5010026
:10D3A0000148006870470000E41D00201FB50121FE
:10D3B000094B0A4A0A4800F0F7F80023064A03938B
:10D3C000084B0121019301A8D31A029300F0F6F84B
:10D3D00005B05DF804FB00BF00EC07200000002052
:10D3E00048B30100C00A00200A7A0B6810B562F346
:10D3F00004031C46CB68520923F01F0343EA42038F
:10D40000044A43F00103C2F89800C2F89C40C2F8F5
:10D41000A03010BD00ED00E010B5074BD3F8903000
:10D42000C3F30723013B984202D8FFF7DDFF10BD8D
:10D430006FF01500FBE700BF00ED00E02DE9F04FB5
:10D440000F46144606464FF000084B4D85B0B845D0
:10D4500080F28E80D6F80490B9F1000F35D0B9F182
:10D460001F0F40F2838019F01F0F7FD1D6F800A064
:10D470001AF01F0F7AD1504608F032FE834609EBAE
:10D480000A00013808F02CFE83456FD11BF1160FFE
:10D490006CD05C456ADDC5F898B0D5F89C10C5F82D
:10D4A00098B0D5F8A03021F01F0143F01F0AD6E94B
:10D4B00000321A44994202F1FF391BD1CA4508D102
:10D4C00031465FFA8BF008F014FE08F101080C36C3
:10D4D000BDE73146C5F898B0D5F89C30E0B263F3AB
:10D4E0000402C5F89C2008F004FE10F1160F3DD090
:10D4F000441CEAE7C5F898B0D5F8A020013B23F01A
:10D500001F0302F01F021343CA453146E0B2C5F8BB
:10D51000A030E8D008F0EDFD10F1160F26D0C5F8C8
:10D5200098B0D5F89C209DF808300AF1FF3A62F3D4
:10D5300004038DF80830D5F8A0309DF808205B086A
:10D5400063F347128DF80820D6E9003213440093A4
:10D5500023F01F035344A3EB0903013023F01F03FF
:10D560006946C0B20393FFF757FFBEE76FF015049B
:10D57000204605B0BDE8F08F00ED00E00522044B29
:10D58000C3F89420BFF34F8FBFF36F8F704700BF76
:10D5900000ED00E0BFF35F8F0022024BC3F8942040
:10D5A000704700BF00ED00E010B5034C2278FFF794
:10D5B00045FF207010BD00BFF82400202DE9F74F73
:10D5C000294D8A4606464FF00008AB46274FD04506
:10D5D0001BDAD6F80490B9F1000F3FD03168084645
:10D5E000019108F07DFD0199044609EB0100013825
:10D5F00008F076FD84424FF014021D4B08D002FB68
:10D6000008F36FF015024BF8032003B0BDE8F08F6C
:10D6100014F1160F2C60F8D01978A142F5DD02FB49
:10D6200008B0C7F89840C7F89840D7F89C4000F178
:10D630000801007B64F304000871D7F8A0000C799E
:10D64000400860F347140C71D7F89C1021F01F01BB
:10D650006960D7F8A01021F01F01296108F10108C5
:10D6600014350C36B3E700BFE81D002000ED00E0E4
:10D67000F8240020F0B55349534DD1F890302C6870
:10D68000C3F307239C4287B000F299800020FFF784
:10D6900081FF4E4BC1F8C030844216D14C4D01A8D9
:10D6A0002C70FFF7D7FA002607464A4CB74213D131
:10D6B00000202B784349D1F89020C2F307229342EF
:10D6C00077DBFFF75BFF002046E0696801EB0011A4
:10D6D000FFF78AFE0130DFE70199300101EB061305
:10D6E000DA682240B2F1807F52D00AD8B2F5001F2A
:10D6F00034D0B2F5800F3ED0B2F5801F12D0013683
:10D70000D4E7B2F1006F43D0B2F1805FF7D15A682D
:10D710009B680958013B22F01F00034423F01F03BC
:10D72000012032E05A689B680958013B22F01F0033
:10D7300003440120844623F01F0340EA4C10CDE946
:10D7400002218DF8100002A928780593FFF764FEE6
:10D7500000282ADA6FF0150007B0F0BD5A689B6800
:10D760000958013B22F01F0003444FF0020C012036
:10D7700023F01F03E1E75A689B680958013B22F038
:10D780001F000344022023F01F034FF0000CD4E7D6
:10D790005A689B680958013B22F01F0003444FF070
:10D7A000030C012023F01F03C7E72B7801332B70F4
:10D7B000A5E7C1F89830C1F8A00001337BE74FF02E
:10D7C000FF30C9E700ED00E054B30100AAFF4400B8
:10D7D000F82400200000F0FF08B5024B1B689847B2
:10D7E000002008BDFC1D002008B50549054A21F0B0
:10D7F00007010548521A08F08DF8002008BD00BF47
:10D80000CF5C002000EC0720001E002070B54169AD
:10D810000446867A0A4D59B1437ADB0706D424239D
:10D8200003FB0653DB691B689B6898470023636111
:10D830002420214600FB0650BDE870400BF074BE6A
:10D84000300A00202422024B02FB0030704700BF48
:10D85000300A00202421827A054B01FB02331A6A28
:10D860001B7D801A1B3323F00303B0FBF3F07047DA
:10D87000300A002038B52424827A064B04FB023398
:10D88000DB69D3E901240C601568FFF7E3FF04FBB3
:10D89000005038BD300A00202DE9F04385B0054620
:10D8A000684690461C4603910CF0AFF8DDE900672E
:10D8B000EFF31189402383F31288BFF36F8F6B8AD4
:10D8C000002B41D02A8A9A4225D9002200232846DB
:10D8D00005F0DAF90446F0B189F31188BFF36F8FD0
:10D8E000039B002B41D032463B4668460CF0B2F811
:10D8F0002421A27A254B204601FB0233DB6903A9D0
:10D900001B681D68DDE90023A847606170BB2046E5
:10D91000FFF77CFF24E0698A4B1E6B8289F3118834
:10D92000BFF36F8F2B7D2A8A2C6A1B3323F00303EE
:10D93000521A02FB0344154B154AEB1A9B10534332
:10D94000A3722B7DE372CBE789F31188BFF36F8F4E
:10D9500023464246284605F097F904460028BFD1E1
:10D960000024204605B0BDE8F08363610123002553
:10D970002381039B29466382E27A656004F11800E3
:10D980000CF0FDFA63692582E360EAE7300A0020C3
:10D99000398EE33870B524250C4C00B970BD037A7C
:10D9A0004668002BFAD0013BDBB20372002BF5D1A5
:10D9B000C3604360837A05FB03439B6913B19847B7
:10D9C0003046EAE7FFF722FFFAE700BF300A0020FF
:10D9D00008B5244A244B1A6001F04EF94FF47A61DD
:10D9E0002248D0F82436C3F30802C3F309434B435B
:10D9F00082F480721E49883201FB02334FF4FA210F
:10DA00005B00B3FBF1F201FB12331A49B3F57A3F25
:10DA100028BF0132C1F80429D0F820364FF47A60CB
:10DA2000C3F30802C3F30943434342F21C5082F498
:10DA3000807202F2172200FB02334FF47A701B0A45
:10DA4000B3FBF0F200FB12330020B3F5FA7F4FF086
:10DA5000010328BF0132C1F81C27C1F80009C1F831
:10DA6000003608BD0020A107CC08002000C0FF0040
:10DA7000F82A00800000125048B1054B054A1B6887
:10DA8000B3FBF2F35843044B43F0010318477047CC
:10DA9000CC08002040420F00A0B2010001224FF448
:10DAA00000214FF0005008B503F012FDBFF34F8F77
:10DAB0000549064BCA6802F4E0621343CB60BFF32A
:10DAC0004F8F00BFFDE700BF00ED00E00400FA0546
:10DAD00010B508F0B7FB0BF009FE044608B905F0D5
:10DAE00037FD064BD3E8AF3F0BB10A2098471CB96E
:10DAF000BDE8104005F040BD10BD00BF0C1E002069
:10DB000038B50446084808F018FB054648B1631EBE
:10DB1000DBB21F2B96BF054A0021D15C0C3008F008
:10DB200052FB284638BD00BF780A0020CEBF010056
:10DB3000034BD3E8EF2FC3E8E10F0029F9D1704779
:10DB40000C1E00200E38012810B50AD8094808F02C
:10DB5000F4FA044618B104210C3008F034FB2046D6
:10DB600010BD09B10448F2E70220BDE81040FFF7FC
:10DB7000C7BF00BF9C0A0020300A002010B5002457
:10DB800086B003AB00934FF462724FF0FF33054948
:10DB90000548CDE90344059405F042FA204606B055
:10DBA00010BD00BFD02500209816002010B501211F
:10DBB00004460C3008F028FB2146BDE81040002345
:10DBC000014A007808F065BBF8B3010010B50121E7
:10DBD00004460C3008F018FB2146BDE81040002335
:10DBE000014A007808F055BBF8B3010010B50121D7
:10DBF00004460C3008F008FB2146BDE81040002325
:10DC0000014A007808F045BBE0B301002DE9F04778
:10DC1000884616468246002868D00023DFF8D09058
:10DC2000D9E8EF4FC9E8E23F002AF9D1002C5DD0D6
:10DC30002046FFF70FFE0C232E4D274603FB005016
:10DC4000438853450DD0D9E8EF3FC9E8E27F002A69
:10DC5000F9D1002B4AD01F463846BDE8F047FFF700
:10DC600099BEA64208D0204608F062FA328AF168CE
:10DC700004F10C0008F09EFA2046FFF7EBFD0C269D
:10DC800006FB00504368ABB1B8F1000F12D120463B
:10DC9000FFF7E0FD012106FB00504268536803F0E6
:10DCA0001F00814010685B0900EB8300137ACBB141
:10DCB00008F0E0FA2046FFF7CDFD0C2606FB0050E9
:10DCC0008368002BC8D02046FFF7C4FD704305F8D9
:10DCD00000802046FFF7BEFD06FB0055A86805F052
:10DCE00005F8B9E7C94308F0EBFAE3E7BDE8F087C8
:10DCF000D0010020101E0020054BD3E8AF2F02F00A
:10DD00000B02D3E8EF1FC3E8E02F0028F9D17047DA
:10DD10009C0100202DE9F8430C4605F019FCE5684C
:10DD2000B4F810802B78042B66D1B8F1020F08D814
:10DD30002046FFF72FFE002405F01EFC2046BDE81C
:10DD4000F8836B783E2B09D1B8F1030FF0D0EB7854
:10DD5000012B01D00A2B40D1032705E0052BFBD076
:10DD60000E3B012B39D8012704F10C060121304666
:10DD7000D4F8149008F040FA0221304608F044FA32
:10DD8000037884463E2B07D1E3681B78012B01D032
:10DD90000A2B06D103260DE0052BFBD00E3B012BF1
:10DDA00024D9002383F31188BFF36F8F0323184610
:10DDB00002DF022603232146124A9CF8000008F0E5
:10DDC00068FAB30714D56369A5EB090513FA85F55D
:10DDD000E560A4F81080012FADD021460A4808F074
:10DDE000B0F90A490A480BF04CFCA4E70126E1E728
:10DDF0002046FFF7CFFDEEE72046FFF7CBFD6FF0A3
:10DE0000150499E7C8B30100D4010020780600206A
:10DE10004017002038B5184808F0A8F9044650B358
:10DE200000F10C05284608F0F7F9042816D1284619
:10DE3000022108F0E9F9037805460E3B012B07D8CB
:10DE4000002383F31188BFF36F8F0323184602DF8B
:10DE500003232146094A287808F01BFA2046FFF7D9
:10DE600099FD074BD3F80C312BB1BDE8384005497B
:10DE700005480BF006BC38BDD4010020E0B301001A
:10DE8000C8000020780600204017002010B5C1E926
:10DE900000239DF808300C460B72FFF7DBFC0C22C8
:10DEA000024B02FB00335C6010BD00BF101E00205F
:10DEB000F8B502460B46104808F03FF90446C0B1D9
:10DEC00004210C3008F06CF92046FFF7C3FC0C2746
:10DED00000260A4D07FB005046802046FFF7BAFC9B
:10DEE00007FB005086602046FFF7B4FC07FB005597
:10DEF0006E602046F8BD00BF540A0020101E0020AE
:10DF0000034B0146D3F8240182689268104700BF92
:10DF1000C80000200421014808F0ACB99C01002091
:10DF2000014902480BF0ADBB68060020981600209E
:10DF300070B505460C4639B1CB684A699B1A032B6C
:10DF40000ED86FF0150509E04FF0FF304FF0FF31AC
:10DF5000FFF7AEFF044618B96FF06805284670BD9C
:10DF60002046FFF777FC0C22134BA61802FB003368
:10DF7000032130465D8008F02EF90580238A0121B7
:10DF8000033B8370304608F02EF940F635439D423E
:10DF900009D12046FFF7B4FF05460028DED0204611
:10DFA000FFF7F8FCDAE7214604480BF0B2FA002547
:10DFB000FFF7B6FFD2E700BF101E0020DC010020F3
:10DFC0002DE9FF41054617460C4669B94FF0FF3071
:10DFD0004FF0FF31FFF76CFF044658B96FF068054A
:10DFE000284604B0BDE8F081887AFFF72BFC2A4B65
:10DFF00083424AD10122002168460BF09FFA204655
:10E00000FFF728FC0C23DFF8948003FB0080C0F8A6
:10E0100008D0204608F0C0F801462846FFF788FFE0
:10E02000054618B12046FFF7B5FCD9E7002368463E
:10E030001B4A04F08FFE30B185F31188BFF36F8F58
:10E040000323184602DF2046FFF704FC0C23584345
:10E0500018F80060AEB12046093EFFF79BFC092E80
:10E060000CD8DFE806F0050B0B08150B0B0B0B1299
:10E070006FF06E05B4E76FF00C05B1E76FF00405C3
:10E08000AEE7002FCED03C60AAE76FF01505A7E7FA
:10E090006FF00B05A4E700BF540A0020101E0020FB
:10E0A000B4C40400F7B5002240F603401146FFF760
:10E0B00087FF0446002853D1FFF71EFE214641F298
:10E0C000030001AAFFF77CFF0446002848D1019A0B
:10E0D000994DD16805F17803D1F80100D1F8051008
:10E0E00003C31046FFF756FC214641F2010001AA86
:10E0F000FFF766FF044698BB0198C3685A7885F815
:10E1000070205A88A5F872201A7985F87120B3F822
:10E110000720A5F87420B3F80530A5F87630FFF78E
:10E1200039FC214641F2020001AAFFF749FF0446EB
:10E13000B0B9019F05F18006FA68531C413234469C
:10E1400018685968083303C493422646F7D1384605
:10E15000FFF720FC95F87C305C0604D46FF01204C5
:10E16000204603B0F0BD002142F2030001AAFFF7F0
:10E1700027FF04460028F3D1019A704BD168D1F8EB
:10E180000100D1F8051003C31046FFF703FC1F235D
:10E19000A5F8E83095F87C30980619D44FF0FF3098
:10E1A0004FF0FF31FFF784FE0646002800F0AA80FA
:10E1B00002210C3007F0F8FF01234470224603705F
:10E1C000314640F66D40FFF7FBFE04460028C7D1FC
:10E1D00095F89C30190712D5002142F21C0001AAC3
:10E1E000FFF7EEFE04460028BAD10198C368D3F8C1
:10E1F0000120D3F80530C5E93823FFF7CBFB4FF0FA
:10E20000FF304FF0FF31FFF753FE0446002879D06E
:10E2100008210C3007F0C8FF0227002221460770B2
:10E2200042708270C270027142718271C27142F298
:10E230000100FFF7C5FE0446002891D14FF0FF30E2
:10E240004FF0FF31FFF734FE064600285AD0082170
:10E250000C3007F0A9FF80234370202304708470E2
:10E260000471447184712246C770C371314640F60F
:10E270000140FFF7A5FE044600287FF471AF014678
:10E2800001AA4FF60140FFF79BFE044620BB019810
:10E29000FFF780FB21464FF6024001AAFFF790FEF0
:10E2A0000446C8B90198C368B3F80130A5F8C13075
:10E2B000FFF770FB95F8C1305A070DD521464FF690
:10E2C000034001AAFFF77CFE30B90198C3685B7870
:10E2D00085F8C030FFF75EFBEB7923B903B0BDE8EA
:10E2E000F04000F0E3BA2E78002EF7D195F8C13057
:10E2F0009B061ED54FF0FF304FF0FF31FFF7D8FDE2
:10E30000044610B96FF068042AE706210C3007F0C4
:10E310004BFFD5F8013021460360094B32469B88FC
:10E3200083804FF60640FFF74BFE04460028D5D009
:10E3300016E76FF0850413E7C8000020A001002055
:10E34000C900002073B5264D0646D5F824010BF010
:10E3500003F800283DD06FF0020105F1D40007F06A
:10E36000AFFF012107F086FF10EA010434D11D4BF5
:10E370001E600A4605F1F8000BF0E0F805F58A701A
:10E380000BF0BFF818480BF08CF96FF007034FF44F
:10E39000006216491448009404F042FE14491248E1
:10E3A0000BF0AAF9D5F82401124983681B68984735
:10E3B000044630B946B9FFF775FE044608B9FFF7C1
:10E3C000A9FD204602B070BD05F1C40004F022FE94
:10E3D000F7E76FF01204F4E76FF07704F1E700BF9E
:10E3E000C80000201C1E00204017002058290020D3
:10E3F0005DBE010015DD000010B5FFF753FE0446B9
:10E4000008B9FFF787FD044B1B681BB12046BDE828
:10E410001040184710BD00BF1C1E002038B5032156
:10E4200004460C3007F0F0FE40F635420346B0F8E3
:10E43000010090420DD01D78E36822461978FFF75D
:10E44000E5FB35B1034804F051FCBDE83840FFF767
:10E4500067BD38BDC001002038B505F079F8234DFF
:10E46000D5F81431002B3CD00022002305F1F80030
:10E4700004F070FCA8BB0022002305F58A7004F0AC
:10E4800003FC044630B980F31188BFF36F8F032378
:10E49000184602DFD5F8080120B1FFF77BFA002308
:10E4A000C5F80831204607F077FEC5F80801204678
:10E4B000FFF726FD98B10E4804F018FC2046FFF740
:10E4C000C9F90C220B4B1F2102FB00302246408869
:10E4D000FFF79CFB2046FFF75DFAFFF721FDFFF7F2
:10E4E0001FFDBDE8384005F047B800BFC800002058
:10E4F000C0010020101E002038B5042104460C3055
:10E5000007F082FE4578017822464088FFF77EFBBF
:10E5100035B1044804F0EAFBBDE83840FFF700BD20
:10E5200038BD00BFC0010020F8B506460024094DE3
:10E53000EF79E3B29F4202D86FF0010007E029466D
:10E54000304607F0C5FE0735631C08B12046F8BD0C
:10E550001C46EEE7C800002070B5144E0622314676
:10E5600004460BF014FDE0B14FF0FF304FF0FF31E7
:10E57000FFF79EFC0546A8B1062221460C3007F0A5
:10E5800019FE0022294642F20500FFF719FD40B9A5
:10E590003346226843F86929A288B280012283F8B1
:10E5A000682070BD6FF06800FBE700BF31010020FC
:10E5B00073B504460D4689B12846174907F088FE11
:10E5C00060B9164A2968C4EBC4041151A318AA887B
:10E5D0009A80AA799A71002002B070BD6E463046CA
:10E5E00007F022FE0028F7D13046FFF79DFF0028F4
:10E5F000F5DA0A4A0098C4EBC4041051B179B08826
:10E60000A31898809971002DE5D012592A609A8834
:10E61000AA809B79AB71DEE7BBBF0100C800002078
:10E6200070B5044611B16FF0150070BDF0B122490C
:10E6300007F04EFED0B92046FFF776FF002835DA06
:10E64000237863B91D4AD37983BB20681060A17910
:10E65000A088917101219080D1711846E5E7012BC6
:10E66000E1D1A37903F0C003C02BDCD1134DEB79CA
:10E67000012B1ED005F1D403D3E8AF3FDB0707D44D
:10E68000002CD0D020460C4907F022FE0028CAD129
:10E69000EE792146731C3046EB71FFF789FF08B90C
:10E6A0003046C2E7EB79013BEB71BEE76FF07700D4
:10E6B000BBE76FF00B00B8E7BBBF0100C80000204C
:10E6C0002DE9F3410446D8B1002141F2090001AA25
:10E6D000FFF776FC054698B9019E0622D6F80C8015
:10E6E000104908F1010738460BF051FC28B1062209
:10E6F00038460D490BF04BFC30B93046FFF74AF96C
:10E70000002002B0BDE8F081D8F801303046C4F8EE
:10E710000130BB882570A4F80530FFF73BF90120D4
:10E72000EFE700BFC8BF0100C2BF010007B56846E0
:10E73000FFF7C6FF044BD87118B169460020FFF7F8
:10E7400037FF03B05DF804FBC8000020F0B5294D89
:10E7500089B0EE79002E46D195F8C230DB0722D57C
:10E760006A4631464FF60940FFF72AFCD8B9DDF872
:10E7700000C0DCF80C406378012B1E4628BF012640
:10E7800073B1A31C02AA12341746186859680833DB
:10E7900003C7A3423A46F7D1186838609B88BB800C
:10E7A0006046FFF7F7F8EE71002416260127EB7993
:10E7B000E0B2984202D3B3B1002012E008AB06FBEE
:10E7C000003353F8182C33F8143C6946CDF8012077
:10E7D000ADF805308DF80070FFF7EAFE013400282F
:10E7E000E5D009B0F0BD0021084609B0BDE8F04011
:10E7F000FFF716BFC80000202DE9F0411D460E4668
:10E8000017460346002849D0002D47D00A0307D5F4
:10E810004C0743D407F06CFD10BB01232B701FE0A5
:10E82000B10704781ED020492FB1B20603D591F864
:10E83000D820500635D5C4EBC40411F80480B8F1D3
:10E84000010F08D101341846214407F049FD38B9B9
:10E8500085F8008002E0B8F1000FF9D0A7B90020D8
:10E86000BDE8F081720716D50F49C4EBC4040F5DF3
:10E87000012F07D10134214407F032FD0028EFD1E8
:10E880002F7001E0002FFBD0B306E8D52B7843F0C2
:10E8900002032B70E3E707F02BFDBEE76FF01500D6
:10E8A000DEE76FF08500DBE7C800002010B50A4CFA
:10E8B000E3790BB1002010BDFFF738FF0028FAD133
:10E8C000E379002BF6D1FFF741FF0028F3D1601C5C
:10E8D000BDE81040FFF740BEC8000020F7B5CDE905
:10E8E0000001694642F2080016461D469DF8207058
:10E8F00007F019FD044648B95FB90B4BD3E8EF1F89
:10E9000041F00401C3E8E21F002AF7D1204603B01A
:10E91000F0BD694642F20900CDE9006507F003FD4C
:10E920000028EAD00446F1E7F00000202DE9F04F7E
:10E93000D0F8109089B00293B9F1000318BF0123F9
:10E9400005460F469346DFF8A0A20393DAE8AF3FEF
:10E950005A0740F12B81466873050BD56FF01504FB
:10E96000002340F201119B4540F02981204609B067
:10E97000BDE8F08FD0F81080B8F1000F01D0B407D7
:10E98000ECD09A4C2878E3798342E7D9C0EBC000F9
:10E990000722974920440BF0FAFA0028DED0B0078E
:10E9A00006D194F87030082B02D8AB689F2BD5D9CC
:10E9B00016F0300F6DD0B8F1000FCFD0F1066BD448
:10E9C00006F46036B6F5603FC8D0284607F0A7FCCD
:10E9D00080460028C2D0874ED6E8AF2FC2F300236E
:10E9E000D20500F1E680CDE90533CDF81B30AB68E8
:10E9F0006A68ADF81030EB6812F4004FADF81230D1
:10EA000014BF06230723D00348BF03F00503910377
:10EA100048BF03F0FB038DF81D30DAE8EF3F23F425
:10EA20008073CAE8E23F002AF7D12B78039A237655
:10EA300084F86F30696870480DF11503FFF7DCFE4C
:10EA4000044600288CD16D4BB9F1000F30D02A69F3
:10EA500011684AF8B31C9188998092799A716B6811
:10EA60009A0727D0B9F1000F2BD013F0100F0CBF6D
:10EA7000012304238DF814302B691A68CDF8162071
:10EA80009A88ADF81A209B798DF81C304FF0000859
:10EA90001AE0B8F1000F93D1D5E902239A423FF66C
:10EAA0005DAF1F2A7FF65AAFB3F5804F88D955E77F
:10EAB0004F4ACDE79C0502D4029B002B4AD002238B
:10EAC00000E04B468DF814304FF0FF304FF0FF312F
:10EAD000FFF7EEF9044600286ED00F2204A90C308F
:10EAE00007F068FB2146002242F20600FFF768FAB1
:10EAF000044600287FF434AFB9F1000F2ED0012175
:10EB00003D4807F06AFC044600287FF429AF6B6893
:10EB100098072FD0D6E8EF3F43F40073C6E8E23FF2
:10EB2000002AF7D1B8F1000F2DD0D6E8EF3F43F41B
:10EB30008063C6E8E23F002AF7D16B6859072BD5FE
:10EB4000D6E8EF3F43F48053C6E8E23F002A3FF4A3
:10EB500007AFF5E703238DF8143097E75946384699
:10EB6000129B029ACDF80080FFF7B8FE04460028F9
:10EB7000C5D0F5E6D6E8EF3F23F40073C6E8E23FE0
:10EB8000002ACFD0F6E7D6E8EF3F23F48063C6E84B
:10EB9000E23F002AD1D0F6E7D6E8EF3F23F48053D6
:10EBA000C6E8E23F002A3FF4DBAEF5E76FF00A0467
:10EBB000D6E66FF07704D3E66FF06804D0E63A88C3
:10EBC0008A4204D17A6812B11278D20702D4013392
:10EBD0000837C8E60A490B480AF069FD00230A4ACB
:10EBE000084804F0BBFAC1E69C010020C8000020E0
:10EBF000BBBF0100F0000020E0000020E900002081
:10EC00002D640100F80000201C4E0E0008B50948D4
:10EC100007F009FC084BD3E8AF2FC2F30020D20560
:10EC200006D5A3F110000021BDE8084007F0D5BBD0
:10EC300008BD00BFE0000020F0000020C04330B558
:10EC40000C4D0A44914201D1C04330BD11F8013B43
:10EC500083EA000404F00F0455F8244084EA1010FD
:10EC600080EA131303F00F0355F8233083EA1010E2
:10EC7000E8E700BF0CB401000122024BC3F80424F2
:10EC8000704700BF002008E0084B70B5C31A0D465E
:10EC900007499B10044659434022064807F0D8FB19
:10ECA0002B4601462046BDE870401847341E002020
:10ECB000B76DDBB664A20100402373B50B4C009323
:10ECC000041B0B460D460A49A41061430646094A37
:10ECD000094807F0E8FB014628B130462B4602B050
:10ECE000BDE87040184702B070BD00BF341E002060
:10ECF000B76DDBB61565010064A201002DE9F8438C
:10ED00000022012107464FF48770FEF755FA11489B
:10ED100002F076FA0446C0B909F092FE25464FF09B
:10ED20001C094FF00C083E690B4909FB056006F011
:10ED3000A6FE031E0CDB012308FB05661D44032D04
:10ED4000F365F0D12046BDE8F8836FF00404F9E7DD
:10ED50001C46F7E785EE00004CB401001FB5002209
:10ED600001236C46CDE902236B46074ACDE90044F6
:10ED700007F0C9FB28B943F609520023684603F09F
:10ED8000E9FF04B010BD00BF3365010010B5EFF31B
:10ED90001184402383F31288BFF36F8F074A1368EF
:10EDA00023F00201DB07116002D4012009F03EFECE
:10EDB00084F31188BFF36F8F10BD00BFAC1E00201D
:10EDC0000C22104B014602FB0033002030B4D3E983
:10EDD00015525865EFF31180402484F31288BFF375
:10EDE0006F8FDC6D04F0C00444F00204DC6580F336
:10EDF0001188BFF36F8F1DB12B4630BC02481847F6
:10EE000030BC7047341E002064A2010010B4EFF340
:10EE10001180402282F31288BFF36F8F16490B686E
:10EE200043F0020413F001030C6017D0134BD3F826
:10EE30000C3413F4803311D0EFF3118182F3128874
:10EE4000BFF36F8F0E4AD36D03F0C00343F002038C
:10EE5000D36581F31188BFF36F8F012380F311888D
:10EE6000BFF36F8F1BB1002010BCFFF7A9BF0120BB
:10EE700010BC02F0AFB900BFAC1E002000E0105083
:10EE8000341E0020042804D0072809D0022809D005
:10EE90007047064BD86D10F0070005D1FFF790BF03
:10EEA0000220FBE70120F9E7704700BF341E002075
:10EEB000C3B21C20014A00FB03207047341E00200F
:10EEC0002DE9F041012280463549D1E8EF3FC1E804
:10EED000E02F0028F9D133B9324933484B60CB6079
:10EEE0008A6006F0DFFD08F1FF33012B4CD8B8F142
:10EEF000010F06D12D4BD3F8503403F00303012B3F
:10EF000042D00AF0F3FB054650B1EFF311864023DF
:10EF100083F31288BFF36F8F0125244C244F21E027
:10EF2000244B1B78002BF0D00422204B0646C3F85C
:10EF30000823F2E755B3304607F0C3F8D4F840345D
:10EF400013F0FF030ED1D4F808215AB1C4F80831E8
:10EF5000D4F808314FF480420123C4F84034C7F894
:10EF6000A0212361D4F84C24D4F84C34D203E1D549
:10EF700003F00303012B02D0B8F1010FDAD155B130
:10EF800086F31188BFF36F8FBDE8F0810021202048
:10EF90000AF049FCD2E70422044BC3F80423F3E748
:10EFA000301E0020201E0020501E002000E01050C7
:10EFB00000E100E0CB2500200023024A0020C1E947
:10EFC0000023704700D01F000048704770B4010054
:10EFD000024B0B6001231360704700BF78B401003F
:10EFE00008B50122054811460AF0A8FA02F052F9C4
:10EFF000034B044A0020C3F80C2508BDB01E0020B6
:10F0000000E004508000008038B542F201030F4D4B
:10F010001446C5F80035A1B10AF0A4FFBFF35F8F15
:10F02000D5F81834DB0706D4C4F308041CB1012357
:10F03000AB60BFF35F8F4FF40052044BC3F8002561
:10F0400038BDFF210AF09BFFE8E700BF00E0045055
:10F05000F0B5051E0F46144687B033DB1B4B9D42AF
:10F0600030D8C5F5FE1303F580539A422AD8FAB179
:10F070004FF0FF324FF0FF33154803F06BFE09F0FD
:10F08000E2FC0646B8B101238DF81430114B4FF461
:10F09000FA50009302AB04940193CDE9027502F09B
:10F0A00001F9684602F004F90446094803F01EFE1F
:10F0B000204607B0F0BD224639462846FFF7A4FF98
:10F0C0003446F2E76FF01504F2E700BFFFCF1F00F0
:10F0D000B01E00206B65010010B50C1E10461A46CC
:10F0E0000CDB084B9C4209D8C4F5FE1404F580548F
:10F0F000A24203D80AF036FF002010BD6FF01500C1
:10F10000FBE700BFFFCF1F0000487047CCB40100F1
:10F110002DE9F34743680F1E05461646D3F82090A5
:10F12000C0F28580BB184B4500F2818047EA02049B
:10F13000C4F30B04002C7AD106F0D0FD002879DB53
:10F14000284607F087FA2146284607F002FB4FF0D1
:10F15000FF3A0446002E55D0002C53D12346CDE96A
:10F16000004480220621284607F096FA044600282B
:10F1700048D14E4513D10346CDE900008022C72176
:10F18000284607F089FA00260446002C3AD140F2BE
:10F190001B620023284607F018FB0446DAE7804686
:10F1A000264B5A7882B10AFA02F137EA01010BD1F3
:10F1B00001219140B14207D8B8F1000F1ED098F854
:10F1C0000110914238BF98460134042C03F1020328
:10F1D000E7D1B8F1000F13D00023812298F8001076
:10F1E0002846CDE900333B4607F056FA012398F84C
:10F1F0000120044693401F44F61AC6E79846E3E709
:10F200006FF015040121284607F0A3FA002C14BF63
:10F2100026460646284607F012FA40F23912002325
:10F22000284606F0F7FE304602B0BDE8F0876FF0E2
:10F230001506F8E76FF00406F5E700BFEEBF010022
:10F2400010B5044600694FF0FF3201210AF076F94B
:10F25000636893F84A20520615D4636893F94A20EC
:10F26000002A0ADAD86B0AF077F8C0B160684FF468
:10F27000B0113C3007F0BCF988B92046BDE8104019
:10F28000084906F0B9BC586B0AF066F838B16068F6
:10F290004FF4D011343007F0ABF90028DDD06FF017
:10F2A000120010BD4F6A010070B546680546B0688F
:10F2B000C0B109F01DFE0146A0B9B06802F008FA1D
:10F2C0000446A8B902460C49B06809F0FBFD224685
:10F2D0000121DB20FDF770FF2246012140F20D10D5
:10F2E000FDF76AFF2846BDE87040044906F084BC7B
:10F2F0006FF0040070BD00BF7DF40000B76C01002A
:10F300002DE9F04340F206354768D00648BF4FF07C
:10F31000030C3B7C02EA050558BFC2F3401C87B0D2
:10F3200001F01F06B5F5837F144646EA43168DF8B3
:10F3300003C045D00DD8062D44D005D8A5B1022D67
:10F3400012D06FF0150038E0B5F5807FF9D10125B6
:10F350000AE040F20222954236D0B5F5407F35D022
:10F36000B5F5007FEDD10425220331D501237A685C
:10F370008B405360B86890BB7F2E06F01F034FEAA6
:10F38000561175D83C4A52F82120C4F3004102EBD3
:10F390008302D2F8803081F00101C4F3404423F4A9
:10F3A000706344EA410423F00F031C4344EA8C04D5
:10F3B00044EA0524C2F88040002007B0BDE8F0838D
:10F3C0000925D1E70825CFE70625CDE70525CBE7B9
:10F3D000630341BF01237A688B409360CAE73146DB
:10F3E0000DF1020209F071FD14F4403F80460CD18A
:10F3F0003146B86809F082FDB8F1000FDCD19DF804
:10F400000210B86802F09CF9D6E74FF0000901AB92
:10F41000CDE90199CDE90439CDF80C903146B868B1
:10F4200003AA09F09BFC4845C6DB14F4003314D052
:10F430009DF80330C4F3004484F001048DF80E30CD
:10F440008DF80C508DF80D404B463146B86803AA34
:10F4500002F0C8F80028CFDAAEE7CDE904330DF1A9
:10F46000030303933146B86803AA09F077FCF1E778
:10F47000203350F82330FFDED4B401004209022AC1
:10F48000034670B503D0012A18D0CAB170BD0E4E24
:10F49000326951680029F9D0012503F01F030C6877
:10F4A0009D400029F2D08A682A4002D030464B683D
:10F4B00098473CB1236821461C46F2E7034EE7E734
:10F4C000034EE5E72346F6E7C4A20100A4A201002B
:10F4D00084A20100F0B544681646A068227C01F0C1
:10F4E0001F0587B045EA421500286CD0B6F5001F0D
:10F4F00004D1294609F054FD002055E06268607C83
:10F50000B6F5800F50624FF0000001AA01905060E4
:10F5100039D1B3F1007F14BF052304238DF80430E3
:10F520000023CDE904230393E3680DF1030723FAD5
:10F5300001F111F0010139D1B6F1A07F36D105F00A
:10F540001F037F2D4FEA551003F120033ED8214AB7
:10F5500052F8202052F82330DB0727D43A462946B8
:10F56000A06809F0B2FC163018D002972946A068AE
:10F5700003AA09F0F3FB002816DB01222946A06844
:10F5800009F0BEFCB8E7B3F1C06F05D0B3F1007F5E
:10F5900014BF01230223C1E70323BFE73946A06854
:10F5A00002F0D8F80028E0DA07B0F0BD3A46294664
:10F5B000A06809F08AFC0028D8D19DF80310A06843
:10F5C00002F0BEF8D2E76FF08500EDE751F8233086
:10F5D000FFDE00BFD4B40100082913B528BF0821FD
:10F5E0000C46084AD2F80433D2F808231BBA12BAE0
:10F5F00000920A46694601930AF0B4FC204602B024
:10F6000010BD00BF00C0FF001C4BD3F8002602F065
:10F61000010312F0060F18BF43F01003110648BF94
:10F6200043F48073D10548BF43F08003510548BFC0
:10F6300043F02003510648BF43F00203910548BF41
:10F6400043F08003D10448BF43F08003510448BF16
:10F6500043F00803110748BF43F02003D10648BF19
:10F6600043F02003910648BF43F02003120548BF32
:10F6700043F4006303600020704700BF00E01050B7
:10F680004FF0FF32024B0020C3F80026704700BF46
:10F6900000E0105070B50D46036804461B684068D2
:10F6A0009847012D0DD109F01AF90546054E23683A
:10F6B00060685B68984720B909F011F9431BB342B1
:10F6C000F5D970BD9F86010070B54568046928684A
:10F6D00009F042FE10B96FF0120070BD4FF43021F6
:10F6E000284607F046FC10F1860F04D14FF4202184
:10F6F000284607F03EFC0028EFD1A86805F108066F
:10F7000009F02AFE0028E6D04FF43021304607F0F9
:10F7100030FC10F1860F04D14FF42021304607F061
:10F7200028FC0028D9D118492A46204607F019FCA0
:10F730002969164B994221D014D8154B99421FD0F4
:10F74000144BCB1A594259418900204641F010010F
:10F7500007F049FB0028C0D104F11400BDE8704057
:10F7600009F047BE0C4B99420CD003F5C31303F5C7
:10F77000206399420CBF0A210021E6E70621E4E755
:10F780000221E2E70821E0E734B5010040420F0022
:10F79000A0860100801A060040E13300044B054AB0
:10F7A00001219362044AC8201A600022FDF704BDBB
:10F7B000781F0020E006002000800C50054B064A10
:10F7C00001219362054A4FF482701A600022FDF70E
:10F7D000F3BC00BF241F00209C06002000401050F6
:10F7E00038B504464568AB6998470121E86907F0D8
:10F7F0005FFD234629462A69A86A09F04CFD0028C6
:10F8000005DB2046BDE83840024906F0F5B96FF047
:10F81000040038BDCF7301002DE9F041456804466E
:10F820000669286809F098FD18B96FF01200BDE864
:10F83000F081304609F0DDFD7461AB68BBB904228C
:10F840000B2120466B7C07F006FE0028EFDB06222A
:10F850000B212046AB7C07F0FEFD0028E7DB0123EF
:10F860002046BDE8F0411A460B2107F0F4BD052300
:10F87000062120462A7C07F0EEFD0028D7DBA86889
:10F8800009F06AFD0028D0D0B5F80EE0A868297B01
:10F890004EF480320127D0F810C01EF0010FDCF8C2
:10F8A000003007FA01F714BF3B43BB43D0F8088090
:10F8B000CCF80030D8F8003098470028B7DB012793
:10F8C0002B7B1A4A07FA03F3C6E90723A86806F157
:10F8D00018018368DB6913B96FF05700A7E73A4650
:10F8E00098470028A3DB124BB362EB89A868297BF9
:10F8F00003F0400386680269B669002EECD01268F6
:10F900008F4017420CBF43F0B86383F0707323F04D
:10F91000794323F47F0323F47F434FF0A07223F055
:10F92000BF03B04700288ADA81E700BF09740100ED
:10F9300035F90000262300222DE9F04F044650F847
:10F94000100C91B0D0F804901146009306AB07F06C
:10F950005FFD002805DA204603F05CFB11B0BDE82E
:10F96000F08F0026234F97F8008097F801A008F148
:10F9700040036B4413F8273C1AEA030F13D02169A4
:10F9800031B1012354F8100C0D6803FA06FB11BBCA
:10F9900008F101025346002154F8100CD2B207F0CE
:10F9A0005AFD0028D7DB01360E2E07F10207DAD107
:10F9B000D9F8080099F80C500669836805A95B68B6
:10F9C00098470028C7D1059B32685A400123AB40B5
:10F9D0001A42C3D0BFE78A681BEA020203D04B6811
:10F9E0000390984703981DB12B6829461D46CEE722
:10F9F0002B46FAE7F6BF0100036803F01F027F2BD6
:10FA000002604FEA53129ABF024B53F822000020C3
:10FA1000704700BFB0B501002DE9F74F1546074606
:10FA20004FF0010800EB8101B94203D1002003B07F
:10FA3000BDE8F08F3A68C2F3C323082BC2F3080471
:10FA400000F2AC805748C65C40F2FF139C4208BFEE
:10FA50004FF0FF34B2F1D05F4FEA126310D2192B8E
:10FA600012D8DFE803F014233734282F3411111192
:10FA7000113A451111111111111111114851545719
:10FA8000382B4AD04E2B25D06FF08500CFE7C5F834
:10FA90000446631C36D001A80194FFF7ADFF019B1B
:10FAA0004FF0010908FA03F3436054E0C5F80C462F
:10FAB0004FF0000A18E04FF00009C5F80046631C3B
:10FAC00020D040E04FF00109C5F80446F7E7C5F83B
:10FAD0000846EDE7C5F81046DBE7C5F80046002EFE
:10FAE000E6D14FF0000A0826601C0BD0D14634E066
:10FAF000C5F80446F3E7C5F860457B88621C03F04F
:10FB000001031CD104378FE7C5F86445F5E7C5F854
:10FB10006845F2E7C5F86C45EFE701A80194FFF7E7
:10FB20006BFF019B4FF0010A00EB8300D0F880309F
:10FB300023F0E04343F08043C0F88030D4E7002B4B
:10FB4000A9D14FF0010901A80194FFF755FF019BCE
:10FB500008FA03F383604FF0010AD7F800B001A858
:10FB60001BF4004F1CBF4FF001094FF0000A019435
:10FB7000FFF742FF019B0C4C00EB8300D0F8802084
:10FB8000CBF3412B330243EA8B0343EA0A031440CD
:10FB9000234343EA4903C0F88030B3E76FF0150010
:10FBA00045E700BF12C00100F0F0FCFF17289FBF1F
:10FBB000054B584300F5742000F510709ABF08609B
:10FBC00000206FF015007047A086010010B5134C9F
:10FBD000A1421DDD124B98421ADCA04204DC002336
:10FBE0006FF02100138010BD994201DD1723F7E764
:10FBF0006FF43A63A0F55B2018440A4BB0FBF3F0B6
:10FC00001080584300F5742000F51070884202D926
:10FC10006FF01500E7E70020E5E700BF3F420F0067
:10FC2000A05A3200A0860100F7B5284E0C46737822
:10FC300031780546194317460BD07378022F327876
:10FC400003F00F030FD0032F2CD06FF0850003B00B
:10FC5000F0BD0223009326223346806A07F0D8FBCA
:10FC60000028EADAF3E795F82C1001290FD1012AD0
:10FC700001D80CD15BB10123A340DBB20093082271
:10FC80000221A86A07F019FC00280FDADFE7012338
:10FC900004F108020821A86AD2B203B0BDE8F0401E
:10FCA00007F0D9BB95F82C10012903D0002304F1EB
:10FCB0000802EFE7012A02D8F8D1002BF6D0012381
:10FCC000A340DBB200930023D9E700BF1925002031
:10FCD000054B1B7833B180684FF0FF324FF0FF3394
:10FCE00002F010BF704700BFCB250020034B1B78EC
:10FCF00013B1806802F078BF704700BFCB250020A9
:10FD000037B5472915461C46406806D04F292ED0E6
:10FD10002C2912D06FF085000DE00A2AFAD10422B6
:10FD2000032100680DF1070307F08EFB18B99DF859
:10FD30000730C4E9003003B030BD022AEAD1052201
:10FD4000294600680DF1070307F07EFB0028F2DB6F
:10FD50009DF807301BB9236063600020EBE713F0C8
:10FD60000A0318BF01231B4AC4E90032F5E7072242
:10FD7000022100680DF1070307F066FB0028DADBBB
:10FD8000EDB2133D052DC5D8DFE805F0030A0F14C9
:10FD9000191E9DF8072002F0010200232260DBE714
:10FDA0009DF80720C2F34002F7E79DF80720C2F351
:10FDB0008002F2E79DF80720C2F3C002EDE79DF84C
:10FDC0000720C2F30012E8E79DF80720C2F34012B3
:10FDD000E3E700BF20A1070037B50A2A44681D6881
:10FDE00030D12C2915D047292CD10123206835B9D1
:10FDF0000522032103B0BDE8304007F02CBB0022F0
:10FE0000032107F028FBF8B901230422032120680D
:10FE1000F0E75A680D4B0E4803FB05220DF106036F
:10FE2000114608F089F810F1160F0DD001220221B9
:10FE30009DF80630206807F00EFB28B90123024622
:10FE40000221E4E76FF0850003B030BD40420F00AF
:10FE5000D4B601002DE9F04F446887B0206809F05E
:10FE60007BFA002800F04E810A22052194F86630C2
:10FE7000206807F0F0FA002840F0888010254FF045
:10FE80007E5BDFF888A204F144076FF0004357F867
:10FE9000040F98423DD0F8F7DBFA9D49F8F7E0FBF4
:10FEA0005146F8F721FA01465846F8F7D9FB994927
:10FEB000F8F718FA8046B4F86400F8F7C5FA014676
:10FEC0004046F8F719FBF7F77FFE266EFCF7CCF9F2
:10FED000804689463046F7F755FE42464B46F7F7CF
:10FEE000CBFEF8F78BF983020644B3FBF6F6C6F3B4
:10FEF0008D0320688DF81430022306F0030600936A
:10FF00002A46032105AB8DF8156007F0BBFA0028DF
:10FF10003CD10235EDB2182DB7D16FF0004704F196
:10FF2000540656F8043FBB4222D041F28832C3F552
:10FF3000C02303F2AE535A434CBF77497749784BFD
:10FF40004BBF8918891891FBF3F3B1FBF3F3C3F3AB
:10FF50008D0203F0030320688DF8153002238DF81D
:10FF6000142000932A46032105AB07F08BFA68B9E9
:10FF70001A2D0ED1626804F10C051146284605AB16
:10FF800008F081F8163006D16FF0150007B0BDE813
:10FF9000F08F1A25C5E70C2203219DF81430206844
:10FFA00007F059FA0028F1D1A2682846114605AB9E
:10FFB00008F069F81630E7D00D2203219DF81430BF
:10FFC000206807F048FA0028E0D1626AE16A05ABD0
:10FFD000511A013104F1280007F0AEFF1630D3D0DA
:10FFE00094F840102068FF29BDF814209DF81430C3
:10FFF00057D10822032107F02EFA0028C6D1626CDF
:020000021000EC
:100000004848114605AB07F097FF1630BCD00222D6
:100010009DF814301146206807F01DFA0028B5D16C
:100020000E22032194F86730206807F014FA0028A4
:10003000ACD10F22032194F86830206807F00BFA46
:100040000028A3D1012324220521206807F003FA08
:1000500000289BD101230C220521206807F0FBF921
:10006000002893D194F86A30002B3FD194F8662091
:1000700094F86B30002A42D006220321206807F052
:10008000EAF9002882D194F86930002B3FF47EAF62
:10009000012304220321206807B0BDE8F04F07F0D8
:1000A000DAB90225520803F001038DF80C208DF80F
:1000B0000D3008220321009503AB07F0E3F9002877
:1000C0007FF464AF94F84020174B206833F8123067
:1000D00003215A0803F001038DF810208DF8113028
:1000E0000A22009504AB07F0CDF986E701235022E0
:1000F0000321206807F0AFF90028B7D046E743F0A6
:100100000203B9E76FF0120040E700BF3393884362
:1001100000007A440FCF5B3BC4C3E1FF3C3C1E00B0
:1001200078783C00D4B60100B4B8010070B53A2923
:1001300014464568036917D8352905D80C2900F0FD
:10014000B7806FF085003DE036390429F9D801A267
:1001500052F821F0A1010100530201004301010006
:10016000AD020100C701010047398AB2082AE8D868
:100170000829E6D801A252F821F000BFA902010027
:10018000430101004301010043010100430101005B
:10019000430101009B020100A5020100DB020100F6
:1001A000188841F2883358434FF47A7200230021B3
:1001B000800AF8F7ADFB4FF47A7312FB03F220606C
:1001C0006260002070BD95F86620002AB9D098883A
:1001D000F8F73AF901464FF08940F8F741FA4FF045
:1001E0007E51F8F77FF8FCF7BFF90646B5F86400D2
:1001F000F8F72AF901463046F8F732FA014638484E
:10020000F8F770F801464FF07E50F8F729FA3549B3
:10021000F8F768F84FF04F410546F8F70BFB002858
:10022000CFD14FF09E412846F8F718FB0028C8D1DF
:100230002846F8F727FB2060F8F70AF90146284618
:10024000F8F750F82849F8F757F9F8F71BFB606002
:10025000B7E758889B7A0D2B10D80B2B10D8042B9E
:1002600013D00023584340F2FF3390FBF3F00023F8
:100270001E4AC117F8F74CFB2060A1E70F2BF0D105
:100280007D226B6A5343642204E0EB6B6A6B5B4232
:100290005343AA6B93FBF2F3E4E71B7A236000233A
:1002A00063608EE75B7AF9E7686AE0E7E86BDEE7B0
:1002B000D8880F4B4FF47A7258430E4B90FBF3F0F3
:1002C00000F5C02000F2AE500023C117F8F720FB64
:1002D0004FF47A7320605A4372E7DB7ADEE700BF9F
:1002E0000FCF5B3B339388430024744940420F0097
:1002F00078783C0078ECFFFF0023064A32F8021BB6
:10030000814201D11846704701330C2BF6D16FF0B2
:1003100015007047CAB8010070B505690B016A6A1B
:100320000C46D6681121F02203F0F003B0470028F4
:100330000BDB0B2C88BF41F608234FF000009CBF5D
:10034000034B33F814306B8570BD6FF00400FBE78E
:10035000CAB8010070B505690B016A6A0C46D66817
:100360001021F02203F0F003B04700280BDB0B2C28
:1003700088BF41F608234FF000009CBF034B33F8C1
:1003800014302B8570BD6FF00400FBE7CAB8010084
:10039000F7B5436804461B689847051E0BDB2669C2
:1003A0001221736A2046DD6880231A46A847002878
:1003B00004DA6FF00405284603B0F0BD48F6B80033
:1003C00008F0A0FF736A0F2120469B680DF1070219
:1003D00098470028EDDB9DF807306A2BE9D1002112
:1003E000204607F06BFE01460028E2D11D4B204657
:1003F000F360FFF7AFFF0028DBD10421204607F0B0
:100400006DFE01460028D4D1174B2046F361FFF75B
:1004100083FF05460028CCD1736A0722DF680A21D2
:1004200003462046B8470028C3DB736A4622DF68CC
:10043000122144232046B8470028BADB736A1521ED
:10044000DF68102320461A46B8470028B1DB736ADC
:100450001621DE68802320461A46B0470028AADA13
:10046000A7E700BF0000744200B8884508B50649F8
:10047000026943685162586808F06EFF00280CBF9B
:100480006FF01200002008BDECB6010038B504463C
:10049000056908F0E9F9014670B9012205F1B400D7
:1004A00009F04CF805F15C0008F003F82046BDE8BF
:1004B0003840024905F0A0BB38BD00BFEF870100FE
:1004C0002DE9F04198468B880F469904064615465B
:1004D000046900F189804FF0FF324FF0FF3304F1DF
:1004E0006C0002F037FC2766002D40F08680C4F8CF
:1004F00090500023C4F8943004F1A80204F1940150
:1005000004F1900007F0C2FF0546C4F8A400B8F15A
:10051000000F7AD1C4F898800023C4F89C3004F10D
:10052000B00204F19C0104F1980007F0AFFF002332
:100530001A46D4F894C0C4F8AC00C4F88C306245B4
:100540006CD100221146D4F89CE071456ED19342E3
:100550002CBFC4F8A030C4F8A02015B1D4F8A8303E
:100560002BB9002878D0D4F8B030002B74D03046A6
:1005700005F0B4FB054648BB3946304600F072F83A
:100580000546002864D104F15C08E76504F1B40570
:10059000284602F005FC3046314908F0ECF84FF0EF
:1005A000FF324FF0FF33284602F0D4FB3946304685
:1005B00008F0E2F8304607F0C0FF404607F038FF89
:1005C000054600283BD1BB889A040AD4E36D13B1D9
:1005D0009B889B0405D40023236604F16C0002F081
:1005E00085FB2846BDE8F081636F002B7FF473AF75
:1005F000236E9F427FF46FAF76E72B68C4F890308C
:10060000002B3FF476AF6B6874E7D8F80030C4F87D
:100610009830002B80D0D8F804307EE7D4F89010C2
:1006200001EBC201496801320B4488E7D4F898C055
:100630000CEBC10CDCF804C00131624485E710F119
:10064000740F05D1304608F0CFF8404607F0F0FEB1
:10065000304605F024FBB9E76FF01505B6E700BF9B
:100660004B860100F0B50569034695F828200C4635
:100670008BB00AB3E96A226891421DD1296B626886
:10068000914219D195F84020207D904214D1B5F8BF
:100690004410228B91420FD16A6BA16800286ED062
:1006A000914209D1AA6BE1684A4032F47F4003D1FC
:1006B000E96B2269914260D0A288110574D412F0CE
:1006C000090674D102F4FC61B1F5807F6FD1206816
:1006D0003A4988426BD929685868D1F800164F1CEE
:1006E0000FD012F0020201F01F07DFF8D4C04FEA6A
:1006F000511149D103295DD801225CF82110BA407B
:100700008A604FF0FF320392827F21688DF81220B9
:100710008269914294BF05910592A288960702F0E2
:10072000040139D500290CBF02210321C2F30012B4
:100730008DF819204FF0FF32079290F820208DF8A5
:1007400018108DF8202001228DF823208DF8242008
:1007500095F8282012B36946284608F0B1FC60B924
:1007600005F12C0304F11C0254F8041B944243F8D5
:10077000041BF9D1012385F828300BB0F0BD91425C
:100780009AD1A96BE26895E7032915D801225CF894
:100790002110BA404A60B4E78908C7E7694628468D
:1007A000084A08F06CFCDAE76FF08500E5E76FF0C7
:1007B0001500E2E79260FFDE7660FCE747E80100A3
:1007C000B4B701004187010070B4104CD4E90015A2
:1007D000501A63EB0506400940EAC6602026E0FB9C
:1007E0000615C4E90015002400250949C1E90023C4
:1007F000084BC3E90045EFF31181402383F31288CE
:10080000BFF36F8F70BC03F05BB900BF0818002006
:10081000F01700200018002008B500220121E42074
:10082000FCF7CAFC164A0020D2F8183723F44033EC
:10083000C2F8183701F0E6F8002820DB0120114942
:1008400001F06CF900281ADB01F0B4F80E4B20F02F
:100850001F00C3E900010D4B0022C3E900014FF066
:10086000FF304FF0FF310A4BC3E90001094B0A4941
:10087000187A01F0B1F867220020084B1A6008BD11
:1008800000200E50C808002008180020E81700209B
:10089000F0170020C0080020C907010064200020D4
:1008A00008B501F087F8064AD2E90032C01A054BB4
:1008B00061EB0201C3E90001400940EAC16008BDE3
:1008C000081800200018002010B501F077F9012069
:1008D000FEF7EEFA05F031F9BDE81040054B064A87
:1008E0001B684FF47A70B3FBF2F35843034B43F0A9
:1008F00001031847CC08002040420F00B0B20100AD
:10090000F7B5224B0146224F187A224BD7E9005601
:10091000D3E900239E4208BF954211D1B1F1806F07
:100920000ED24901012938BF012101224D1946F19A
:100930000006C7E9005603B0BDE8F04001F0CAB9AF
:10094000154BDFF858C0D3E90043DCE9002CA418AC
:1009500043EB0C0C4FF0200E22466346C1FB0E23E6
:10096000954276EB0301C7E900230DD2291B66EB04
:100970000C04C82974F10004B4BF012100210091C6
:1009800001F072F903B0F0BD0021F8E7C0080020C3
:10099000F8170020F0170020081800200018002089
:1009A00002460B46014802F0ADB800BFF009002036
:1009B000014802F019B900BFF0090020B0F1005F52
:1009C00007D3064B984206D8054B0344C3F3C73000
:1009D0007047002070471020704700BFFFFF0720BE
:1009E000FF7F00E010B5FFF7E9FFB1F1005F1AD318
:1009F0000D4B99428CBF1021C1F3C731884212D2EE
:100A00004FF0FF330139C9B2C1F11F01CB404FF0A4
:100A1000FF31064C8140D4F8002503EA010022EAA8
:100A20000002C4F8002510BDFFFF072000F00C50A5
:100A300001490248FFF7D6BF00EC0720C85C002040
:100A400070B5064686B00D461848194908F0FDFDF8
:100A500001A8F7F7F0FF174808F07EFC00B3164B2B
:100A600068460093F0F7E8F9E8B94FF0FF304FF02F
:100A7000FF31FFF795FF044638B910491048EFF7EA
:100A800063FE044620B1FFF793FF204606B070BD19
:100A9000FFF78EFF33690B481D60FDF749F8F4E757
:100AA0006FF01204F1E76FF01504EEE76C20002000
:100AB0004189010004A30100710B010010180020FE
:100AC000890B0100C90C01001FB52848EFF7C0FDD4
:100AD0000446002844D1EFF775FE0221204601AA02
:100AE0008DF80440EFF7E2FD031E38DB08230721F1
:100AF000204601AAADF80430EFF7D8FD031E2EDB27
:100B00004FF01B13019340F203230321204601AA57
:100B1000ADF80830EFF7CAFD031E20DB01230421E6
:100B2000204601AA8DF80430EFF7C0FD031E16DB46
:100B30001F230621204601AAADF80430EFF7B6FDC9
:100B4000031E0CDB40F2822293420CD984F31188FD
:100B5000BFF36F8F0423184602DF6FF00B031C46B0
:100B6000204604B010BD2346F9E700BFE788010026
:100B700010B403460A46034881680C6819462346A8
:100B800010BC184704A3010070B5344C94F84730EA
:100B9000FBB194F84730042B3CD120783E282AD171
:100BA000A678B31E5E425E4163780233472B3FD87E
:100BB000002200233146FCF7C5FF0546E8B9CEB157
:100BC000002384F8473026492648BDE8704008F0E5
:100BD00058BD4FF0FF304FF0FF31FFF7E1FE48B94D
:100BE000204604F1470100F053FA0546FFF7E0FE06
:100BF000002DCED070BD0026D6E7627802321749AC
:100C000005F10C0005F0D6FA174B29461B6817486A
:100C10009847D5E7022B14D1002200230820FCF7C7
:100C20006FFF05460028E5D062880432472AE6D9DE
:100C3000002383F31188BFF36F8F0423184602DF6C
:100C4000BEE7082BBCD1002200232020FCF758FF70
:100C5000628805460028E8D1CCE700BF3B2500208C
:100C60006C200020981A00206820002024A3010096
:100C700038B50B8A0D461BB96FF01504204638BDF8
:100C800001F10C0005F0C8FA0128F5D14FF0FF3052
:100C90004FF0FF31FFF784FE04460028EED1E868EC
:100CA00000F02EF80446FFF783FE002CE6D104493D
:100CB000044808F0E6FC2846FCF76CFEDEE700BFBF
:100CC0006C200020981A00200A4B93F84730042B20
:100CD00002D1810709D47047022B02D1020704D444
:100CE0007047082B05D1830603D50349034808F054
:100CF000C8BC70473B2500206C200020981A0020BB
:100D00002DE9F341A64D07462C78002C40F0B9811F
:100D100004238DF80730A34B0688D3F80080B8F180
:100D2000000F13D1B30A082B00F0848009D8032BDD
:100D300029D0042B40D040F206439E422ED0012001
:100D4000B3E03F2B00F0FD80012022E10DF106030E
:100D50000DF10702691CC0470128E3D09DF8063059
:100D600013B9012840F083810F236B700423AB700B
:100D70000123E8702B71A5F80560012300202B707A
:100D800002B0BDE8F08140F60142B7F9003093426D
:100D900006D040F6034293420BD00124012003E029
:100DA000F81CEFF74DFD012484F001048DF8064096
:100DB000D4E7F7F737FEF6E73B88A3F58053013B0E
:100DC000082B00F25281DFE813F0090012001C002A
:100DD000500150015001500150012C009DF8073086
:100DE000714808338DF80730F8F79DF9DBE79DF877
:100DF00007306D4840338DF8073007F0A3FD002021
:100E0000D1E700229DF8073008338DF80730664B94
:100E10001A605A60EB7A23F0600343F06003EB72D0
:100E2000EDE79DF80730604806338DF80730F8F796
:100E3000A6F9B8E7384642F21C0130F8033B1AB273
:100E40008A4217DCB2F5005F18DDA3F50053013BC1
:100E50001B2B13D8DFE803F0142F3812414412473C
:100E60004A4D12121212121212121212121250596A
:100E70001212126242F24B039A4259D0012001E051
:100E8000EFF7F0FC42F264039E428DD042F264031D
:100E90009E4200F2DF8042F219039E4200F2CD80B2
:100EA00042F20C039E4200F2C18040F21D44341B0A
:100EB00018BF012478E79DF807303B4803338DF8CD
:100EC0000730F0F7D5F9DDE79DF8073036480833ED
:100ED0008DF80730F8F77CF9D4E7F8F76CF9D1E72B
:100EE000F0F784FACEE7F8F7A0F9CBE7F8F778F94E
:100EF000C8E7F0F7D5FAC5E79DF807302A4910335F
:100F00008DF80730F8F732F9BCE79DF8073026482E
:100F100008338DF80730F8F712F9B3E79DF807307A
:100F2000002008338DF807300323E872EB71A9E73E
:100F30009DF807301C4802338DF80730F8F705F9A3
:100F4000A0E738464FF60B4230F8033B934210D8E7
:100F5000B3F57C4F7FF6F8AEA3F57C43013B0A2B3B
:100F600057D8DFE803F00E235656564A56563841F6
:100F70004D004FF60C5293427FF4E6AEF8F789F934
:100F800007E09DF8073008480C338DF80730F7F775
:100F900054FD4FF6025326F00804E41A88E700BF18
:100FA000832500207C2000208A25002000209DF839
:100FB000073040338DF80730334B1880EB7923F03E
:100FC000230343F02303EB712B7A23F0070343F051
:100FD00007032B72DDE79DF807302B4817338DF898
:100FE0000730F7F745FDD4E79DF807302648203352
:100FF0008DF80730F7F760FDCBE7F7F737FDC8E767
:101000009DF80730204801338DF80730F7F771FD60
:10101000BFE701203AE7A6F50153283B1B4C9BB2E2
:10102000DC4004F0010484F00104BDE6A6F50053A1
:101030000D3B41F241249BB2F2E742F232039E4261
:101040003FF4B2AEA6F50154033C012C94BF00243A
:101050000124A9E642F285039E429AD842F2670330
:101060009E42D8D842F2660421E701209BE69DF813
:1010700007300E22AB7001236A70EB70AE80A8714E
:101080007BE64FF0FF307BE68A2500202F80402052
:1010900038B5094C0D4623781BB9BDE83840F7F741
:1010A00003BEA278611C023208F05CFF002004231A
:1010B00020702B7038BD00BF8325002070B5054619
:1010C0000E46084C204608F047F938B1A368294677
:1010D0002046B2B21B68BDE8704018476FF012009E
:1010E00070BD00BF04A30100322337B50125ADF860
:1010F000043000231C216846134A8DF80630ADF8F1
:1011000000508DF80230F6F79DF90446C8B905F095
:1011100017FA80B2F4F74EFE29460C48F9F7EBFCBB
:10112000044670B901462A468520FCF745F82A4650
:101130002146E520FCF740F82A4621468A20FCF7A4
:101140003BF8204603B030BD99890100842000207F
:101150000149024808F095BAE8200020981A0020BA
:101160000122054B05491A63A3F54023D3F818055E
:101170000860C3F81825704700E01050E4200020F4
:101180000122044B5A63044B1A68044BC3F8182518
:10119000704700BF00E01050E420002000E0045041
:1011A00001280AD0022801D020B170470420054B45
:1011B0001B681847034B1B68FBE7024B07201B68A3
:1011C000F7E700BFF8200020014B02201B681847FA
:1011D000F8200020012803D0022805D038B170473C
:1011E00000200549F4F7F0BC01200349FAE7034B5E
:1011F00002201B68184700BFA1110100F820002041
:10120000014B186000207047F820002010B51D48E1
:10121000D0E8AF3F23B9062904D8042926D839B12C
:10122000002010BD0729FBD1383801F05FFDF7E73A
:1012300050F8203CA0F13804D3E900209047012861
:1012400008D0114B984203D00223606384F82C30FD
:101250000E48E6E742F21073A362032384F82C30B1
:1012600004F11C0384F821002363F1E700F8173C24
:10127000074BA0F11C0140F8103C3838007CF9F70E
:101280007BFCCDE7342100201F646602282100206A
:10129000FF3F420F01220021014808F04FB900BF73
:1012A000FC200020014B5861704700BFFC2000204B
:1012B00038B54FF0FF3105464FF0FF30FFF770FBB8
:1012C00029492A48F5F7FEFF0446FFF771FB002C79
:1012D00046DB40F20113264C002223846369A5619A
:1012E0006433636242F21073A3626FF07303227778
:1012F000636304F13805D5E8EF3FC5E8E12F002925
:10130000F9D14FF0FF314FF0FF30FFF749FB04F107
:101310001C01207CF9F730FCFFF74AFB0023204634
:10132000144A01F017FD00282B4606DA0122D3E803
:10133000EF1FC3E8E02F0028F9D14FF0FF314FF045
:10134000FF30FFF72DFB207CF9F7F8FBFFF730FBB0
:10135000D5E8AF3F13B1064801F022FD606B38BD00
:101360006FF00B00FBE700BF0C2100200D12010005
:10137000FC2000200E720B0010B50C29036915D15A
:1013800018680C4C80EAE0730028A3EBE0734FF080
:1013900000004FEA930103F0030304FB03F3BDBF16
:1013A00049425B4211601160536010BD6FF08500CF
:1013B000FBE700BF90D0030003689A070CD50368D1
:1013C000DB070DD50922074BC3F80C250F22C3F804
:1013D000042501221A60FEE7034B0360EF3B036024
:1013E000704700BF00801050F000FA5008B501238C
:1013F0002F4A3048C2F80038A2F55722D2F800240C
:101400002D4AD2F84023292A04BF2C4AC2F80C34B2
:10141000FFF7D2FF0830FFF7CFFF0830FFF7CCFF10
:101420000830FFF7C9FF00F5F470FFF7C5FF244A45
:10143000D2F88C3043F44063C2F88C300022D300E1
:1014400003F57F0303F54043D3F8001401310AD0BC
:10145000D3F8001439B1D3F800140132D3F80434AE
:10146000402A0B60EBD1174BD3F80026D2071AD4D1
:10147000154B1349D3F8182522F00302C3F8182599
:10148000D3F81825C3F81825D1F88C2042F440620F
:10149000C1F88C200022C3F8A0250C4AD2F80034F1
:1014A000012BFBD008BD6FF00102C3F80026DFE777
:1014B0000000125000F50E5000C0FF000030055033
:1014C00000ED00E000E0105000E0045000900450F7
:1014D000014B07F00FBB00BF298B0100036803F02D
:1014E0001F027F2B02604FEA53129ABF024B53F840
:1014F00022000020704700BFD0B70100034A430913
:10150000D35C00F01F001844C0B270471BC001003C
:10151000F0B58446002587B0DFF848E0124F01910E
:1015200002AE1EF8013B06AA02EBD30212F8144CDD
:1015300003F00703DC4014F0010406D10135042D4B
:10154000EFD10024204607B0F0BD97E80F0086E8F1
:101550000F0056F82520136A4CF825301362002B33
:10156000ECD0EFE72BC00100C4AF0100F7B5044693
:101570000846FFF7C3FF04EB4006B38A0D46DB07BE
:101580002AD5204607F0C8FB2946204607F035FB40
:1015900050B1204607F047FB0023276807EB800087
:1015A000C0F81035C0F810352946204607F064FB16
:1015B000002101A8B1820195FFF790FF019B00EB8C
:1015C0008300D0F88020064B134043F00203C0F89C
:1015D0008030084603B0F0BD6FF01500FAE700BF99
:1015E000F0F0FCFF2DE9F043044685B008461546AF
:1015F0001F46FFF783FF0E46804625B3204607F0BF
:1016000007FB18B9204607F0F8FA18BB04EB4809A5
:10161000B9F8143003F01C0313B16B78012B19D007
:1016200001238DF80F3000233046CDE900536A1CAA
:10163000AB1C0DF10F0107F088FAB9F8143043F034
:101640000303A9F81430002F3ED03146204607F09E
:10165000DFFA20B96FF0150005B0BDE8F083002275
:10166000397823684FEA810C03EB8103C3F8102516
:10167000C3F8102504EB4802938A23F4604323F057
:10168000200393827D78FDB12468B8786444D4F84F
:1016900010750E4B2D043B40C4F8103541F6F07325
:1016A00005F4403503EA06130005D4F810752B4302
:1016B00000F4801003433B43C4F81035938A43EA97
:1016C000413343F0200393820020C5E70FE0ECFF95
:1016D00070B590F8B040054690F8B1604CBB8422DC
:1016E0002146143008F04BFC2146134A2B6852F86F
:1016F00036608E4213D1002440F20D10C3F84441ED
:10170000D3F844210D4A934208BFDB20FBF732FD9A
:101710000123204685F8B030C5F89C3070BDCAB2B0
:10172000920002F58070442A04BF1C501A580131FF
:10173000DFE76FF07700F1E7E0B7010000A00D50A0
:1017400090F8B100024B03EB800007F0BAB900BF7C
:10175000D008002010B5064B90F8B1000C4603EB02
:10176000800007F094F90028A4BF2070002010BD6D
:10177000D00800202DE9F04F804658F804BB90F8BF
:10178000B140DBF814136B4BC9B253F83420074651
:101790008DB0584641F4003107F097FA82030546B0
:1017A0003AD51022002108A808F0E9FB614BE600B9
:1017B00003EBC404636808A819460093FFF7A8FE6A
:1017C000331D03934FF0000A5B4B0DF12009029388
:1017D000029A584912F8013B0292039A02EBD30293
:1017E0008A5C03F0070322FA03F3DB071AD40AF139
:1017F000010ABAF1040F09F10409E9D14FF40031EB
:101800000022584607F061FA009908A8FFF780FE09
:101810000028D7D125F400350124002D73D10DB057
:10182000BDE8F08F454B53440493D9F80060002E77
:10183000DDD096FAA6F6B6FA86F6049B1C7846EA40
:1018400044142046FFF75AFE07EB4000818AF20855
:10185000C1F3820305930193012319F8020006F0F6
:10186000070603FA06F620EA060009F8020007A8B0
:101870000794FFF733FE079A11F0100F02F12002D0
:1018800050F82260059BC6F3014623D04046019ADA
:10189000214607F0D2F907A80794FFF71FFE079B20
:1018A000F6B2203350F82330C3F301439E4207D1F0
:1018B0000021204607F092F93146204607F08EF9C4
:1018C00007A80794FFF70AFE0122079B02FA03F319
:1018D0000362AAE7022E14BF0221032120460593CA
:1018E00007F07CF9059B032B03D0022E07D1012BB7
:1018F000E6D121464046019A07F09FF9E0E7032E22
:10190000DED1022BF4E795FAA5F3B3FA83F304FAD8
:1019100003F225EA020503F5A2725BF8222007EB29
:1019200043034046B3F8A010C2F3014207F085F923
:1019300073E700BFE0B701002BC001002BC001001E
:101940000123034A03FA00F093680343936070474E
:10195000280400200123044A03FA00F0936823EAD4
:1019600000039360704700BF2804002073B504464D
:101970000191EFF31186402383F31288BFF36F8F39
:101980000B4D019B6A6801A81340019307F07FF893
:10199000002807DB01226B68824023EA02036B60A8
:1019A0002070002086F31188BFF36F8F02B070BDE6
:1019B000280400204FF0FF306FF0404130B5054C57
:1019C000D4E90023904271EB0305F9D31046C3F329
:1019D000130130BD40270E5030B50C25074B1C18A5
:1019E00094F8544005FB0433C3E90312187501232E
:1019F000034A8340C2F8243330BD00BF28040020CE
:101A000000200E50F8B53E4C2278002A72D13D4B92
:101A1000D3F8101521F00201C3F81015D3F81015F2
:101A200041F00101C3F810150521C3F8A4160421E3
:101A3000C3F8AC160723672101F001000244013B03
:101A4000D2B24FEA5101F7D1052A56D119464FF0CB
:101A5000010C2B4E00256720CFB204E00CFA02F2F5
:101A600020EA0200013590FAA0F25FFA85FEBE4539
:101A7000B2FA82F2F2D3013132750529224482F89A
:101A8000547006F10C06E5D1012100251E489A0884
:101A900001FA02F212F0670F18BF1D500433302B09
:101AA000F5D1E420FBF766FB164B1849D3F8102557
:101AB00003F5C07322F00202C3F8902340F6FF72D0
:101AC000C3F8A82100221A60A3F5807004338B426A
:101AD0000260F8D101250B4B0D4A1D660D4B5D20B0
:101AE0001B68B3FBF2F358430B4B2B439847002082
:101AF0002570F8BD6FF07700FBE76FF08B00F8E71B
:101B00002804002000200E5000210E50B0210E505D
:101B100040420F00CC080020C0B2010038B5244B71
:101B20000D46D3F8102594073CD4D3F8102542F085
:101B30000202C3F81025C0B1D3F8482712F0010201
:101B400002BFD3F8481741F00101C3F84817184BFA
:101B5000D3F84017D3F844174800F9D42AB9D3F87A
:101B6000482722F00102C3F84827124B124A1B688B
:101B7000B3FBF2F30E4A03EB4313B3B1D2F84017B1
:101B8000D2F8441749000BD44FF0FF312846FFF735
:101B9000EDFE044610B92878FFF7D2FE204638BD86
:101BA000013BEAE76FF07704F8E76FF07304F5E7BD
:101BB00000200E50CC08002040420F002DE9F047D5
:101BC000DFF89C9067234E4656F8044F0025E44307
:101BD0004FF00108234F04F06704C7F82833E9B237
:101BE000E4B9E420FBF7D4FA1E4BD3F8482722F0DF
:101BF0000102C3F84827D3F8102522F00102C3F8E8
:101C00001025D3F8102522F00202C3F81025012276
:101C10005A669A6689F80040BDE8F087D9F808301E
:101C200008FA05FA0AEA030313F0670F02D0084620
:101C3000FFF790FED9F80430DB4303F0670313EAA3
:101C40000A0F09D0002207EB0513C3F82C25E30780
:101C500002D5304606F035FF64080135BFE700BF06
:101C60002804002000200E5070B51E461546174A65
:101C70009DF81010131893F854300C3302EBC30482
:101C800042F833506660C6F313020401A1B104F1B7
:101C9000A04404F56224C4F82055C4F824250C4C53
:101CA00080000444236833B1FFF784FEA842B141A9
:101CB00001D20023236070BD04F1A04303F5622329
:101CC000C3F82055C3F82425F5E700BF28040020F9
:101CD00000210E50F0B50E4D2B1893F85430000132
:101CE0000C3355F8334005EBC3077E68641800F1E8
:101CF000A04021F0004146F1000641EAC27100F522
:101D0000622045F833407E60C0F82815F0BD00BF62
:101D100028040020F7B5284B284CD3F82C6304F195
:101D200088070EB903B0F0BD96FAA6F00123B0FA09
:101D300080F08340DA43224926EA0306231893F809
:101D40005450830019440C2303FB0543DB6873B331
:101D5000D7E8EF3F03EA020CC7E8EECFBEF1000F71
:101D6000F6D1C340DB0719D5020102F1A04202F50A
:101D70006222D2F82435D2F82025D1F800C0BCF177
:101D8000000FCED04FF0000CC1F800C00C2101FBB9
:101D9000054529690091E9688847C2E705F10C0308
:101DA00004EBC30C54F83320DCF80430E5E70A6890
:101DB000002AB6D00B60B4E700200E5028040020A3
:101DC00000210E50044B40EA0120C3F80005D3F86F
:101DD0000024D207FBD5704700E00450036803F0ED
:101DE0001F027F2B02604FEA53129ABF024B53F837
:101DF00022000020704700BFF0B7010010B50B4B68
:101E000004680B4A0B48844208BF1346B3FBF1F049
:101E100001FB1033834206D2C30704D47E288CBF53
:101E20000020012010BD0020FCE700BF0024F400CA
:101E30000020A10700D0045070B54B7F04460D462A
:101E40007BB101236426436000220221204607F073
:101E5000C0F820B9012006F018FE013EF4D100239D
:101E60006B770023064AC4F80035D2F84023292AAC
:101E700004D1044A944208BFC4F8043C70BD00BFBA
:101E800000C0FF0000D0045073B51646421C1C462B
:101E90000546069B18D0012902D1BBB107F0D7F83F
:101EA00001A80195FFF79AFF019B240200EB830034
:101EB000D0F88020074B44EA86040C4313401C43AF
:101EC00044EA4101C0F8801002B070BD07F0CBF8C1
:101ED000E6E700BFF0F0FCFF431C07B50ED0019011
:101EE00001A8FFF77BFF019B00EB8300D0F8802067
:101EF000044B134043F00203C0F8803003B05DF898
:101F000004FB00BFF0F0FCFF2DE9F04F91F8213009
:101F100005460C4685B0002B00F0C58091F8227074
:101F20006F4A29686F4E70486369914208BF064640
:101F3000B6FBF3F66D4BD3F84033292B02BF95F86F
:101F4000223043F0080385F8223094F8232095F8D6
:101F5000223062F3000385F82230227CDBB262F388
:101F6000410385F8223094F82380B8F1000F34D172
:101F700062695F4B01219A4214BF4FF005094FF08F
:101F80000F09237E4246012B94BF002301230093B7
:101F900020684B46FFF778FFCDF800804B4642465D
:101FA00001216068FFF770FFCDF800804B46414685
:101FB000A27EA068FFF768FF237C424683F00103FE
:101FC000009301214B46E068FFF75EFF012100917D
:101FD0004B464246E069FFF757FF94F82130002B4B
:101FE00063D04FF0FF336B62637E94F8211094F856
:101FF0001280207E0393002961D0D4F80CC0217C8C
:1020000094F8249094F820E02B68B9F1000F12D1D5
:10201000D4E901BAD4F81C902268C3F80026C3F8AA
:1020200004B6C3F808A6C3F80C96C3F810C6C3F8E4
:10203000B815C3F8B075039AC3F8C085003A18BF45
:1020400001220228C3F82C653CD003283DD001288A
:1020500001D142F00202C3F85425C3F8ACE5234B8A
:10206000D3F84033292B14D1022E31D9237E13F01B
:10207000FD0F2DD176080136F6B2BE4238BF3E467E
:102080002B68C3F8B06595F8223043F0040385F857
:1020900022306B680BB32868C0F3083005B0BDE888
:1020A000F04FFBF767B802273AE7E3686B62227CE0
:1020B00095F8223062F3410385F8223094E74FF01F
:1020C000FF3C9DE742F00402C5E742F00602C2E78A
:1020D00095F8223023F00403D9E705B0BDE8F08F6E
:1020E00000D004500024F4000020A10700C0FF002D
:1020F0000048E80138B504460068C0F30830FBF733
:1021000047F8636843B12146154A51F8043BC3F8C8
:1021100008232068FFF790FE2368D3F80006D3F861
:102120000416D3F8085694F82230DB0714D4FFF7CE
:10213000D3FE2846FFF7D0FE0846FFF7CDFE606AC3
:10214000FFF7CAFE2368D3F80C06D3F81016FFF782
:10215000C3FE0846FFF7C0FE002384F8203038BDD8
:102160000700F81FF0B590F8213005460E461746D7
:1021700085B0002B40F0B58043682BB112F0140FEE
:1021800004BF012380F8213005F1100496E80F0008
:1021900084E80F00686A431C05D095F822309C073C
:1021A00017D506F054FF33682C6823B103F0604361
:1021B000B3F1005F06D1B36873B103F06043B3F1CC
:1021C000005F09D000236FF00C0085F8213005B0C6
:1021D000F0BD06F048FFE6E717F0010318BF012342
:1021E000C4F84C3717F0020318BF01230020C4F8CD
:1021F0001437D6E900C1D6E90223C4F83CC7C4F8B5
:102200004017C4F80427C4F80837C4F80801D4F804
:1022100008013548D0F84003292805D133488442C5
:1022200004BF0220C4F8040C0720C4F8000595F888
:102230002200000744BF8220C4F8800C95F82200D9
:1022400046070CD58220C4F8840C686838B1002099
:10225000C4F80001D4F800010120C4F8040317F009
:10226000080605D14FF0010E6868C4F800E0F0B12F
:102270006B686BBB95F82220100748BFC4F8803C00
:1022800095F82230590744BF0023C4F8843C686A9B
:10229000421C05D095F822309B0716D506F0E3FEC8
:1022A0001EB92046291DFFF7C7FD00208FE7D4F88F
:1022B00008010028FBD0CDE900C1CDE902230421AB
:1022C0006A46204606F085FED2E706F0C0FEE7E744
:1022D000042317F0040F14BFC4F80833C4F8043300
:1022E000E3E76FF00F0072E700C0FF0000D004507A
:1022F00070B5847B2CBB02687F2A02F01F034FEA73
:1023000052111FD840F60C05104E56F821201049E6
:1023100002EB8302D2F880300B402B43C2F88030AE
:1023200042687F2A02F01F034FEA52100AD856F87B
:10233000202002EB8302D2F880300B402B43C2F8FE
:10234000803070BD203354F82330FFDE00B8010028
:10235000F0F0FCFF00210268094BC160C2F80833AD
:10236000D2F8003223F0FF5323F4BC53C2F80032FA
:102370000123C2F8001580F8263080F82810704735
:102380002264F81F00232DE9F04780F827304B68BE
:1023900005460E461746046833B1CB6803F0604328
:1023A000B3F1005F40F042813378023B012B06D845
:1023B000336903F06043B3F1005F40F037819D4B18
:1023C000C4F8083395F8283003F0FF023BB16FF0F2
:1023D0000F08EB68C4F804334046BDE8F08707F007
:1023E0001403B3FA83F35B0985F82830337885F852
:1023F0002430737885F82530F3682B6173686B613E
:102400003369AB61B3682F62EB61C7F3001385F8E2
:1024100029307378C4F88835C4F83821D4F83831B5
:10242000C4F82821D4F82831C4F81421D4F8143180
:10243000C4F80421D4F8043117F0010318BF0123B4
:10244000C4F84C3717F0020318BF0123C4F814373F
:102450003378032B00F28180DFE803F05E764A02D6
:102460004FF48073C4F80032D5E90423C4F83C2744
:10247000C4F84037012323654FF00061204606F081
:10248000C9FE0028F8D1D5E90623C4F83C27C4F8D2
:1024900040374FF48063EB604FF0000817F00809F5
:1024A00010D13378032B0DD0012B6A686CD1A36255
:1024B000002A55D073682BB96B68002B00F094800C
:1024C000012363606B68002B00F08E80780744BFA7
:1024D0000023EB6079065EBFEB6843F00203EB601C
:1024E000EB6843F02003EB60EB68C4F8043373E758
:1024F000D5E90423C4F83C27C4F84037D5E90623BE
:10250000C4F80427C4F808374FF48453C4F80032E1
:10251000012323610223BEE7B806D5E90423C4F8EA
:102520003C27C4F840374BBF4FF480734FF400731F
:10253000C4F80032C4F800324CBF4FF48063022369
:10254000EB6001232361A7E7D5E90423C4F804273E
:10255000C4F808374FF48053D8E76FF015089DE7AB
:102560006A6902B963604FF0010A40F2024940F221
:102570002241204606F04EFE810601D5C4F804A093
:1025800010EA090FF3D095E701232365002A91D1C2
:102590006A693AB340F2024A19EA0A0F8AD140F254
:1025A0002241204606F036FE10F0200F8146F3D07F
:1025B0004FF48041204606F02DFED4F8003208B1D9
:1025C0009A0505D401222261626040B14FF00009F2
:1025D000DB05E1D54FF48061204606F01BFE4FF08D
:1025E0000009D9E76360D5E70022D4F8C434C4F801
:1025F000C43485F828206BB19A0756BF03F0010850
:102600006FF00D08A8F18C0813F0040F18BF6FF0DD
:102610000A08E1E67B063FF5DFAE2046291D06F0FD
:10262000B7FD002808BF6FF08B08D5E66FF00C08E7
:10263000D2E600BF2264F81F70B50568022186B09B
:102640000446284606F0E6FD20210646284606F008
:10265000E1FDD0B1D6B9E3684FF48041C5F8083345
:102660000223E360E3682846C5F8043306F0D2FD90
:1026700018B1D5F800329B0502D401232B616B60A1
:10268000012384F8273006B070BD8EB3236A5E063E
:102690000AD494F827303BB92846211D06F078FD6E
:1026A00080F0010084F82700236A13F0040337D177
:1026B000C5F83831D5F83821C5F83431D5F834317A
:1026C00094F8293013B194F82730F3B10023012294
:1026D000C5F80032E3602E4BC5F30431C5F808336A
:1026E0008A40C5F343432B49603341F823200CE073
:1026F0004FF48061284606F08DFD94F82430002BBD
:102700002FD194F82930002BE1D0A38CADF8043000
:102710002369049363690293A3690593E3690393AF
:10272000D5F8C4349807C5F8C4342AD459072AD434
:10273000DA072AD494F827309B00DBB28DF80030FA
:1027400094F829300BB984F82830236A5B0703D545
:1027500094F82730002B96D0D4E901316846984789
:1027600091E74FF40073C5F800322223E360084B71
:10277000C5F80833E368C5F8043301232B652B61E2
:1027800081E70123DAE70223D8E70323D6E700BF76
:102790002264F81F00E100E0036803F01F027F2BB2
:1027A00002604FEA53129ABF024B53F822000020F6
:1027B000704700BF10B80100F7B5064606F096FD59
:1027C000084606F093FD01A80196FFF7E5FF40F6E5
:1027D0000D050C46019B2C4900EB8300D0F880309E
:1027E00001940B402B43C0F8803001A8FFF7D4FFC1
:1027F000019B012700EB8300D0F880300B402B4376
:10280000C0F88030042006F040F9092501A80194A1
:10281000FFF7C2FF019AC368D340DB0714D401A8B5
:102820000196FFF7B9FF019B013D07FA03F38360AF
:10283000042006F02AF9304606F058FD042006F080
:1028400024F915F0FF05E1D101A80194FFF7A4FFD9
:102850000123019A93408360042006F016F9204674
:1028600006F044FD042006F010F901A80194FFF7DA
:1028700093FF019AC368D34013F0010F0CBF6FF0B0
:102880008B00002003B0F0BDF0F0FCFF38B5EFF393
:102890001185402383F31288BFF36F8F064B9C682A
:1028A00006F06DFD85F31188BFF36F8F2046BDE8FC
:1028B0003840FAF70FBD00BF3C21002038B50A4B65
:1028C00053F82040013053F82050A54200D838BDBD
:1028D000606830B1037EDB0701D406F017FD0834D1
:1028E000F3E723689847FAE720B80100012270B5A2
:1028F000294B86B003201A70FFF7E0FF07F045F977
:102900000420FFF7DBFF254C254D2646AE4204F19F
:1029100030040FD300F01CFE204CAC4226D300F054
:102920002BFEF8F749FC1F4A938923F0010393819A
:1029300006B070BD54F80C3C059354F8103C049359
:1029400054F8143C039354F8183C029354F81C3C7C
:10295000019354F8203C009354E90A2354E90C01F4
:1029600000F002FC54F8303C5E65CEE7D4E90A235F
:10297000B3F1FF3F08BFB2F1FF3F05D052EA0301B8
:10298000206803D106F078FF3034C6E706491830D6
:1029900001F006F8F8E700BFCB25002014AE0100D7
:1029A00014AE0100C81B0020B5970100882370B544
:1029B000134E012203FB0066002386B0CDE90423F9
:1029C0000F220193CDE9023214234FF4A0720D4D72
:1029D0000D4903FB0055044602FB00110B4B30462A
:1029E000009500F0C1FB337C2C7423F00403337496
:1029F000074B013403EBC423EE606B6006B070BD7F
:102A0000401B00203C210020583D0020CD930100B8
:102A1000583500207FB50020FFF750FF284B03F505
:102A2000006282F3088883F30A88E023254C00259E
:102A300084F822302023E37725766576A57684F81E
:102A40002050636A43F4E023636284F82350FAF76A
:102A5000FDFAFAF729FC4FF0FF33A362E362FAF7BD
:102A600009FEFAF7A3FC184800F0E8FB0120FFF785
:102A700025FF0220154CFFF721FF00F0A7FD144BA6
:102A80004FF480525C61134B134905930123204698
:102A9000CDE90353CDE90155104B009500F064FBDF
:102AA0000646237C204623F00403237406F05FFED1
:102AB0002846FFF77BFF31462046084AFAF7D4FB49
:102AC0005835002000ED00E0501C0020C81B0020FD
:102AD0003C2100205BBF0100983E0020ED28010052
:102AE00038B5064C064DAC4201D3002038BD204617
:102AF000D4E9011206F046FC1434F4E7A0090020E2
:102B0000A00900202DE9F341044617461E46EFF3C5
:102B10001188402383F31288BFF36F8F304BC26854
:102B20009B6872B18068984217D057EA060216D1A6
:102B300088F31188BFF36F8F6FF00F0002B0BDE80C
:102B4000F08193F90E1001322161C4E9023288F359
:102B50001188BFF36F8F0020F0E72169F3E793F945
:102B60000E1090F90E30994230DA9942A8BF1946FA
:102B700006F037FC054622464146CDE90076194865
:102B800000F044FC0028E6D0EFF31186402383F3E5
:102B90001288BFF36F8FA068D0B1236821699C426F
:102BA0000AD04BB193F90E309942A8BF19466FF085
:102BB0007F039942B8BF194606F013FC40B1314675
:102BC000084806F007FE6FF00A00B7E70025D2E7D5
:102BD000002DF4D186F31188BFF36F8FF3E700BFA8
:102BE0003C210020CC250020F8B583680546002B49
:102BF00040D0234A926893423FD1C368012B03D946
:102C0000013BC3600020F8BDEFF31187402383F33D
:102C10001288BFF36F8F0169806806F0E2FB2C68B1
:102C2000A54207D10023C5E9023387F31188BFF31A
:102C30006F8FE7E7002CF5D0D4E90032002613604F
:102C40005A60237CC4E9006623F002032374A66063
:102C500004F1180006F09EFEAC6094F90E30204698
:102C60002B61C4F8806006F082FD3946054806F005
:102C7000B1FDC7E76FF01500C5E74FF0FF30C2E7C1
:102C80003C210020CC25002037B51146EFF31185FB
:102C9000402282F31288BFF36F8F04689CB12368CF
:102CA000426823F003039442036008BF436001219C
:102CB000204606F01AFC044685F31188BFF36F8F97
:102CC000204603B030BD51EA0302F5D000F10802FE
:102CD000CDE900131046294600F098FB0028EFD1FB
:102CE000014B9B685C69EBE73C21002070B5EFF37A
:102CF0001186402383F31288BFF36F8F0468A042CC
:102D00001BD0D4B1D4E90032002513605A60237C73
:102D1000C4E9005523F002032374A56004F11800F0
:102D200006F038FE2046C4F8805006F020FD3146FB
:102D3000BDE87040064806F04DBDD0E902329A4227
:102D400018BF0133836086F31188BFF36F8F70BDA6
:102D5000CC25002013B5EFF31181402484F31288B1
:102D6000BFF36F8F846844B1013C846081F31188A4
:102D7000BFF36F8F002002B010BD52EA030406D1EA
:102D800081F31188BFF36F8F6FF00F00F3E7CDE988
:102D900000230246014800F039FBECE7CC25002077
:102DA00070B50546EFF31186402383F31288BFF315
:102DB0006F8F00232C68A54219D0C4B1D4E900322A
:102DC00013605A600023227CC4E9003322F002021F
:102DD0002274A36004F1180006F0DCFD6FF00A0312
:102DE0002046C4F8803006F0C2FC0123E2E700224E
:102DF000AA6023B986F31188BFF36F8F70BD314687
:102E0000BDE87040014806F0E5BC00BFCC250020BD
:102E10002DE9FF4104464027534EEFF3118887F315
:102E20001288BFF36F8FD4F88C50F5B9022104F1EA
:102E3000A40006F08FFB002870D004F19C0500224E
:102E40000121284606F038FD0028F8D100234FF074
:102E5000FF3202934FF0FF334146CDE90023434850
:102E600004F1940200F0DCFCD7E7D4F890202B6842
:102E70009542C4F88C3008BFC4F89030D4F8A43020
:102E800043F00203C4F8A430EB6823F0040343F0DA
:102E90000103EB606B6888F31188BFF36F8F2846DE
:102EA0009847EFF3118887F31288BFF36F8FEB68B1
:102EB000D80623F001023ED4EA60EB689A0717D5E2
:102EC000306823F00203EB6090B10021036878B111
:102ED000426895423DD10368002934D1726833605D
:102EE000904200D17360002340F8083BFFF7FEFEDC
:102EF000D4F8A43023F00203C4F8A430DB0530D4A6
:102F0000D4F88C30003B18BF012388F31188BFF33D
:102F10006F8F002B81D000F061FB7EE7D4F8A430E6
:102F2000D90693D5C4F8A40088F31188BFF36F8F36
:102F300004B0BDE8F08123F01103EB6005F110004F
:102F4000FFF7D4FEB9E70B607368984208BF716061
:102F5000C9E701461BB11A6818461346B7E71A4677
:102F6000FAE70023D1E700BF5C210020CC25002038
:102F7000F8B5C36804469A070E46C3F3400542D429
:102F80005F0742D40B680BB983680B60E368D8070E
:102F900042BFA36802253360376858BF012557B385
:102FA0001B4B9A68D7F888309A421ED106F09EFBD8
:102FB00080F00100C0B2D7F8A430D907C3F3800273
:102FC0001CD5F2B1F8B100232360D7F8903073B963
:102FD000C7E92344384606F0D7FAE36843F0040310
:102FE000E3603368A3602846F8BD0020E3E71C6077
:102FF000C7F89040EEE76FF0150506E06FF0120598
:1030000003E01B07DFD56FF00F0500233360EAE70D
:103010003C2100200146014806F033BBF81C00208B
:10302000F0B50446002089B00E9DC4E9230004F1E8
:103030009400C4E9250004F19C00C4E9270055B3BD
:103040002879002840F2011008BF0120C4F8A4002C
:1030500000204FF0FF364FF0FF37CDE90330CDE9C8
:103060000100CDE9066720460C4B009400F0BAF849
:1030700055B1296811B1204606F03EFB6B791BB1B2
:10308000A38943F00103A381204606F0F5FBC4F8B1
:10309000884009B0F0BD0120D8E700BF112E010023
:1030A00037B501900846EFF31184402181F312886F
:1030B000BFF36F8FC16811F01E0F16D153EA0205DE
:1030C00008D101A9FFF754FF84F31188BFF36F8F74
:1030D00003B030BD41F00801C16001991030816139
:1030E000034900F05DFC0120EEE70020ECE700BFA3
:1030F000FD95010001460148FFF7D2BFF81C0020F2
:10310000F7B50C4616461D460190EFF31187402394
:1031100083F31288BFF36F8F084606F026FA55EA4C
:10312000060309D1204601A9FFF722FF87F3118882
:10313000BFF36F8F03B0F0BDE368324643F008037E
:10314000E360019B0449A36204F110002B4600F0E8
:1031500027FC0120EAE700BFFD9501000146014878
:10316000FFF7CEBFF81C00202DE9F043984685B04C
:1031700000F15803C0E91633109B00268381042315
:10318000073222F0070503740F9B01EB05090F4678
:1031900083734946C0E906668660C6730446F9F73C
:1031A00001FE0E9B073020F007002067C4E91A7566
:1031B00002930D9BA9EB000901930C9B4A460093D7
:1031C000394643462046FAF733F8054B66659B6857
:1031D00003B15B6F4846636705B0BDE8F08300BF8D
:1031E0003C210020F0B5002587B00595109DDDE954
:1031F000127604950F9D044603950E9D02950D9D34
:1032000001950C9D0095FFF7AFFFB6F1FF3F08BF9A
:10321000B7F1FF3F05D056EA070305D1204606F077
:103220002BFB204607B0F0BD3A46334604F11800A8
:10323000014900F0B5FBF4E7B597010001230374E1
:1032400083810023C0E91A334367014B98607047BC
:103250003C2100206FF00A01094A9368C3F88010EE
:103260000849D8674B6843F080534B60002383F3D1
:103270001188BFF36F8F9368D3F88000704700BF49
:103280003C21002000ED00E070B590F91020037C97
:10329000002A2FDBD9062DD11A4C63F07F0322467A
:1032A000037452F8183FE169934207D1C0E9002145
:1032B0000860E0610FE09942F8D01B68002BF5D060
:1032C00093F90E6090F90E50AE42F4DD5968C0E9F2
:1032D000003108605860A569954200D005B9E568DD
:1032E000A3681A7CD20606D1DA897F2A03D9AA6993
:1032F0000AB9636170BDAB4202D0284600F0D2FA31
:103300006561F7E73C21002038B590F910200146AF
:10331000002A037C04DA03F07F03037406F0EFF95C
:103320000D4D2A4652F8184FAB68944200D004B9AC
:10333000EC688B4207D01A7CD20604D1DA897F2A46
:1033400001D9A2692AB1A34202D0204600F0AAFA0C
:1033500023466B6138BD00BF3C210020B3F1FF3F25
:1033600008BFB2F1FF3F03D00249183000F018BB8C
:10337000704700BFB5970100034648B9EFF30582D7
:1033800032B9064A51699268914201D0FFF762BF93
:1033900083F31188BFF36F8F704700BF3C2100207B
:1033A00038B5184CA168E0690B68814214BF1A4611
:1033B000002249680B605960A368E1692AB9124A82
:1033C000C3E900210B60E3610AE092F90E5093F922
:1033D0000E00854212DD5168C3E900210B60536085
:1033E000A569094B9D4200D005B9E568A3689D42D7
:1033F00002D0284600F056FA656138BD8A42DED018
:103400001268DBE73C21002054210020F8B5DDE9FB
:1034100006670D4B0C46986811460C4A1060EFF396
:103420001182402282F31288BFF36F8F9D68284675
:1034300006F077F9284632463B46FFF78FFF2046D5
:10344000BDE8F840FFF706BF3C21002064210020C2
:10345000F8B50446EFF31187402383F31288BFF3D6
:103460006F8F037C49B203F01F02002A0CBF0126B4
:10347000002635D103F07F032A4D037406F03FF98F
:103480002A46037C817363F07F03037452F8183F6C
:10349000E869934207D1C4E900200460EC610DE0C3
:1034A0009842F8D01B68002BF5D093F90EC08C45DC
:1034B000F6DD5968C4E900310C605C60AC69944287
:1034C00000D004B9EC68AB689C4202D0204600F002
:1034D000E9F96C6187F31188BFF36F8F3046F8BD4F
:1034E0009B071CD5856806F00AF981732B689D42FD
:1034F00009D16B68C4E900531C606C60EAE76A6834
:103500009A42F6D01B68002BF3D093F90E208A4222
:10351000F5DD5A68C4E9003214605C60DAE7817353
:10352000D8E700BF3C210020034648B9EFF30582ED
:1035300032B9064A51699268914201D0FFF78ABEBA
:1035400083F31188BFF36F8F704700BF3C210020C9
:10355000EFF31181402383F31288BFF36F8F054B84
:103560009A68D37B013BD37381F31188BFF36F8FCC
:10357000704700BF3C21002070B5EFF31186402357
:1035800083F31288BFF36F8F0F4DAB68DA7B013284
:10359000DA732A4652F8184F944200D004B9EC6806
:1035A0001A7CD20604D1DA897F2A01D9A2692AB10C
:1035B0009C4202D0204600F075F923466B613046EC
:1035C000BDE87040FFF7D8BE3C210020024B03F15C
:1035D0001802C3E9062270473C21002070B5EFF3C2
:1035E0001186402383F31288BFF36F8F1A4CA168B2
:1035F000E0690B68814214BF1A46002249680B60DB
:103600005960A368E1692AB9144AC3E900210B6033
:10361000E3610AE092F90E5093F90E00854216DD3F
:103620005168C3E900210B605360A5690B4B9D42B3
:1036300000D005B9E568A3689D4202D0284600F095
:1036400031F965613046BDE87040FFF703BE8A423C
:10365000DAD01268D7E700BF3C21002054210020B7
:10366000F8B550EA010306460C4603D1FFF7B6FF52
:103670000020F8BDEFF31187402383F31288BFF3D6
:103680006F8F124D124BA8681860FFF73DFEA868B7
:10369000234632460F49183000F082F9AA680446E2
:1036A000137C384643F004031374FFF7D3FDAB6873
:1036B000D3E90A23B3F1004F08BF002AD8D106F09E
:1036C0009EF9201A20EAE070D3E700BF3C210020D9
:1036D00064210020B5970100014B9868704700BF36
:1036E0003C2100202DE9F84304468789EFF3118639
:1036F000402383F31288BFF36F8F037C190705D52E
:1037000086F31188BFF36F8FBDE8F883D90943F0C2
:1037100008026FD10274A36813B1204605F0F7FFC9
:1037200004F1180006F036F9A56D04F15808A84513
:1037300011D04FF0000975B1284605F0E8FF05F1FA
:10374000180006F027F92846C5F88090FFF79CFD81
:10375000A56DA845EFD1DFF8BC80D8F808309C42B1
:1037600050D1EFF30589B9F1000918BF4FF00109F5
:10377000D8F81850284A954200D00DB9D8F80C5006
:10378000AB4202D0284600F08DF82046C8F814500D
:1037900002F080FCB9F1000F02D02048FFF74EFD87
:1037A000D8F808309C4230D1EFF305836BBBA28977
:1037B000D20711D586F31188BFF36F8F83F3118879
:1037C000BFF36F8F0423184602DFEFF31186402307
:1037D00083F31288BFF36F8F3046FFF73BFDFB0783
:1037E00092D5002383F31188BFF36F8F042318460B
:1037F00002DF89E703F07F0343F00803037405F059
:103800007EFF88E74FF00009B2E786F31188BFF327
:103810006F8FE4E73C21002054210020501C002041
:10382000D3B5DDE90667089CCDE90067FFF7EEFD3B
:103830001CB1034B9B685B69236002B0D0BD00BF25
:103840003C210020027C034612F01F0210D10A49DD
:1038500088420DD00949086868B1D9897F2909D8FB
:1038600093F90E20064B1B689A42B8BF00207047A0
:103870000020704710467047401B0020D8080020E9
:10388000682100200122044BC01A044BC010584389
:10389000034B1A54704700BFD81C0020ABAAAAAA39
:1038A000CC25002070B50C4B0C4D1E7CFFF7CAFFD9
:1038B000182303FB06550446284606F06BF8002241
:1038C000074B9A553CB1621E2846BDE87040054939
:1038D000D31700F065B870BD3C210020D81C002033
:1038E000CC2500208538010038B5EFF31185402341
:1038F00083F31288BFF36F8F0F4B104A9C681068D8
:10390000A04206D1FFF7CEFF85F31188BFF36F8F7A
:1039100038BD00211B7C1160094AD35C002BF3D019
:103920002046FFF78FFF0028EED0237CDB0601D175
:10393000FFF736FD2046E5E73C210020642100200A
:10394000CC250020024B1868984208BF0020704721
:10395000DC080020034B1B680BB9FCF7A1BF00205B
:10396000704700BF6C21002030B570B10B4B5B6815
:1039700098420AD0036843B1D3E90421D0E9044551
:10398000121941EB0501C3E90421D0E900321360AB
:103990005A600023C0E9003330BD00BFDC080020BE
:1039A000B3F1FF3F08BFB2F1FF3F2DE9F84F0446E6
:1039B000994615461F467AD08160EFF3118840235F
:1039C00083F31288BFF36F8FB9F1000FDFF8E4A023
:1039D00020DBFFF7BFFFDAE90027013549F10009D5
:1039E0002D1849EBE07306464FF00109C4E9045372
:1039F000AD1843EB0707FFF7A5FF0346DFF8B8E074
:103A0000DEF804A0EBB9C4E900EACAF80040CEF839
:103A1000044028E06FF00103DAE900125B1A4FF06E
:103A2000FF3161EB02025B1B62EB0902012B72F1B9
:103A30000001BCBF012300224FF00009C0E904329D
:103A4000D9E7D3E9041CD4E904208A4270EB0C0BBB
:103A500024DA891A5A686CEB0000C3E90410C4E93F
:103A6000003214605C60FFF76DFF84420ED1134B8F
:103A70001B685BB9B9F1000F02D1FFF76BFF064677
:103A8000304605F070FF0021FCF73AFF88F31188FB
:103A9000BFF36F8F28463946BDE8F88F521A60EBA6
:103AA0000C005345C4E90420ADD01B68AAE70025EB
:103AB0002F46EFE7F01C0020DC0800206C210020DE
:103AC0002DE9F047DFF8A8900246C9F800000D463E
:103AD000FFF738FF00260027DFF898804FEAE27EE4
:103AE000D8E9001350B1D0E9044CA2427EEB0C0A95
:103AF0001ADAA41A6CEB0E06C0E904460024521828
:103B000043EB0E032046C8E90023C9F8004005F046
:103B10002AFF2146FCF7F4FE85F31188BFF36F8F6F
:103B2000BDE8F047FFF7E0BE611843EBE473C0E97E
:103B30000467C8E90013FFF717FF01224FF00043A5
:103B4000C0E9042385F31188BFF36F8F836898471A
:103B5000EFF31185402383F31288BFF36F8FD9F8F9
:103B60000020121BC9F80020FFF7ECFEB6E700BFEB
:103B70006C210020F01C002010B5EFF311844023CD
:103B800083F31288BFF36F8FFFF7E4FE0346054A05
:103B9000D2E90001181841EBE37184F31188BFF3F7
:103BA0006F8F10BDF01C002073B50446EFF3118633
:103BB000402383F31288BFF36F8F8368594003EA71
:103BC00002050A4053400022009309496B460192C6
:103BD00005F095FEDDE9003223EA020304F10C0052
:103BE0003146A36005F0F6FD284602B070BD00BF67
:103BF0001D9B0100F8B507460C46164605F076FDFC
:103C000008B10020F8BD0D4B9B685D6F002DF8D00A
:103C1000221DF6D2EFF31184402383F31288BFF301
:103C20006F8F284647F00401B04784F31188BFF333
:103C30006F8F0028E5D040F8045BE3E73C210020CB
:103C40000146024A0020FFF7D5BF00BF0F5901000F
:103C500007B5074B4FF40062009306494FF0FF335E
:103C60000548FFF7DDF9002003B05DF804FB00BF55
:103C700038B80100984E0020F81C002038B50C4CD4
:103C80000C4805F0B7FF65780A4805F0B9FF0A4807
:103C900005F0B0FF022D08D12478E31F5C425C419F
:103CA000054805F0ADFF204638BD0024F8E700BF09
:103CB00070210020E4080020FC08002038B50446EC
:103CC0000D46FFF7DBFF30B12A462146BDE83840FC
:103CD000024805F089BF6FF0880038BD74210020CC
:103CE00010B51B4C1B4805F085FF2378590744BFCE
:103CF00003F0FB0323709A0705D500F0B1F8237891
:103D000023F002032370134805F07AFF124805F0F0
:103D100071FF637813B1114805F069FF0023042196
:103D20000E48637000F0B6F80B4805F069FF0948CB
:103D300005F060FF2378DB0705D505F051FF2378F8
:103D400023F0010323700348BDE8104005F058BF7D
:103D500070210020FC080020E408002074210020CD
:103D600070B5FFF78BFF10B10024204670BD3448BA
:103D700005F040FF044620B16FF08F04FFF7B0FF5D
:103D8000F3E7304D2B789E0706D400F061F8044627
:103D90002B7843F002032B70294805F031FF10B156
:103DA000002CE9D0EAE7002CE8D1254805F022FFF5
:103DB00004460028E0D12B78D80706D405F00EFF82
:103DC00004462B7843F001032B701D4805F018FFC3
:103DD0000028E5D1002CD1D1194805F00BFF0028AF
:103DE000CAD117482E7805F00BFF0028C4D1164819
:103DF00005F000FF04460028BED16B783BB9F107FF
:103E000005D5124805F0EDFE022304466B700E48FE
:103E100005F0F6FE0028C3D1002CAFD1084805F00C
:103E2000E9FE0028A8D12B7805485A075CBF43F06B
:103E300004032B7005F0E4FE002895D09CE700BF3A
:103E4000FC08002070210020E408002074210020DC
:103E50000122024B002083F8C02270477821002005
:103E60002DE9F0410A4C002526464FF001080327B2
:103E70002046C4F820802777013505F092FE102DEA
:103E800004F12C04F4D1002386F8C032BDE8F0819F
:103E90007821002010B50A46044619B1024B0021D2
:103EA0001B68984710BD00BF44B8010010B50D4C09
:103EB000206806F023F80C4A1368591C11605BB99E
:103EC0000A4A5920D2F8003443F00703C2F80034FC
:103ED000F9F750F900F052FC2068BDE8104006F0F8
:103EE00013B800BF180900203C24002000900550A2
:103EF00038B5164D286806F001F8154B1C68013CD2
:103F00001C60ECB95920F9F743F90722114BC3F8AB
:103F10000823D3F8002422F00702C3F80024C3F8D2
:103F20000041D3F80021C3F80441D3F804214FF035
:103F30000072C3F80841D3F80831074BC3F8882151
:103F40002868BDE8384005F0DFBF00BF1809002031
:103F50003C2400200090055000E100E070B5104DB9
:103F6000104E2B68B34219D0FFF7A0FF00F056FDAA
:103F700000F0E8FD38B105F045FE0446FFF7B8FF54
:103F80003CB92E6005E000F007FB044618B1FFF7CE
:103F9000AFFF204670BD05F01AFFEEE70024F8E7FA
:103FA00014090020117365000022074BC3F810218B
:103FB000C3F80C21C3F80021C3F80421C3F8082179
:103FC000C3F81821704700BF0090045008B5FFF7F0
:103FD000EBFF01230360104B0A6832B9D3F80C21C0
:103FE0001AB9D3F80821002AF6D00B687BB90B4B1D
:103FF00099420ED0A3F58473D3F80831002B14BF77
:104000006FF002004FF0FF30FFF7CEFF08BD002039
:10401000FAE74FF0FF30F7E70090045008910450A2
:1040200038B505460C4691B10021012004F0BAFFD5
:1040300008480949C0F80055C0F80445FFF7C6FF15
:1040400000210446084604F0ADFF204638BD6FF05D
:104050000104FAE70090045000910450034B044916
:10406000C3F800050348FFF7B1BF00BF009004503C
:10407000049104500490045010B50446002101201E
:1040800004F090FF064B0749C3F800450648FFF7C8
:104090009DFF00210446084604F084FF204610BD21
:1040A00000900450089104500890045038B50C4614
:1040B00059B1074D0749C5F800050748FFF786FFC6
:1040C00010B9D5F80835236038BD6FF00100FBE763
:1040D00000900450109104500C90045000212DE9E0
:1040E000F043064695B0084600F028FC0DF1270580
:1040F000044625F01F0520B115B0BDE8F04305F0DA
:1041000081BD4FF01009DFF88080012210211F4887
:1041100005F0E4FD1D4A2B19009320211023CDF852
:104120000490A2F1200000F075FA074650B100207B
:1041300000F02EFC384605F065FD0746384615B000
:10414000BDE8F083D8E90C321034013342F10002AB
:10415000302CC8E90C32D8D100F01AFC26B1224626
:104160003146284605F0ADFD2E46074C0FCE0FC454
:1041700096E80F00203584E80F0095E80F00103412
:1041800084E80F00DAE700BFA01D0020C01D00205A
:10419000F0B5194D194FAB6B8DB0BB4229D0184EFD
:1041A000306805F0ABFE402300221946284605F092
:1041B000C2FE3021684605F0A5FD044678B9684680
:1041C000FFF78CFF044690B9302302461946684633
:1041D00005F0B1FE01220023C5E90C23AF6330686E
:1041E00005F092FE204605F00DFD0DB0F0BD0E2449
:1041F000F5E70020F9E700BFA01D0020B4A5B4A595
:104200001C0900202DE9F04F99B00DF1570902F17A
:104210000F0A04468846154629F01F094FEA1A1A64
:1042200032B1002900F08780B2F5005F00F2838090
:10423000424F434E386805F061FED6E90C32134315
:1042400008D12046FFF7A4FF044618B1386805F0EE
:104250005BFE5CE0D6E90C231AEB020A43F1000393
:10426000BAF5803F73F1000314D3302102A805F0A2
:1042700049FDF8B902A8FFF731FF04460028E5D14F
:1042800030230246194602A805F055FE00220023FD
:10429000C6E90C230021084600F050FB044660B933
:1042A00010249DB9284600F073FB2846FFF716FF3F
:1042B0000446CBE76FF09204C8E7386805F024FEA7
:1042C000204619B0BDE8F04F05F09CBC102D4FF012
:1042D00001024FF010011B48AB4628BF4FF0100BF6
:1042E00005F0FCFC174A10232021CDE90094A2F12F
:1042F000200000F08FF9824668B1002000F048FBF2
:10430000386805F001FE504605F07CFC0446204666
:1043100019B0BDE8F08F5A464046494605F022FEE6
:10432000D6E90C32013342F10002C6E90C32A5EBAA
:104330000B05D844B5E76FF08604E8E71C090020B8
:10434000A01D0020C01D00202DE9F04F89B01C46A3
:1043500007460D46164605F017FD0346002840F0B7
:10436000F8807A690090C2F3013161F305138DF88A
:10437000003013F0300308D1B868800710D06FF018
:104380008608404609B0BDE8F08F102B08D1BDF873
:10439000023023F4F87343F4A873ADF8023053E00D
:1043A000D2B2F82A2ED100224FF0010B90461046CF
:1043B0009446D7F808E0DFF8D09159F804AB1EEA2C
:1043C0000A0F08D00BFA0CF242EA080202F07F084A
:1043D000012240EA0A000CF1010CBCF1070FECD1FC
:1043E0002AB19DF8032068F347028DF803203EEAC6
:1043F000000007D17A88FF2A0FD006D8802A35D04E
:10440000C02A35D06FF08508BBE7B2F5807F31D088
:10441000B2F5C07FF6D1062200E003229DF802002B
:1044200062F306108DF8020013B91EF0030FA6D137
:104430003B79022B2BD01FD8012BA0D1BDF8022035
:1044400063F3C812ADF80220012938D0032923D024
:10445000002994D13B88B3F5105FD3D1182C03D039
:10446000202C01D0102C8AD1484F2CE00122D5E716
:104470000222D3E70422D1E7032B02D0FF2B7FF4E3
:104480007EAF0222BDF8023062F3C81385E7BDF8A3
:10449000023043F4C07380E7202C05D006D8102CDE
:1044A00002D0182C7FF46BAF394F0CE024F02003BE
:1044B000412B01D0302CF5E70136013CF4E7302CDC
:1044C0007FF45DAF334F4FF000080F344FEA1419FB
:1044D00005EB080005F00CFC002852D008F101089B
:1044E000C145F5D11F2C2ED11C22002101A805F0B9
:1044F00046FD4FF0000B4FF0FF3A07EB0B124FEA6F
:104500000B130692BBF1000F26D1009A0792BDF85B
:1045100002203344C2F3C11205920DF1040C03F1E1
:10452000100E624618685968083303C273459446F2
:10453000F7D101A905EB0B00FFF772FD804670B1C2
:1045400005F022FC05E04946284605F005FC002858
:10455000CAD06FF0920814E7CDF81CA0D7E71C2151
:1045600001A80BF1010B05F0F1FCD945C5D11F2CB9
:104570003FF407AFBA20FFF77FFD00283FF401AFFB
:10458000E7E76FF08A08FCE648B8010000FF072063
:10459000000000201094055010B590B01C2200219E
:1045A00001A805F0ECFCF82005F0A2FB00B32022E6
:1045B00000200DEB0201FFF725FE0446F0B94FF491
:1045C0008071104A104B01A8CDE901230F4BCDE9B2
:1045D00003130F4BF821069320230DEB0302FFF783
:1045E000B3FE202104460DEB010005F0AFFC05E011
:1045F000F92005F07DFB0028D9D10446204610B0F3
:1046000010BD00BF00240001014B4E800010C0040B
:10461000F800FF7F37B54FF480740194214C41F0CE
:104620000051A16140F6110143F00053A362212320
:10463000E16104F12001616101212262E362069AD5
:10464000194B01AD1A60079A256042F000521125FE
:10465000C3E901122022DFF854C02061C4E902C579
:1046600004F1100565606162DA60BFF35F8F104A84
:104670001460BFF35F8FBFF35F8F1361BFF35F8F72
:10468000BFF35F8F03235363BFF35F8FBFF35F8F6E
:104690009363BFF35F8F00F033F8431CFBD003B08C
:1046A00030BD00BF50240020402400200400002022
:1046B0000000015038B5BFF35F8F104CE569BFF3C0
:1046C0005F8FBFF35F8F10236363BFF35F8F0120A2
:1046D00005F02FFCBFF35F8F00236363BFF35F8F91
:1046E000BFF35F8FE36BBFF35F8F5B06F8D425B139
:1046F000BFF35F8FE561BFF35F8F38BD00000150EE
:1047000008B500F09FF9104A20B9BFF35F8F906A97
:10471000BFF35F8FBFF35F8FD36BBFF35F8F10F07B
:10472000240F03F0230304D0FFF7C4FF6FF01F0032
:1047300008BD4FF0FF30002BFAD1BFF35F8F10633D
:10474000BFF35F8F1846F3E700000150BFF35F8FA0
:10475000094A1368BFF35F8F43F48071BFF35F8F23
:104760001160BFF35F8F23F48073BFF35F8F13601B
:10477000BFF35F8F704700BF00100150BFF35F8F22
:104780001522064B5A62BFF35F8FBFF35F8F40F273
:1047900037129A62BFF35F8F704700BF001001505D
:1047A00008B5FFF7D3FFBFF35F8F064A1368BFF367
:1047B0005F8F43F00103BFF35F8F1360BFF35F8F21
:1047C00008BD00BF0010015070B50026C0E90066AA
:1047D00005460C46FFF76AFB01232B70FFF7B6FF77
:1047E000BFF35F8F204BDB68BFF35F8F9B08013BFC
:1047F000ACB3226842B19A4205D9FFF779FB6FF05A
:104800003F002E7070BD1346D4E90115E068002901
:1048100008BF4FF40071002808BFF1202469BFF3DE
:104820005F8F114A9360BFF35F8FBFF35F8F156493
:10483000BFF35F8FBFF35F8F5064BFF35F8FBFF332
:104840005F8F5163BFF35F8F44F4802444F0010411
:10485000BFF35F8F1460BFF35F8F0020D2E74FF488
:104860000071F1202546DAE70010015070B5037899
:104870000D461446002B52D0BFF35F8F2C4A136BAA
:10488000BFF35F8F03F00E010A294BD013F00C0F1A
:1048900002D14FF0FF3070BD4368D3B9BFF35F8FD3
:1048A0005368BFF35F8F032BF3D9224B2249BFF329
:1048B0005F8FD2F88060BFF35F8FBFF35F8F43F8E5
:1048C000046BBFF35F8F8B42F1D1FFF769FF0123C8
:1048D0004360BFF35F8F164B9A68BFF35F8F01325F
:1048E000B4EB021F21D8BFF35F8F5A68BFF35F8F0D
:1048F000B4EB820FCDD884B1BFF35F8FD3F88020A3
:10490000BFF35F8F291D05F8012BA9424FEA122240
:1049100004F1FF34EFD0002CF5D10020BBE76FF09D
:104920002000B8E76FF05100B5E76FF03F00B2E745
:1049300000100150101001502010015010B5044615
:10494000FFF7B4FA104B186805F0D8FA0CB1012340
:104950002370BFF35F8F00200C4BD861BFF35F8FD4
:10496000BFF35F8F4FF0FF321A63BFF35F8FBFF368
:104970005F8F3422DA61BFF35F8F012203F5922348
:10498000C3F8042310BD00BF20090020000001501F
:1049900010B5044608B1037843B1FFF7A9FA044BF8
:1049A000186805F0B1FA0CB10023237010BD00BFE8
:1049B0002009002038B5154CD4F80051BDB1BFF323
:1049C0005F8F134B996ABFF35F8FBFF35F8F4FF019
:1049D000FF321A63BFF35F8F0023C4F80031D4F8AD
:1049E00000310C4B1868BDE8384005F0A0BAD4F887
:1049F000083153B100F076F805F019FAC4F80851FF
:104A0000D4F808310121044BECE738BD0090055083
:104A100000000150280900202409002008B5074B98
:104A2000186805F073FA064B186805F06FFABDE8D0
:104A30000840002259201146F8F7BEBB2809002083
:104A40002409002038B5094B1C7864B1084B4FF09D
:104A5000FF311D68284605F05BFA4FF0FF31044630
:104A6000284605F062FA204638BD00BFCB2500205D
:104A70002809002010B5064CE36C3BB9214651F8DB
:104A80004C3B986905F014FA0123E364014810BD1A
:104A900080240020CC24002010B504460E4B18685A
:104AA00005F02CFA0D4B1A68236122605A68626087
:104AB0009A68A2600A4A12689A660023A364FFF704
:104AC000F5F9204605F0A4F90028FAD1204605F0B2
:104AD000A4F90028F5D110BD2C0900208024002065
:104AE00064B80100004870478024002010B50446D7
:104AF000054A036912689A6605F0CDF92046BDE8BB
:104B0000104005F09CB900BF7CB8010010B5044608
:104B1000FFF7ECFF0422084BC3F80823FFF7E8F97E
:104B2000064A236912689A6600236364044BBDE851
:104B30001040186805F0E8B90090055064B801000D
:104B40002C09002010B50E4B0E4C236003F5C0431A
:104B500063602461FFF78EFF236D2046B3F5007F6D
:104B6000CCBF4FF480634FF40073A360FFF794FF52
:104B70002046FFF7BBFF2046FFF7C8FF002010BD0F
:104B80000020015080240020244B0340B3F5806FA7
:104B900030D016DC402B2FD008DC102B2ED0202B51
:104BA0002ED0181E18BF012040007047B3F5807F3B
:104BB00028D0B3F5007F27D0802B14BF02200B2014
:104BC0007047B3F5804F21D00BDCB3F5805F1FD069
:104BD000B3F5005F1ED0B3F5006F14BF02200620AE
:104BE0007047B3F5004F17D0B3F5803F14BF0220D4
:104BF00003207047112070470A2070470C2070472F
:104C0000092070470820704707207047142070471C
:104C100005207047042070470F207047F0FF010007
:104C20000FB407B504AA064B52F8041B186801928A
:104C300000F028F803B05DF804EB04B0704700BF43
:104C40007CB30100F8B50E4B06461D68AB789B0798
:104C500012D56F6816F8014B29462CB90A20B847BF
:104C6000002805DB204609E02046B8470028F1DA95
:104C7000AB7843F00403AB704FF0FF30F8BD00BFDA
:104C80007CB301002DE9F04F43688BB0804692461B
:104C9000009383789C0740F1F9800025087800286C
:104CA00000F0F68025280AD04B1C019301354146BF
:104CB000009B98470028C0F2E3800199EEE74E7808
:104CC0008B1C252E0193F1D000270A22B9463C46C1
:104CD0001F2C22D8A6F12003102B20D8DFE803F0E8
:104CE000141F1F1A1F1F1F0B1F1F1F121F171F1F0D
:104CF000090044F00104019B13F8016B0193002E9D
:104D0000E6D13AE044F0020444F00404F3E744F04E
:104D10000804F0E744F01004EDE77F2C24D8A6F156
:104D20003003092B08D860064EBF02FB073744F05A
:104D3000200402FB0939DEE72A2E0DD161065AF85C
:104D4000043B53D4002BA7BF44F020049946C3F181
:104D5000000944F02804CEE72E2E05D1630600F1A9
:104D6000978044F04004C6E76C2E2ED028D8682ED9
:104D700032D06A2E37D04C2E35D0002F46F020038B
:104D8000B8BF24F04004A3F16502BCBF0027A4B261
:104D9000022A01D9612B2BD10AF1070A07279D4E60
:104DA0002AF0070A0AF1080A210760D506EB070B6B
:104DB00034465C455DD1AE1BA9EB0709A21959E148
:104DC000742E98D07A2E96D0D7E7260648BF44F4A2
:104DD000007444F080048EE7E00548BF44F400749A
:104DE00044F4807487E744F4207484E71F4682E724
:104DF000A6F16302122A00F2D880DFE812F0130055
:104E00004D00D600D600D600D6004D00D600D60004
:104E1000D600D600D600E800D100D600D6001A0091
:104E2000D600A0005AF8043B012704AE8DF81030DC
:104E3000BAE75AF8046B784B002E08BF1E4614F0F0
:104E4000400F304614BF39464FF0FF3105F0C2F82D
:104E50000746A9E741462020009B984700280FDB22
:104E6000013CA742F6D34D44A1462D1B9EE74C467C
:104E7000F7E7414614F8010B009B9847002898DAA1
:104E800098F8023043F0040388F802304FF0FF3501
:104E900028460BB0BDE8F08F220630D5A3052AD5F1
:104EA0000AF1070A2AF007039A4659685AF8080BCC
:104EB00024F0100B00291FFA8BFB2FDA40424BF431
:104EC000806B61EB410104AC0A23224605F08EF8A9
:104ED0001BF0400FA0EB040200F08E802BF00104C9
:104EE0009742A4B240F38F80002E40F08E802BF0CA
:104EF0001104A4B21DE05AF8040BC117D8E7E0056D
:104F00005AF8041B01D40846F7E7A20547BF48B288
:104F100041F3C01108B241F3C031C9E750EA0103BF
:104F2000D1D16306CFD5002FCDD124F011043A465C
:104F3000A4B23B4640F206410C4262D124E024F088
:104F400010040A23A4B214F0800243D014F40071B8
:104F500017BF0AF1070A5AF8040B2AF00702924613
:104F60001CBF51685AF8080B50EA01023ED124F0E8
:104F7000160B62061FFA8BFB3CD5002F3AD124F0AA
:104F800017043A463B46A4B221075AD4E10705D597
:104F9000994572DDA9EB03039F184B469B464AE0F7
:104FA00044F0100410237826CDE7782B04D1C6F105
:104FB000780343F01003C6E741462520009B98473D
:104FC0000028FFF65DAF02354146304670E6082303
:104FD0000026B8E714F480715AF8040BC4D014F416
:104FE00000711ABFC0B2114680B2BDE724F00604BA
:104FF0001FFA84FB04AC68E713465C46E10699D5CA
:105000002EB90133C0E71346F8E73B46F6E7023313
:10501000BAE700BFB3BF0100ACBF0100CDE9023267
:1050200041462020009B98470028FFF629AF0BF14E
:10503000010BDDE90232D945F0DCEB1A03EB0B057D
:105040005B46E10627D541463020CDE90232009B80
:1050500098470028FFF614AFDDE902327EB901352A
:105060002F44791B8A4229DB144604AE94BB2A44A0
:10507000A9EB03091546914440E017468EE7023537
:1050800041463046CDE90232009B98470028DDE9D1
:105090000232E5DAF4E640F206410C42E0D014F0C8
:1050A000020F05F10105414614BF2B20202014F406
:1050B000806FCDE9023218BF2D20E5E7CDE902323D
:1050C0004146009B3020013598470028DDE9023237
:1050D000C7DAD5E6013C4146CDE90232305D009B9E
:1050E00098470028DDE90232C0DAC9E641462020AF
:1050F000009B013598470028FFF6C2AEA9EB0503D7
:10510000002BF3DCD9E500BFF8B521F000460346DB
:10511000B6F1FF4F05D820F000420746B2F1FF4F2D
:1051200004D91846F3F7E0F8034610E0B1F17E5FCA
:1051300003D1BDE8F84000F0A9B88C1704F00204D0
:1051400044EAD0746AB9022C03D0032C04D0184668
:10515000F8BD35493548E5E733493548F3F7C2F836
:10516000E2E736B9002F304901DA3248F6E7324833
:10517000D8E7B6F1FF4F21D1B2F1FF4F16D1022C83
:1051800008D0032C0CD0012C274901D02B48C9E7AB
:105190002B48E3E72B492948F3F7AEF92249C1E749
:1051A00029492648F3F7A8F91F49D7E7022CD0D0A0
:1051B000032CD1D0012C33D00023C8E7B2F1FF4F2C
:1051C000D0D0921BB2F1F45F4FEAE25010DB1F49DE
:1051D0001948F3F787F80346012C17D0022C18D092
:1051E000002CB4D01A491846F3F77EF80F49B5E7FA
:1051F000002901DA3C3007DB1846F3F731FA20F0DA
:10520000004000F043F8E6E70023E5E703F1004340
:105210009DE70F491846F3F767F8014603489DE7F5
:105220004FF0004393E700BF6042A20DDB0F4940FF
:10523000DB0F49C0DB0FC9BFDB0FC93FDB0F493FA5
:10524000DB0F49BF00004040000040C02EBD3B3393
:105250002EBDBB3310B10020024970470020024927
:10526000704700BF0000F0FF0000F07F08B1024867
:1052700070474FF0FF407047000080FF08B504F012
:1052800065FF014808BD00BF0000C07F20F000435B
:10529000B3F1A14F2DE9F0410446804612D3B3F19A
:1052A000FF4F06D90146F3F71FF804462046BDE834
:1052B000F0810028634901DD6348F4E76348F3F7B0
:1052C00011F8F2E7624A934257D8B3F1445FEDD345
:1052D0004FF0FF3621462046F3F70EF90146074608
:1052E000F3F70AF95B490546F3F706F95A49F2F76D
:1052F000FBFF2946F3F700F95849F2F7F5FF294675
:10530000F3F7FAF85649F2F7EFFF2946F3F7F4F806
:105310005449F2F7E9FF2946F3F7EEF85249F2F75C
:10532000E3FF3946F3F7E8F8504907462846F3F714
:10533000E3F84F49F2F7D6FF2946F3F7DDF84D4978
:10534000F2F7D0FF2946F3F7D7F84B49F2F7CAFF37
:105350002946F3F7D1F84949F2F7C4FF2946F3F794
:10536000CBF801463846F2F7BFFF2146F3F7C4F801
:10537000731C014651D12046A1E7414A20F0004468
:1053800093422AD8A2F5D002934214D8214620464F
:10539000F2F7AAFF4FF07E51F2F7A4FF05464FF057
:1053A00080412046F2F7A0FF014628460026F3F789
:1053B00057F904468EE74FF07E512046F2F792FFF0
:1053C00005464FF07E512046F2F78EFF01462846F3
:1053D0000126F3F745F904467CE72A4A934215D89B
:1053E0004FF07F512046F2F77DFF4FF07F51054689
:1053F0002046F3F781F84FF07E51F2F775FF014632
:1054000028460226F3F72CF9044663E721461E4896
:10541000F3F726F9032604465CE71C4B53F82610E5
:10542000F2F760FF2146F2F75DFF194B014653F892
:105430002600F2F757FFB8F1000F0446B8BF00F19D
:10544000004433E76821A233DA0FC93FDA0FC9BF3E
:10545000FFFFDF3ED769853C59DA4B3D356B883D10
:105460006E2EBA3D2549123EABAAAA3E21A215BD19
:105470006BF16E3D95879D3D388EE33DCDCC4C3E26
:10548000FFFF973FFFFF1B40000080BF94B8010063
:10549000A4B8010070471346F0B4DA0287680669C1
:1054A00007D513F4402F1EBF43F3000202F440223D
:1054B0005340012534688D4023F48012DB074CBF34
:1054C0002C43AC4334603B68F0BC18478368DB680E
:1054D000184783681B69184738B504F094FA4FF4ED
:1054E0007A74A0FB040547F61222002304FB015145
:1054F000F3F75EFA38BD10B547F6122C04460021CA
:1055000040F2E7304FF47A720023E4FB0C01F3F72A
:105510004FFABDE8104004F086B9836800EBC10182
:10552000B3F5004F2CBF51F8220031F8120070473C
:1055300000EBC1018068B0F5004F2CBF41F822306C
:1055400021F812307047012208B5FFF7E6FFD0407E
:1055500008BD836800EBC101B3F5004F08D34B6869
:105560001AB143F001034B60704723F00103FAE7DF
:105570004B881AB143F001034B80704723F00103BD
:10558000FAE753000122FFF7D3BF08B58368B3F5EC
:10559000004F06D3FFF7D7FF01288CBF0020012062
:1055A00008BD0020FCE78368B3F5004F34BF042337
:1055B0000823C91A081AC00870478368B3F5004F5A
:1055C00028BF0139B1FA81F0C0F11F0070472DE901
:1055D000F041174603220E460446FFF79EFF86421F
:1055E000054607F104080AD10122E368BA4023EA1C
:1055F0000203E360002344F82830BDE8F08131461F
:1056000002222046FFF789FF06462B460146032269
:10561000204644F82850FFF78BFF334629462046A2
:10562000BDE8F0410222FFF783BF38B504460D46BE
:10563000FFF7ABFF70B929462046FFF784FF01460C
:105640002046FFF7BAFF294602462046BDE838400B
:10565000FFF7BDBF38BD2DE9F04705468946FFF786
:10566000ACFF05EB800ADAF81070064677B94FF008
:10567000FF34EB680136B4401C4015D094FAA4F214
:10568000B2FA82F2131D55F8234009E03C464FF070
:10569000030821462846FFF756FF484507D3324600
:1056A00021462846FFF793FF2046BDE8F0872146B4
:1056B00003222846FFF731FFB8F101080446CAF873
:1056C0001000D4D08742E4D1D1E72DE9F04114464F
:1056D0000E460546FFF737FFA4EB0608371B0744C5
:1056E000424631462846FFF74CFF3A4621462846B7
:1056F000FFF747FF4346002221462846FFF718FFE1
:1057000021462846FFF71FFF3B4621180022284666
:10571000BDE8F041FFF70CBF2DE9F0411646044605
:105720000F46FFF710FF314605462046FFF70BFFF7
:1057300005442A4639462046FFF723FF31462046D6
:10574000FFF701FF2B46311800222046BDE8F0414B
:10575000FFF7EEBE2DE9F04104460D46FFF715FFB9
:10576000B8BB29462046FFF7EEFE01462046FFF76C
:1057700024FF04EB80010E6996B90122E3688240A0
:105780001343E36002220D612B4629462046FFF7B2
:10579000CFFE032229462046BDE8F041FFF7C8BEF0
:1057A000022231462046FFF7B8FE07460346294647
:1057B0002046FFF7BDFE0322334629462046FFF769
:1057C000B7FE39462B462046FFF7B2FE022231468D
:1057D000E1E7BDE8F08170B500295CD005680122E1
:1057E0002846FFF7E0FE014604462846FFF795FEEF
:1057F000104006D180F31188BFF36F8F0423184641
:1058000002DF21462846FFF79EFE26183146002279
:105810002846FFF782FE361AB44206D082F311887A
:10582000BFF36F8F0423184602DF0022214628466B
:10583000FFF78FFE2146FFF786FE2618012231462C
:105840002846FFF76AFEC20708D431462846FFF70C
:10585000ECFE324621462846FFF75EFF0022214635
:105860002846FFF75AFE261A012231462846FFF73E
:1058700054FEC30709D431462846FFF7D6FE224618
:1058800031462846FFF748FF344621462846BDE802
:105890007040FFF75FBF70BD70B5056809B90020A3
:1058A00070BDAB6801F00704B3F5004F34BF0422AC
:1058B000082207341444E40804EBD1049C4228BFB6
:1058C0001C4628462146FFF7C6FE06460028E6D0BD
:1058D00001462846FFF737FEA04209D93444314635
:1058E00028462246FFF7F1FE21462846FFF732FF01
:1058F000284601223146FFF72CFEAB68B3F5004F76
:1059000034BF0423082303EBC6031844C8E7114639
:10591000FFF7C2BFB2F5802F34BF042308232DE95F
:10592000F0410026D21A8C18CD1D25F0070524F071
:105930000704641BE408056021462846AC60EE605D
:10594000FFF73BFE820002F11B07FF0831460432DD
:1059500005F1100004F013FB3A4631462846FFF7E4
:1059600010FE3346324631462846FFF7E1FDA4EBF0
:105970000708284631460122FFF7EBFD424639462B
:10598000FFF7FFFD3B46324639462846FFF7D0FD7C
:1059900021462846FFF7F5FD434632462146284674
:1059A000FFF7C6FD214628460122FFF7D2FD394602
:1059B000BDE8F041FFF7CEBE044608B5EFF3118312
:1059C000402383F31288BFF36F8FEFF3108372B617
:1059D000FAF77AFF2046F8F761F800F065FBFCE77C
:1059E000038B13F0070306D10368002B18BF0320B5
:1059F00008BF00207047022B05D1408BB0FA80F021
:105A0000400980007047012B04D10368002B18BFA8
:105A10000520EDE70020704710B50C4600B111B924
:105A20006FF0150010BD081D00F0ABF80028F9D18B
:105A3000A368032BF6D9F3E72DE9F0410D4607469D
:105A40001946281D90461E4600F0ACF8044638B1B1
:105A50003346424629463846A446BDE8F0416047F1
:105A6000BDE8F08110B4EFF31182402484F3128872
:105A7000BFF36F8F416110BC0121F6F7F7BF38B556
:105A80000C46054658B151B10B6843B14B6833B170
:105A90001C22002104F073FA00202C6138BD6FF045
:105AA0001500FBE7F8B504460E46FFF7B5FF051EE7
:105AB0003BDBEFF31182402383F31288BFF36F8F38
:105AC0004FF6FF71638B278B8B4207F007072ED0B1
:105AD000062F2FD8DFE807F0182E082E180418001C
:105AE0006FF08505002303E0013363830225012362
:105AF00082F31188BFF36F8FBBB100233A46314662
:105B00002046FFF799FF10E000233360636823B954
:105B1000C4E9006627B13D46E4E71E606660F9E728
:105B200002212046F6F7A2FF3D462846F8BD6FF059
:105B30000A05D7E76FF00405D4E710B5EFF311823B
:105B4000402383F31288BFF36F8F048B04F00704A4
:105B5000022C0AD0012C0CBF6FF004006FF08500FE
:105B600082F31188BFF36F8F08E0438B013B9BB238
:105B7000438323B92146F6F779FF204610BD20461E
:105B8000EEE7034658B1426802F00302012A03D04F
:105B9000032A04D1026812B10020986070476FF0A8
:105BA000150070474268034602F00302032A4FF0D3
:105BB0000002816014BF104600685A607047704749
:105BC000C3691BB11B7900200B7070476FF0570041
:105BD0007047C06918B1D0E8AF0F00F001007047FE
:105BE000C3693BB11B692BB1DB691879B0FA80F04E
:105BF000400970470120704770B5C56904460E46DC
:105C00000DB103232B712046FFF7EAFF80B103217A
:105C10002046B047002802DA10F1860F09D12DB9CD
:105C200020463346BDE870400121184701232B71FF
:105C3000002070BD38B5C4692568A90601D40020CC
:105C400038BDE168D9B10139E1600029F7D1A36815
:105C50009847002803DAE3680133E360F0E70123A3
:105C60006A072371ECD52069C3691B68DB0509D578
:105C7000FFF7E0FF236823F004032360E0E76FF001
:105C80007700DDE76FF00A00DAE7D0E8AF0F0841F0
:105C900000F001007047FDF75DB8FDF727B870B55B
:105CA0000446C06990B10821FFF7EFFF014670B1CB
:105CB000EFF31185402383F31288BFF36F8F2046E3
:105CC000FFF7B8FF85F31188BFF36F8F70BD2046D3
:105CD000BDE870400022002300F0ECB82DE9F74F3A
:105CE000C569064625B90024204603B0BDE8F08FFB
:105CF00005212846FFF7C9FF02460028F3D00821F6
:105D0000F069FFF7C2FF044678B3EFF31187402331
:105D100083F31288BFF36F8FF569EB6803BB2B68C1
:105D20005A070DD4286958B1C3691B68DB0519D51A
:105D3000FFF7D4FF041E0EDB2B6843F004032B6037
:105D400001213046AB689847041E04DB00232B7109
:105D5000EB680133EB6087F31188BFF36F8FC3E704
:105D60000024F5E76FF00A04F5E7F6F779FF074638
:105D7000F0B9EFF31181402383F31288BFF36F8FE3
:105D8000EB6823B1287910B917460133EB6081F332
:105D90001188BFF36F8F002FA5D103F0A7FC421E1F
:105DA00067F1000305F11800FFF775FF041E7EDBA5
:105DB00003F09CFC10B12B79022B13D02F692FB369
:105DC0000221F069FFF761FF00BB3846FFF786FF4D
:105DD000044648B901212846FFF757FF70B13846FD
:105DE000FFF75DFF6FF00A04F6F73AFF00287FF433
:105DF0007BAF05F11800FFF750FF75E7D5E8EF3FDF
:105E000043F00403C5E8E23F002AF7D1EB68013311
:105E1000EB602B79022B08D105F1380003F053FC1D
:105E200010F0010001D12871DEE7F6F719FF40B943
:105E30004FF0FF384FF0FF3905F1280A2B79022B7C
:105E40001AD0EB68012BCFD80121AB68686998475D
:105E5000041E29DAEB68013BEB60002FC4D0384602
:105E6000FFF71DFFF369D3E8EF1F21F00401C3E83A
:105E7000E21F002AB8D0F6E70321504605F1180BBF
:105E800003F075FE5846FFF708FF00220321504635
:105E9000CDE9008903F06FFE4FF0FF324FF0FF3382
:105EA0005846FFF7F8FEC9E700232B719CE76FF017
:105EB0000A0419E72DE9F047C46907468A462046D7
:105EC0000521FFF7E2FE91469846064618B90025DF
:105ED0002846BDE8F087EFF31182402383F3128850
:105EE000BFF36F8FE368012B8ABF03F1FF330026F6
:105EF000E36082F31188BFF36F8F002EE7D1F6F7CE
:105F0000AFFE18BB03F0F2FB421E66F1000304F182
:105F10001800FFF7C0FE051E3DDB5646E368002B68
:105F200036D0013BE36043B996B102234A46237160
:105F300004F138004346FDF7DDF8F6F791FE00283E
:105F4000C6D104F11800FFF7A8FEC1E73546E5E722
:105F50003146A36860699847051E03DAE368013398
:105F6000E360EAE7012323710221F869FFF78DFE60
:105F70000028E2D0FB691869FFF791FEFB69D3E8BE
:105F8000EF1F21F00401C3E8E21F002AD5D0F6E795
:105F90006FF07705D1E76FF00F0599E7F8B50021AD
:105FA000044650F8303C50F8240C98470546A4F1BC
:105FB00020074FF0FF334FF0FF323846FFF76BFEFC
:105FC000002DB7BF54F82C3C0123013344F82C3C7E
:105FD000B8BF002304F8343C0121A4F1100099401B
:105FE00003F0C1FD3846A4F13806FFF756FE85B927
:105FF00002213046FFF749FE58B154F8280CFFF74C
:106000004EFED6E8EF3F23F00403C6E8E23F002A45
:10601000F7D1F8BD70B50446C06988B10821FFF713
:1060200034FE70B1EFF31185402383F31288BFF380
:106030006F8F2046FFF7FEFD85F31188BFF36F8F4A
:1060400070BD2046BDE870400121FFF733BFC36932
:106050000BB1F6F70DBE1846704703F090BF03F082
:1060600081BF012801D1EFF30583FCF70FBC014686
:106070000068FFF7F6BF08B5F6F790FEBDE80840E8
:10608000F7F718B900210120FFF7EBBF836E83F308
:106090000B8870476FF08500704761B662B680F379
:1060A0001188BFF36F8F704772B6002383F3118896
:1060B000BFF36F8FBFF34F8F30BF62B6BFF36F8FE9
:1060C000704772B6002383F31188BFF36F8FBFF35D
:1060D0004F8F20BF80F31188BFF36F8F62B6704778
:1060E00040E800F313F4803FD8B208BF6FF015000A
:1060F000704730B50C684B6885B00A894D890094AB
:10610000013B24F01F04234402F01F0242EA45121F
:1061100023F01F0369468DF808200393F7F77CF9F5
:1061200005B030BD08B5F7F757FB002008BD704734
:10613000002303824369C3607047C1698968F7F728
:10614000ABBBEFF31182402383F31288BFF36F8F51
:1061500000230B60436833B9C0E9001182F3118852
:10616000BFF36F8F704719604160F7E7034610B5C2
:10617000EFF31181402282F31288BFF36F8F006822
:1061800028B15C680268A0421A6008BF5A6081F3B7
:106190001188BFF36F8F10BD027A0132027270470F
:1061A00083680B44036070478388026819448180C8
:1061B000D018704730B484880568A31883802819E4
:1061C00030BC03F0CFBE10B5838802685C1C8480AD
:1061D000D154D01810BD034600689A88401A114463
:1061E0001860998070470268531E036083880133EA
:1061F000838002F8011C704703468288521A82800D
:106200000068084418607047034600689A88521A6C
:1062100001449A801960704710B5036801211C7809
:10622000FFF7EAFF204610BD012310B50621044602
:1062300000F8013BFAF742FF18B9A37963F03F0376
:10624000A37110BD38B50446807AF7F7FBFA61698F
:10625000054649B1637ADB0704D4C36920461B684D
:106260009B6898470023636121462846BDE8384073
:1062700003F05AB9034610B5D3E8EF0F40EA010224
:10628000C3E8E42F002CF7D110BD01210C30FFF73B
:10629000BBBF30B40446084602EBC3039A4201D1A7
:1062A00030BC7047114611F8085BA54206D1018A3F
:1062B00053789942F4D330BC536818470A46EDE747
:1062C000D0E8EF3F0B40C0E8E23F002AF8D170472A
:1062D000072208B503F05BFEB0FA80F0400908BD64
:1062E00018B111B10846F8F737B96FF015007047CB
:1062F00013B5044680B106216846FAF7DFFE48B9B7
:106300009DF80530694603F03F0320468DF80530BF
:10631000FFF7E6FF02B010BD6FF01500FAE7003896
:1063200018BF012070472DE9F74F884601904FF0C4
:10633000FF314FF0FF30F7F7BBFD0446002849D08E
:1063400020210C30FFF730FF0027064600212022D5
:1063500003F015FE3946D8F8005006F1010BD8F8C5
:1063600004309F4208D3317000222146019803B0C7
:10637000BDE8F04FF7F724BE6A78881C13181F2B6E
:1063800095F800C05FFA80F908D9BCF1090FC9F18E
:106390001F0217D1002A15DD4FF0080C5FFA82FAB0
:1063A0000AF1010E0BF801E00131C9B20BF801C08E
:1063B00069685844D14403F0D5FD01375FFA89F18B
:1063C0000835CCE72046F7F7E5FA6FF0150003B083
:1063D000BDE8F08F6FF06800F9E770B506460D462E
:1063E0004FF0FF304FF0FF3186B0F7F761FD044604
:1063F000B0B10C3095B10121FFF7E5FE204606F162
:10640000100203A908230095F7F740FD002221465A
:1064100042F20A00F7F7D4FD06B070BD2946EBE75B
:106420006FF06800F8E7183003F04DB9F8F7EEBBED
:1064300008B50A4601460020F8F700FC08BD0C220A
:106440000369C9B202FB0133D86D00F00700704741
:1064500070B50346C9B20069EFF31186402484F396
:106460001288BFF36F8F0C2505FB0104E46D14F057
:10647000C00401D0A24210D1012205FB0100C26577
:10648000002086F31188BFF36F8F28B95B6803EB98
:10649000C1035B689847002070BD4FF0FF30F0E704
:1064A0008022FFF7D5BFF8B5069F05460469C9B23B
:1064B000EFF3118C402080F31288BFF36F8F0C260E
:1064C00006FB0146F06D00F0070EBEF1010F11D181
:1064D000F76500268CF31188BFF36F8F46B90C2047
:1064E00000FB0144C4E915236B6853F83130984729
:1064F0003046F8BD00F0C00087420CBF6FF0770651
:106500004FF0FF36E6E713B580240094FFF7CBFF8A
:1065100002B010BD10B41C240069CBB204FB030010
:10652000002110BC10470220FAF754BE022002F0EE
:106530007DBA1046FCF7DABB02F077BAFAF744BE30
:1065400040F272607047084608B51146FDF7B6FB89
:10655000002818BF6FF0040008BD08B5FDF700FC67
:10656000002818BF6FF0040008BD70B5037B044617
:106570000BB102F074FA0026A06800B970BDB0F546
:10658000007F28BF4FF4007005460246D4E9001092
:10659000F8F73AFD63682B44636023680BB12B4422
:1065A0002360A3685B1BA360002BE5D0237B01362F
:1065B000002BE1D0304602F053FA0028DCD0012055
:1065C000DCE741EA02030846C3F30B0109B9F8F717
:1065D0003FBD6FF015007047084611461A4621B1BD
:1065E00003431B0701D1F8F733BD6FF01500704767
:1065F0000346F0B40C46DA88006819792243012575
:10660000066942F3000303F44023346853408D408D
:1066100023F48012DB0787684CBF2C43AC43346003
:106620003B68F0BC1847436824330B6001231360B8
:106630007047436800201B6AC1E90030704710B5FD
:10664000044643681868FFF72AFB2069BDE810403C
:10665000FCF74CBB10B5446800694FF0FF324FF0B7
:10666000FF33FCF777FB2068BDE81040FFF736BB2F
:1066700003460A4619790123006803FA01F1036908
:106680001B68194218BF82F0010212B18368DB68EF
:10669000184783681B69FBE78C462DE9F0418EB0F3
:1066A0008DF800C04FF0010CDDE914154468D0F8F6
:1066B00010800020CDE907C1CDE90BC10DF1010724
:1066C000D107CDF80100CDE9095002F0800602F0B3
:1066D000080E3871CDF818D00D9513D598F8142000
:1066E0001BBAD207049357BFBDF81130CDF8013063
:1066F000ADF801309DF813304EBF0523BB70042365
:1067000007930B93BEF1000F05D0079B013307934E
:106710000B9B01330B9306AB0293A6B1002D14BF64
:106720000223012303930AAB04930223214605931A
:1067300051F8040B4EB183681C68002302AAA047DD
:106740000EB0BDE8F0810123ECE783681C6804AB60
:10675000F4E773B5064640680D4690F84A305A068D
:1067600003D511B93430FFF783FF736893F84A40BB
:1067700014F0200409D0ADB92B4680229821304670
:10678000CDE90055FFF788FF0446706890F84A305D
:106790005B0604D51DB101213430FFF769FF2046A7
:1067A00002B070BD0024F0E71FB5012301930DF185
:1067B0000F030093002305211A46FFF76DFF08B968
:1067C0009DF80F0005B05DF804FB2DE9FF4106467A
:1067D00015461C4601270DF10F08002305211A4616
:1067E0003046CDE90087FFF757FF40B99DF80F30DD
:1067F000DB0704D52846214603F015F8EDE704B081
:10680000BDE8F0812DE9F3471F4643680C1E05469D
:1068100090461B6A62DBE2199A425FD8FFF75EFA84
:1068200000285EDB2846FFF715FF00212846FFF70A
:1068300090FF064600283CD18146D7B3B7F5807F4C
:10684000BA4628BF4FF4807A224604EB0A03002C94
:1068500003F1FF334FEA1323B8BF04F1FF02B3EB98
:10686000222F08D06342DBB25FFA84FA58BFC3F12B
:10687000000ACAF5807A0023802206212846CDE945
:106880000099FFF709FF98B9234681220221284683
:10689000CDE9008AFFF700FF50B901220023284606
:1068A000A7EB0A07D0445444FFF78FFF0028C4D059
:1068B000064601212846FFF74CFF002E14BF344640
:1068C00004462846FFF7BBFE40F239120023284653
:1068D000FFF7A0FB204602B0BDE8F0876FF015047B
:1068E000F8E76FF00404F5E72DE9F341D0F80480F0
:1068F0000C1E1E4605461746D8F8203027DBA21985
:106900009A4224D8FFF7EAF9002823DB2846FFF74C
:10691000A1FE98F84B30284613F0020F18BF092249
:1069200023460ABF01220B210321CDE90076FFF7A0
:10693000B3FE04462846FFF782FE40F239120023D8
:106940002846FFF767FB204602B0BDE8F0816FF0F4
:106950001504F8E76FF00404F5E7F7B54468054659
:1069600094F84A309A0749D5076903F04CF84FF478
:106970007A76A0FB060C002347F6122206FB01C123
:10698000F2F716F83B69C31A15D4B4F84420B4F8EA
:1069900046609B1AB3420EDA47F6122740F2E73000
:1069A0000021F61A4FF47A720023E6FB0701F1F793
:1069B000FFFF02F038FF94F84A3013F004031DD1B2
:1069C0008022AB212846CDE90033FFF765FEB0B940
:1069D00094F84A309B0711D540F2E7310D46014645
:1069E00047F61220B4F848404FF47A72E4FB0051A5
:1069F00000232846F1F7DCFF02F015FF002003B06A
:106A0000F0BD73B54368044693F84A309A071BD526
:106A100000238022B921CDE90033FFF73DFEA0B964
:106A2000636893F84A309B070ED5256902F0EBFFA7
:106A30004FF47A74A0FB040647F61222002304FBED
:106A40000161F1F7B5FF2861002002B070BD2DE9AA
:106A5000FF410446032900F2DD80DFE801F09907D9
:106A600002110025284604B0BDE8F081FFF7F2FDD1
:106A70002046FFF772FF05462046FFF7E0FDF1E7ED
:106A80004668306802F068FC80B1337E1BB1F06864
:106A900002F062FC50B12046FFF7DCFD2046FFF714
:106AA0005CFF0028204604DAFFF7C9FD6FF01205ED
:106AB000D8E7FFF779FE051E07DDE90705D50022B7
:106AC00000232046FFF781FE05462046FFF7B7FD6D
:106AD000002DEBDB2046FFF701F90028E6DB20461E
:106AE000FFF7B8FD4FF00308002303AF1A469F21BC
:106AF0002046CDF804800097FFF7CEFD05462046DE
:106B0000FFF79DFD40F2391200232046FFF782FA7D
:106B1000002DCBD13846424606F12C0103F037FA5E
:106B20000746002873D196F8303073B32046FFF73C
:106B300091FD2046FFF738FE051E21DD96F8303026
:106B4000802225EA030506213B462046CDE9007751
:106B50008DF80B50FFF7A0FD054688B901210DF116
:106B60000B0300938022034601912046FFF794FD1A
:106B7000054628B9002200232046FFF726FE0546D9
:106B80002046FFF75CFD002D90D196F82F5035B9C7
:106B90002046FFF75FFD2046FFF733FF6BE7FF2D31
:106BA000F6D015F00B0F81D02046FFF753FD15F0FE
:106BB000080314D00123802201930DF10B030093ED
:106BC000172100238DF80B202046FFF765FD0546B1
:106BD000B8B92269137D43F00103137511E0AA07C8
:106BE00005D400238022B721CDE90033ECE78022D1
:106BF00006212046CDE90033FFF74EFD054600286B
:106C0000EFD02046FFF71BFD002DC1D04EE76FF0FF
:106C1000150527E76FF0570524E7436800205B68F8
:106C2000DB680B607047436802EA01005B6821EA99
:106C300002015860002099607047436800205B683B
:106C400059607047436800205B68996070474368EB
:106C50005B681A6821EA02001140586000209960C0
:106C6000704730B50369586800B30024884219D1D1
:106C700008688CB99C685860A14200D198600020D7
:106C800008602AB15A680A609A68596002B9996026
:106C900000200FE02846E9E720609868814208BF9D
:106CA0009C60ECE705680446002DF3D1002AE9D189
:106CB0006FF0150030BD00207047FAF75BBD036828
:106CC00040689B68184703684068DB68184738B518
:106CD000044601F004FE054601F001FE431BA342F9
:106CE000FAD338BD10B50446FFF7EDFF014660B991
:106CF0002046F8F7CFFCA068FFF7E9FF2046012106
:106D0000F8F7C8FCA068FFF7E2FF00212046FFF774
:106D1000D6FFE068FFF7DBFF20460021F8F7BAFC5A
:106D2000A068BDE81040FFF7D2BF10B504460121AE
:106D3000FFF7C5FF01212046F8F7ACFCE068FFF73C
:106D4000C6FFA068FFF7C3FF2046BDE81040FFF76D
:106D5000C9BF38B504460121FFF7B1FF0121204624
:106D6000F8F798FCE068FFF7B2FF2046FFF7ABFFAB
:106D7000054600212046F8F78DFCA068FFF7A7FF25
:106D8000281E18BF012038BD10B50446FFF797FF35
:106D900001212046F8F77EFCE068FFF798FF2046C7
:106DA0000021F8F777FCA068BDE81040FFF78FBF1F
:106DB00010B504460021FFF782FFA068FFF787FFA8
:106DC00001212046F8F766FCE068FFF780FFE068E5
:106DD000FFF77DFF20460121FFF771FFA068BDE8A6
:106DE0001040FFF774BFCB070ED4C1F34203012B51
:106DF00007D0022B08D10122C0E902320161002034
:106E0000704705231A46F7E76FF08500704703695E
:106E100013B100200B6070476FF0040070472DE93C
:106E2000F74F06468846994614469AB30121F8F76B
:106E300031FC062708F10C084FEA4909BD0702D5C5
:106E40003046FFF7B5FF17F0040727D03046FFF7AD
:106E500049FF18F8043C1F43790729D54FF0080A69
:106E60004FF0800B07F0010545EA0905EDB205EA90
:106E70000B013046FFF788FFBAF1010A4FEA5B0BBE
:106E8000F5D13046FFF765FF80B16FF0040430465E
:106E9000FFF78EFF204603B0BDE8F08F18F8043CE2
:106EA0005807D6D53046FFF740FFD2E727F0040752
:106EB00017F0010B58E9035305EB030A34D055458D
:106EC00006D3013C14F0FF0408F10C08B6D1DEE74C
:106ED0005846430030460093FFF73BFF009B1843A2
:106EE000C205F6D505F8010BAAEB05035942304659
:106EF0005941FFF749FFE2E74FF0080B802315F8EF
:106F0000012B02EA03013046CDE90023FFF73CFFE5
:106F1000019BBBF1010B009A4FEA5303F1D13046BC
:106F2000FFF717FF0028B0D15545E5D3C9E738B5BD
:106F300004460925FFF7D6FE01212046FFF724FF6E
:106F4000013DF9D12046FFF7F0FE2046FFF730FF64
:106F50002046FFF7B8FE00280CBF6FF00F0000209E
:106F600038BD0523C0E902330223C0E900120361E2
:106F70007047034670B40C46DA88006819792243DA
:106F8000012405698C402B6812F0010F866814BF3C
:106F90002343A3432B60336870BC184737B50C46B6
:106FA0000569836801A95B68984748B92B6801980F
:106FB0005840012303FA04F10840003818BF0120AB
:106FC00003B030BD08B5017B8068FFF7E7FF0038EC
:106FD00018BF012008BD012303FA01F103691B68F2
:106FE000194203D022B183681B6903E0002AFAD05A
:106FF0008368DB6818470A46017B8068FFF7EBBFB0
:10700000FBF7F2BD38B5046904F114054FF0FF3207
:107010004FF0FF332846FBF775FD2046FFF787FF4B
:1070200004462846FFF7ECFF204638BD08B5017935
:107030000068FFF7B3FF003818BF012008BD0A46FB
:1070400001790068FFF7C7BF70B506690C4606F105
:1070500014054FF0FF324FF0FF332846FBF752FD87
:1070600021463046FFF7BFFE04462846FFF7C8FF1B
:10707000204670BD70B506690C4606F114054FF048
:10708000FF324FF0FF332846FBF73CFD21463046E8
:10709000FFF7BDFE04462846FFF7B2FF204670BD4D
:1070A0002DE9F041D0F810800C4615461E4608F137
:1070B00014074FF0FF324FF0FF333846FBF722FD45
:1070C000214633462A464046FFF7A9FE0446384685
:1070D000FFF796FF2046BDE8F08102780B69012A90
:1070E00007D0022A08D052B9DA6403F13C00FBF75A
:1070F000FDBD6FF00D02F7E76FF00A02F4E76FF0E5
:107100000402F1E738B504460569012205F12C00B7
:10711000114602F013FA012205F13C00002102F0B1
:107120000DFA2046BDE83840F8F75ABB38B5054699
:1071300000692C30FBF70EFE044610B92846FEF716
:10714000CDFD204638BD10B50469FEF7A8FD04F159
:107150002C00BDE81040FBF7C9BD2DE9F04F87B00A
:1071600004934368D0F810B0D3F820809B8A174668
:1071700003934FF0FF324FF0FF3305460C46FFF705
:10718000D5FF0BF13C0302930026002300220BF1F4
:107190003C00FBF7DFFD3346BE4201D3002335E060
:1071A000207A01077BD40136BE4221680BD28207C8
:1071B00009D4227D80EA020C0CF0010C02F00402DA
:1071C0005CEA020C2BD0002B45D101F06042B2F1F9
:1071D000005F43D14FF00009D4F800A0A388049ABF
:1071E000CBF850A0009228465246217A00F0B2F81F
:1071F000031E0BDB43F6095200230298FBF7AAFD9E
:1072000070B3284600F063F86FF0730328460293CA
:10721000FFF799FF029B184607B0BDE8F08F4FF0CB
:1072200001096268DDF80CE003EB020CF44539D883
:10723000C00705D408EB0300059302F093FE059BFD
:1072400062681A4493B2B9F1000F11D1002BC1D07A
:107250009946C246C3E74FF00009E2E79946E0E7E6
:10726000DBF84C30002B20DB237ADB0702D4002331
:107270000C3491E7C245FAD1A24609E0A9EB02011C
:107280001FFA81F9DAF80C0018FA81F102F06AFEAF
:10729000DAF80420AAF10C0A9145EFD2E7E76FF083
:1072A0008503B3E76FF01B03B0E76FF00403ADE7AE
:1072B00013B501AA044600F031F9002805DB019B53
:1072C000226819791868F8F7A7FB02B010BD73B5EA
:1072D00044680DF10701A36A1B68D3F80056D3F880
:1072E0000466FEF76DFC9DF8073013B9A06AFBF742
:1072F00031F831462846FBF75FFA9DF8071005463E
:1073000029B9E069FFF7D4FFA06A01F0E7FF28463A
:1073100002B070BDCA07436819D4C1F34201022903
:107320000BD003290ED0012911D14FF0CC729B6AEA
:107330001B680020C3F8242570479B6A4FF0C86281
:107340001B68F6E79B6A4FF07F621B68F1E76FF0FE
:1073500015007047F0B50C461D46164687B04768C5
:10736000122200210DF1060002F009FE04F00103D3
:107370008DF80430BDF8303002958DF80530BB8CA7
:107380000496AB420AD3C4F3400282F00102B86A09
:10739000520101A9FAF7F6FF07B0F0BD6FF01B002C
:1073A000FAE710B544680021E069FFF781FFA06AA1
:1073B000BDE8104001F092BF10B54468A06AFAF72A
:1073C000C9FFE0690121BDE81040FFF771BF08B5B2
:1073D00029B1012906D1FFF7E4FF002008BDFFF71E
:1073E000EBFFFAE76FF08500F8E7F0B40C2707FB36
:1073F000021414F8045C866845F0020504F8045C85
:10740000B468A446F0BC604701F10C00FBF702BE73
:1074100030B589B08DF80410002144681D462068FD
:10742000A3888DF810100C998DF80520069101AAFB
:107430000721029202228DF81C1002A903920595E1
:10744000FFF7D3FF09B030BD13B501240094FFF757
:10745000DFFF02B010BD1FB58DF801200322446884
:107460008DF802302068A388029202228DF8001065
:107470008DF80C2001A90122CDF804D0FFF7B5FF4B
:1074800004B010BD00B589B08DF8052001AA0292A4
:107490008DF804100222002105930A9B40688DF8A4
:1074A0001010039206938DF81C20838802A90068AF
:1074B000FFF79BFF09B05DF804FB2DE9F347054694
:1074C0000E4617469A469DF82890D0F810804FF047
:1074D000FF324FF0FF334046FBF714FB3A4631468C
:1074E00028460DF10703FFF7AFFF044678B99DF872
:1074F00007303A4623EA090309EA0A0943EA09037D
:10750000314628468DF80730FFF7A5FF0446404670
:10751000FBF76AFB204602B0BDE8F08730B5436850
:107520001360057A446804EBC504A34202D36FF0EC
:10753000010030BD5C7908338C42F1D10020F8E7BE
:1075400048B11F302CBF01210021400940EAC16031
:10755000490902F068B9704710B50469204601F086
:1075600048FF0023636110BD2DE9F041D0F8088089
:107570000646D8F80040F4B1476897F8264014F062
:1075800001041FD105694FF0FF334FF0FF32284649
:10759000FBF7B8FA6B690133012B6B6108D13046F8
:1075A000D8F800309847041E08DA6B69013B6B611C
:1075B0002846FBF719FB2046BDE8F081F869FFF784
:1075C000BFFFF5E70024F6E7F8B5876806467C6854
:1075D0009CB1436893F82630DB071DD405694FF052
:1075E000FF334FF0FF322846FBF78CFA6B69002B14
:1075F00005DC00242846FBF7F7FA2046F8BD013BDE
:107600006B61002BF5D17B6830469847041EBEBFE6
:107610006B6901336B61EDE70024EEE7F0B4D0E96C
:1076200001631B693BB177688F4208DB356895427F
:1076300005DCF0BC18476FF05700F0BC70476FF0E6
:107640001500FAE7F0B4D0E901631B6A3BB1376972
:107650008F4208DBF568954205DCF0BC18476FF0F7
:107660005700F0BC70476FF01500FAE770B4D0E92E
:107670000162956A03460C46A5B196F8242012B91A
:107680002B4670BC1847306A024410F8011BA14217
:1076900002D121461846F3E79042F6D16FF08500FB
:1076A00070BC70476FF05700FAE72DE9F3410E46C2
:1076B000D0E9014794F825108046FF2905690FD1CC
:1076C00094F8261001F00C01082914D0D8F80830DD
:1076D00000391B6B18BF01214BB96FF0570003E055
:1076E000FFF7C4FF0028EBDA02B0BDE8F0814046A6
:1076F00098470028F8DBA268B2F1004F05D0114688
:107700004046FFF78BFF0028EEDB6269B2F1004FC5
:1077100005D011464046FFF795FF0028E4DB2368BB
:10772000B3F1004F14D0D8F808305B69002BD4D0E7
:10773000404601A998470028D6DB2268019B9A425F
:107740001CDD11464046FFF769FF002805DACBE74C
:107750006FF0004362689A42E5D19EB994F82630F2
:107760009B0716D040463B6898470028BCDBA069C1
:10777000FFF7E6FE6B6901336B610AE062689342D2
:10778000EBDDDEE76B6901336B6194F82630DA06D6
:1077900001D40020A8E74046FFF716FFA4E7012325
:1077A00003FA01F103691B68194218BF82F0010254
:1077B00012B18368DB68184783681B69FBE708B56B
:1077C0004368986A38B1012293F82C10FFF7E7FF5D
:1077D00000EAE07008BD6FF08500FBE743681B68B6
:1077E000B3F1004F14BF00206FF00100B0FA80F039
:1077F000400970470346084631B95B681B68B3F11E
:10780000004F01D0136070476FF015007047436858
:107810001B68B3F1004F1ABF00200B606FF001002E
:107820007047F8B54668044696F8267007F00307D7
:107830003D1E18BF0125FFF78FFEB06A28B9294603
:107840002046BDE8F840FFF730BF01F085FD28B3C2
:10785000002F0CBF4FF4B0134FF4D013F28DB06A69
:1078600096F82C101A430127D0F810C042F30003F9
:1078700003F44023DCF80060534023F480128F406F
:10788000DB07D0F808E04CBF3E43BE43CCF80060B5
:10789000DEF8003098470028D1DAF8BD6FF012000A
:1078A000FBE74368986A20B1002293F82C10FFF799
:1078B00076BF6FF085007047436893F82D30032B37
:1078C00094BF182000207047F8B50C46002701250A
:1078D0004668706830B90137052F06F10806F8D1FF
:1078E0000020F8BD337A44FA07F205FA03F1036980
:1078F00002F001021B68194218BF82F001022AB18E
:107900008368DB6898470028E5D0EAE783681B694D
:10791000F8E7406890F82D30032B13D8DFE803F028
:1079200002080B0F01231A460421806AFFF793BD5A
:1079300001230322F8E701231A460821F5E7012372
:107940000322FAE7002070474068012302220B213E
:107950000068FFF780BD0B461146426892F82D2063
:10796000032A02D898B2F8F721B96FF015007047D2
:1079700013B51C46806A0DF10703FFF765FD00286B
:1079800008DB9DF8073000201C40003C18BF012494
:10799000049B1C7002B010BD10B401320129D2B298
:1079A00008BFD2009DF8044015BF42EA831342EAA3
:1079B000C3134722B82214BFDBB2DBB2012C0CD0B8
:1079C000022C07D064B901920C220421806A10BCF9
:1079D000FFF773BD01920E22F7E701920D22F4E743
:1079E0006FF0850010BC7047F7B50124012A04FA36
:1079F00001F405460E461346E4B204D0042A17D01B
:107A0000C2B9052701E004270023009415220421B0
:107A1000A86AFFF752FD00280EDB0123042107EBC3
:107A20004602A86AD2B203B0BDE8F040FFF713BD2A
:107A30002346E6E76FF0850003B0F0BD40680A46D4
:107A400090F82D30032B0DD8DFE803F00205070A6C
:107A50000021FFF7C9BF0121FBE70021F8F7E4B8D7
:107A60000121FBE76FF08500704713B5144601F163
:107A70000C02806A08210DF10703D2B2FFF7E4FC83
:107A8000002807DB21469DF8070002B0BDE8104042
:107A9000F8F78CB802B010BD37B505460C46104655
:107AA00019460DF10602F8F791F810F1160F0BD0F8
:107AB000082104F10C029DF80630A86AD2B203B086
:107AC000BDE83040FFF7C7BC03B030BD73B5054615
:107AD0000C46164604210F22806A0DF10703FFF7BA
:107AE000B3FC002812DB9DF8073004212341DB079B
:107AF00045BF043464001034334658BF3346A86A87
:107B00004CBF04F0FE02E2B2FFF79EFC02B070BD73
:107B100030B5044685B010460D460DF10E021946EB
:107B20006468F8F753F810F1160F21D02946204663
:107B30000DF10D02FFF7CAFF002819DBBDF80E306A
:107B40009DF80D209A4213D02A1D52000421A06AEC
:107B5000DBB202F0FE02FFF77EFC002808DB012307
:107B6000AB40DBB200930F220421A06AFFF7A5FC13
:107B700005B030BD30B44468134694F82D20032A74
:107B800014D8DFE802F002070A100A46002130BCD0
:107B9000FFF7BEBF0A460121F9E70A460021204649
:107BA00030BCFFF779BF0A460121F8E76FF01200F9
:107BB00030BC704713B5446894F82D30032B2AD895
:107BC000DFE803F0020B0E26012300220421A06A45
:107BD00002B0BDE81040FFF73EBC01230222F5E7EA
:107BE000012300220821A06AFFF735FC00280DDBE5
:107BF00094F83C3053B900213F2001F014FE0422D8
:107C00000821A06A0DF10703FFF71EFC02B010BDAA
:107C100001230222E6E70020F8E72DE9F0410126E2
:107C2000446804F12805606828B90834A542FAD1EF
:107C30000020BDE8F08101F08FFBC8B1B4F80AE084
:107C40006068217A4EF4003207691EF0010F3B682C
:107C500006FA01FC14BF4CEA030323EA0C03D0F834
:107C600008803B60D8F8003098470028DDD0E0E776
:107C70006FF01200DDE713B540680C4690F82D3028
:107C8000032B20D8DFE803F00211151C00210DF1B1
:107C90000702FFF71BFF002817DB21469DF80700AE
:107CA00002B0BDE81040F7F781BF01210DF10702D6
:107CB000EFE70A46002102B0BDE81040FFF7D5BE4D
:107CC0000A460121F7E76FF0120002B010BD37B588
:107CD00013460A78FF2A29D0406890F82D40032CDB
:107CE00026D8DFE804F002090D1B00934B78002131
:107CF000FFF752FE03B030BD00934B780121F7E748
:107D00004978C3B9013242EAC1030522DBB2082136
:107D1000806A03B0BDE83040FFF79DBB497853B996
:107D2000013242EAC103DBB20622F0E70020E1E7BC
:107D30006FF01200DEE76FF08500DBE7F0B5456815
:107D4000044685B0A86A01F007FB18B96FF012006D
:107D500005B0F0BD606890F82D30032BF6D8DFE851
:107D600003F0022429300DF10D0300930423342283
:107D70000421FFF7FDFD0028EAD120469DF80D10F3
:107D8000FFF793FC0028E3DB296BF9B995F83A304B
:107D9000FF2B38D1606895F83B3090F82D20032AEE
:107DA000D4D8DFE802F04A7179810DF10D03009318
:107DB0004023DCE70DF10D03009303230422082187
:107DC000D7E70DF10D0300930C23F7E7676897F8E9
:107DD0002D6026B1012E02D06FF08500B8E708466D
:107DE0000DF10E02F7F7F2FE10F1160FB0D072008F
:107DF000093204219DF80E30B86AD2B2FFF72BFB8E
:107E00000028C3D0A4E7606890F82D20022A07D08C
:107E1000032AE1D130221B01009203F0F00304E0B9
:107E20000C229B00009203F0FC0307220821806AC9
:107E3000FFF743FB0028ADD08AE7042115229B0001
:107E4000009103F0FC03806AFFF737FB00287FF402
:107E50007FAF024605F134012046FFF738FF0028C6
:107E60007FF476AF0122204605F13601FFF72FFFA0
:107E700000287FF46DAF0222204605F1380105B0DD
:107E8000BDE8F040FFF723BF0822DB000092042189
:107E9000152203F0F803D6E740229B01009203F07D
:107EA000C00307220821CEE78022DB0100921340A5
:107EB000F7E74368586870472DE9F0411F460E46C2
:107EC00015460446D0F804804046F7F701FFD8F87D
:107ED00000103A463144284602F044F86068F7F74B
:107EE00005FF0020BDE8F0812DE9F0411F460D4659
:107EF00016460446D0F804804046F7F7E9FED8F865
:107F000000003A463146284402F02CF86068F7F742
:107F1000EDFE0020BDE8F08138B5044645682846EE
:107F2000F7F7D6FE00216A68286802F028F8606832
:107F3000F7F7DCFE002038BDF0B5B0F80AC00489C0
:107F4000D0E90065ACEB0407B24205FB076701DB33
:107F5000B94202DD6FF01500F0BDB14203DA1C80BA
:107F60006FF02100F8E7BA4202DDA3F800C0F7E79E
:107F700015B91C800020EFE7891B6E1E3144B1FB50
:107F8000F5F10C44A4B21C800389E41AD0E9003155
:107F900001FB04339342EDD9DCE740F201132DE9F4
:107FA000F04188B04FF00308ADF810300123456868
:107FB00004698DF81230286800220521CDF8008070
:107FC00004ABFFF75FFA00285AD12022002302A851
:107FD00001F01BFDDDE9026734224146286804F107
:107FE0000803FFF731FA00284AD1362241462868B3
:107FF00004F10903FFF728FA002841D107220221E2
:10800000286804F10B03FFF71FFA002838D102A8F3
:1080100032463B4601F01EFDDDE9020101F003FCA2
:108020000B23009310220521286805ABFFF7F0F918
:1080300030BB9DF819309DF8152003EA080343EA88
:10804000820323809DF819309DF81620C3F3810325
:1080500043EA8203A3809DF819309DF81720C3F3EB
:10806000011343EA8203E3809DF81E309DF81C2033
:10807000C3F3011343EA820363809DF81430A372B3
:1080800008B0BDE8F08170B4048945892D1BD0E9A2
:10809000004606FB0544A14209DD848AC58A2D1BE2
:1080A000D0E9034606FB0544A14203DC0C3070BC5A
:1080B000FFF742BF6FF0150070BC704710B5026942
:1080C0008B00526A1021D46803F0FC030C22A047F5
:1080D0000028B4BF6FF00400002010BD10B5036984
:1080E00004295B6ADC6809D102230E221121A04712
:1080F0000028B4BF6FF00400002010BD890001F01B
:10810000FC03F2E737B504696A46636A28211D68F3
:108110000623A8470028A9BF00206FF00400BDF97E
:1081200000302360A1BFBDF902306360BDF90430A7
:10813000A36003B030BD37B504696A46636A222183
:108140001D680623A8470028A9BF00206FF004007F
:10815000BDF900302361A1BFBDF902306361BDF9F3
:108160000430A36103B030BD37B504692021636AD0
:1081700001AA1D680223A8470028A9BF00206FF0AC
:108180000400BDF90430236203B030BD0C2910B5E2
:1081900004461DD006D803290CD007290ED06FF055
:1081A000850010BD4C29FAD1FFF7ACFF50B16FF03C
:1081B0000400F6E7BDE81040FFF7A4BFBDE810409B
:1081C000FFF7B9BF2046FFF7B6FF0028EFD12046E2
:1081D000BDE81040FFF7C8BF70B507291446056910
:1081E0000FD8032912D9EE69062932462ED0072965
:1081F0002ED0052914BF296969692046F3F7DCFEF2
:1082000011E00C2933D06FF0850070BDEE680229B3
:1082100032460AD003290AD0012914BF29686968A7
:108220002046F3F79DFE0020EFE7A968F8E7204617
:108230002968F3F795FE3246696804F10800F3F700
:108240008FFE3246A96804F11000EAE7A969D4E775
:1082500020462969F3F7B0FE3246696904F1080047
:10826000F3F7AAFE3246A96904F11000C6E72B6AAB
:10827000002BB8BFFF331B12193313602B6A5A420D
:10828000D2B2DBB258BF534240F6427253436360EE
:10829000C9E72DE9F04104460D46066991B101296F
:1082A00022D1308DF8F728F8C1B22046F8F752F8FD
:1082B000F0B9708DF8F720F8C1B22046BDE8F04162
:1082C000F8F72AB8736AF022DF680B461021B84726
:1082D00000280BDB736A2046DE68F0222B46B4468A
:1082E000BDE8F041112160476FF08500BDE8F081E5
:1082F0006FF00400FAE7F0B40C2707FB021414F83F
:10830000045C866845F0020504F8045CB468A44681
:10831000F0BC604730B589B08DF807100DF107014A
:10832000029101211D464468606803910021238960
:10833000CDE9052502228DF8101002A98DF81C2028
:10834000FFF7D9FF09B030BD30B589B08DF80710FF
:108350000DF107011D4602910121446860682389DF
:108360000391CDE90525002107228DF810108DF825
:108370001C2002A90222FFF7BEFF09B030BD10B5D4
:1083800088B08DF807100DF10701029101214368B3
:10839000002458681B89CDE90521072203918DF837
:1083A0001C2002A902228DF81040FFF7A4FF08B09C
:1083B00010BD2DE9F0471F4643680126D3F804801D
:1083C00093F808A0002388B08DF810300DF1030356
:1083D000CDE9053607230D4614468DF804100DF13E
:1083E00004098DF81C3002225346404602A9CDF8FC
:1083F00008900396FFF77FFFB8B99DF8032022EAA3
:1084000004033C401C43A2420FD002233246039394
:108410008DF810304046534602A98DF804508DF86F
:108420000540CDF80890FFF766FF08B0BDE8F0877B
:1084300070B54FF4FA530646446C47F6122C5C4371
:1084400056F8203B05461B6840F2E730B4FBF3F4D6
:108450000021C8344FF47A720023E4FB0C01F0F7DA
:10846000A7FA02460B463046FAF774FC08B9286BA7
:1084700070BD6FF07300FBE7002201214D20F4F77F
:108480009BBE00220121ED20F4F796BE10B50B68CB
:1084900013B91846136005E003685C681CB11460EA
:1084A0000368186810BD083303600B68013B0B605C
:1084B000EDE710B5036804468BB11A7D7AB11869EF
:1084C00000F020FF0121236898681B7B9940036915
:1084D0001B68194283680CBF1B69DB689847A36956
:1084E00033B9636004F11000BDE81040FAF7FEBB39
:1084F00010BD08B50069C36D8B4204D15C30FFF735
:10850000D8FF002008BD4FF0FF30FBE7F8B50C4660
:1085100006690546F76DFDF7C2FB14B9BB88DB049D
:1085200003D43946284600F03DF9C6F88C4006F1E0
:108530007C00BDE8F840FAF7D9BB37B503690546BA
:10854000D3F8A820D3F8B010A2B9C9B10C46D3F81B
:10855000A400E0B1EAB91046D3F8AC30DBB1002991
:1085600004BF0C46234601460094284600F02EF92D
:1085700003B030BD49B191420C4628BF1446E6E72E
:1085800003B0BDE83040FFF7C1BF1446DFE7024645
:10859000E2E72246E0E71C46E5E770B50D1E064619
:1085A000046903DABDE87040FFF7B0BFD4F8A83023
:1085B000CBB19D4217D85B1BC4F8A830ABBBD4F835
:1085C000903004F1A8020833C4F89030D4F8943005
:1085D00004F19401013BC4F8943004F19000FFF7DA
:1085E00055FFC4F8A400D4F8B030CBB19D4217D8E1
:1085F0005B1BC4F8B03003BBD4F8983004F1B00270
:108600000833C4F89830D4F89C3004F19C01013B45
:10861000C4F89C3004F19800FFF738FFC4F8AC00B0
:108620003046BDE87040FFF788BFD4F8A430002B77
:10863000D9D02B44C4F8A430D5E7D4F8AC30002B03
:10864000EED02B44C4F8AC30EAE70069B430FAF756
:108650004DBB13B501AA0446FEF760FF002805DBF9
:10866000019B226819791868F7F7D6F902B010BD96
:1086700003460A4619790123006803FA01F10369E8
:108680001B68194218BF82F0010212B18368DB68CF
:10869000184783681B69FBE7F0B504690646D4E90F
:1086A00015128B1A476885B004D1BB6805B0BDE8C8
:1086B000F0401847BD8BE16C9D4228BF1D4621B19B
:1086C00001F06043B3F1005F06D1236D3BB103F0CD
:1086D0006043B3F1005F02D0082D28BF08250023B6
:1086E000A36451B1114401F06043B3F1005F04D0C1
:1086F0002A46386901F036FC3969236D43B1A26D11
:10870000134403F06042B2F1005F1CBF7B69A364B5
:10871000002914BF2A460022002B08BF0025CDE9FE
:10872000012300910022694620460395F9F71AFDBE
:10873000014618B1736830469B68984705B0F0BD94
:1087400070B50C690E46A16C054639B1A36D206D5C
:108750002A69184401F006FC0023A3642969AA6869
:10876000A36D304691422CBF5B189B18A365BDE8F2
:108770007040FFF791BF0847072210B503690C4608
:108780001B68C3F800250B7D5BB1012104F10800D3
:10879000FFF76EFF237D23B12069BDE8104000F094
:1087A000B1BD10BD38B503690C461D680B7D4BB1DA
:1087B000086900F0A7FD237D23B1002104F1080022
:1087C000FFF756FF0023C5F8003538BD10B4046923
:1087D000C4E91313019B93422CBF636562650023B8
:1087E000A36510BCFFF758BF006900F087BC0129E2
:1087F000F8B5044627D007D9023901298CBF6FF09C
:1088000015006FF08500F8BD0569466895F82830B9
:108810002BB12846F9F76EFC002385F828306368F1
:108820000024DF68DD7FAC4205D301217068BDE81C
:10883000F840FFF70EBF57F83400FDF730FA002874
:10884000E1D10134EFE700244568EF68EE7FB442E0
:1088500002D300216868EAE757F83400FDF73EFAD2
:108860000028D0D10134F2E72DE9F8430446002571
:10887000012743681B6898476368DE7FDC68B54260
:1088800002D30020BDE8F88320682179E388D0F87E
:1088900010E0DA0754BF43F4B01383F4D013DEF8CA
:1088A00000C023F4801207FA01F8DB07D0F8089023
:1088B0004CBF48EA0C032CEA0803CEF80030D9F884
:1088C0000030984708340028DCD10135D7E708B5D7
:1088D0000220F6F7F5FA002008BDF9F76BB808B5E5
:1088E000F9F768F808BD1FB500240A220194029424
:1088F000CDF80B400091014601A801F058FB009B08
:1089000084F31188BFF36F8F0323184602DF04B08E
:1089100010BD10B54FF0FF304FF0FF31F8F740F8C1
:10892000044628B9E7F73EFF044618B1F8F740F8C7
:10893000204610BDF8F73CF82046F5F7F9F8F7E7C0
:10894000F8F722B910B532220021044601F017FBD6
:108950006FF03F0363712823A3730223E3736FF067
:10896000480363760323A3766FF03F03E37608237F
:108970002377802384F8263010BD08B5FBF7F0F983
:1089800048B1002383F31188BFF36F8F0423184687
:1089900002DF6FF0040008BD1FB500240A22019415
:1089A0000294CDF80B400091014601A801F0FFFAB6
:1089B000009B84F31188BFF36F8F0323184602DFF7
:1089C00004B010BD08B54FF0FF314FF0FF30F7F79E
:1089D000E7FFF2F7C0F9BDE80840F7F7E9BF6846DE
:1089E00020F007018D4601B5EEF72AF8BDE80140F9
:1089F00085467047684620F007018D4601B5EEF7C1
:108A000011F8BDE8014085467047684620F007012F
:108A10008D4601B5EEF744FBBDE801408546704741
:108A200008B5F1F7BDFD002008BD7047012802D050
:108A3000022803D070470020EDF7E6B80120FBE7DD
:108A40007047ECF717BF08B5EEF760FD30B1EFF3F4
:108A500005800338032894BF0020012008BD70471B
:108A6000012070470020704710B521F040010C290B
:108A7000046904D1EEF7E4FD2060002010BD6FF022
:108A80008500FBE703460020184700F03BBC024688
:108A900010B5116891B1B1FA81F3C3F11F00012340
:108AA000834021EA0303D2E8EF4F8C4204D1C2E8AD
:108AB000EC3FBCF1000FF6D1EBD110BD6FF00B0015
:108AC000FBE710B50368CB40DB0710D401238B40D4
:108AD000026843EA0201D0E8EF4F944204D1C0E8B3
:108AE000EC1FBCF1000FF6D1F2D1002010BD6FF0E9
:108AF0001500FBE72DE9F04116461F464FF001082F
:108B000000F160404C1E0444C50BE40BA54201D9A2
:108B1000BDE8F08105F00F01C5F30710324608FAF1
:108B200001F1B8470135F1E7000100F1A04000F57F
:108B30004F20D0F800351AB11943C0F8001570471E
:108B400023EA0103C0F800357047F7B51646DDE9A2
:108B50000847019001A81D46F8F7C0FC019BB6F13B
:108B6000000C18BF4FF0010C00EB83000B1E18BF68
:108B70000123002D43EA4C030CBF4FF0000C4FF0D3
:108B80000C0C002C43EA0C030CBF4FF0000C4FF40C
:108B9000706C002F43EA0C030CBF4FF0000C4FF435
:108BA000403CD0F8802043EA0C0322EA030301B1E1
:108BB00009780EB13678760019430DB12D78AD00E5
:108BC00031430CB12478240229430FB13F783F048C
:108BD0000C433C43C0F8804003B0F0BD1FB50DF11D
:108BE0000F03019300238DF80F101A4619460093C6
:108BF000FFF7ABFF05B05DF804FB10B5044608466F
:108C0000F8F77CFC04EB4004207DC0F3401010BD5D
:108C100010B504460846F8F771FC04EB4004207DCB
:108C2000C0F3400010BD10B504460846F8F766FCD6
:108C300004EB4004A08A400B10BD70B50446084602
:108C40001646F8F75BFC083034F810300D46DA05AC
:108C500009D5C3F3432304EBC3023146284654F835
:108C6000333052689847A3682BB131462846E268F2
:108C7000BDE87040184770BD10B504460846F8F7C7
:108C80003DFC04EB4000838ADA051DD5C3F3432184
:108C900023F4F853838204F1120204F1960032F8AF
:108CA000023F13F4807F03D0C3F3432399420BD0D8
:108CB0008242F4D1002204EBC1035A6004F19C000B
:108CC000BDE81040FFF7FDBE10BDF0B50446002022
:108CD00001270546844695420AD1D4F8443133B180
:108CE0000023C4F84431D4F8443140F40030F0BDDE
:108CF000EBB29B0003F580769B0807FA03F3194259
:108D000008D054F806E0BEF1000F03D044F806C0C6
:108D1000A65918430135DEE738B504460D46FFF77E
:108D20006CFFA8B12046FFF773FF88B92046FFF714
:108D30007AFF012322688340C2F81833236803EBCB
:108D40008000D0F8103523F00303C0F8103538BD8B
:108D50002846BDE838400021FFF740BF2DE9F04329
:108D60001746044685B00846F8F7C8FBD7F80080D8
:108D70000E460546B8F1000F1ED02046FFF748FF0B
:108D800018B12046FFF739FF20BB00230DF10F0279
:108D9000CDE900338DF80E308DF80F303046434664
:108DA0000DF10E01FFF7D1FE04EB4502938A23F08B
:108DB000020343F0010393827B689BB33146204654
:108DC00093F80080D3F80490FFF722FF28B1B9F19F
:108DD000000F1FD06FF0150027E004EB4500838AD9
:108DE00023F4604323F020038382B9F1000F11D0F4
:108DF000B8F1030FEED87B6821685B6893F800C078
:108E00004FEA8C031944B8F1000F11D1C1F8108555
:108E1000C1F8108504EB4502938A23F01C0343EA52
:108E200088039382BB684BBB002005B0BDE8F0838C
:108E3000D1F8102522F00302C1F81025226813444E
:108E4000D3F8102522F4473222F47C72C3F810259F
:108E500041F6F072D3F8101502EA061242EA08420F
:108E60000A43C3F8102504EB4C03A3F8A060838ADF
:108E700043EA4C3343F020038382CBE73146D3E906
:108E800000782046FFF7F8FE002FCDD063689F42A0
:108E900006D004F19C00FFF7FAFD002804DAC4E7CD
:108EA000A3689845F5D1002004EBC003C3E901781D
:108EB00004EB4505AB8AC0B243EA402343F4807318
:108EC000AB82B1E7C0E90312704770B5044615469E
:108ED000FFF793FE48B10846F8F710FB04EB400497
:108EE0000020A38A5B0B2B7070BD6FF01500FBE7B1
:108EF00090F8B000003818BF01207047F8F736BB73
:108F00002DE9F34104461746FFF777FE0D46266824
:108F1000F0B12046FFF77CFE8046C8B92046FFF737
:108F200082FE820002F5807346F80380F3582368BE
:108F30001344D3F8102542F00102C3F8102527B1DD
:108F4000012322688340C2F8143302B0BDE8F081E7
:108F5000D6F8143328469B035CBF4FF40033C6F8A1
:108F60001433F8F7CBFA04EB4004A38AC3F382036B
:108F7000042B11D0052B11D001A80195F8F7AEFAFA
:108F8000019BC168D94001F001010231284602B0BD
:108F9000BDE8F041FFF722BE0321F7E70221F5E724
:108FA000FFF7BABEC9B2F8F70DBF30B501240546C8
:108FB00090084038844014EA010009D0A85838B11C
:108FC0000021A950AA5813B11A6822431A6001203F
:108FD00030BD00232DE9F34104460D460193904630
:108FE00001AB4FF48072FFF7E0FF4FF48272294625
:108FF0002046FFF7DAFF4FF48472074629462046E1
:10900000FFF7D3FF064630B1B8F1000F1DD017B1FE
:109010003E46D4F80C374FF4A6722946204601ABE1
:10902000FFF7C3FF30B1B8F1000F03D016B90FB18D
:10903000D4F80C374FF4B4722946204601ABFFF741
:10904000B4FF019802B0BDE8F0814646E3E707B5FA
:10905000019001A8F8F7C2FE0123019A93404360F2
:1090600003B05DF804FB07B5019001A8F8F7B6FE60
:109070000123019A9340836003B05DF804FBF8B5C7
:109080001E4690F8203004460D46174693B919B194
:109090004969F8F7B3FE80B1C4E901761DB12946EC
:1090A0002046F8F731FF0020012384F8210084F8DE
:1090B0002030F8BD6FF07700FBE76FF01500F8E7A0
:1090C00070B590F8203005460E4673B190F8213007
:1090D00003F0FF0463B94969F8F790FE58B12846D8
:1090E0003146F8F711FF204670BD6FF07600FBE7C0
:1090F0006FF00F00F8E76FF01500F5E7011D00684D
:10910000F8F79ABE70B590F8223004461E0705683D
:1091100005D5D5F8083113B10023C5F8803C94F883
:109120002230580710D5D5F80433D9070CD5D5F817
:1091300000314BB10023C5F80031D5F80021C5F846
:10914000843C0123C5F808330421284604F11002A9
:10915000FFF73FFFD8B1606A421C05D094F8223077
:109160009B0711D5FFF77FFF94F821301BB12846EC
:10917000211DF8F761FE2046002300F80C3FD4E9DA
:109180000131BDE870401847FFF761FFECE770BDA3
:1091900091F820200346032A29D8DFE802F0212590
:1091A00019028A68500504D5D3F84427086990420B
:1091B00007D18A6852051AD4D3F8442789699142A5
:1091C00015D000200622C3F80005C3F8002570471B
:1091D000D3F8442708699042F3D1D3F80C27EDE780
:1091E000D3F844270969EAE7D3F80C27FAE7012006
:1091F000704730B501249508403DAC400C4208D082
:10920000815831B100218150825813B11A6822432C
:109210001A6030BD002313B50C4601934FF49472CD
:1092200001ABFFF7E6FF21464FF48272FFF7E1FF43
:1092300021464FF48A72FFF7DCFF21464FF4B672E5
:10924000FFF7D7FF21464FF4A872FFF7D2FF214660
:109250004FF49C72FFF7CDFF4FF49A722146FFF74F
:10926000C8FF019802B010BD10B4CC7B8A680368B7
:109270002CB9D1E90041C3F80046C3F80416C3F87D
:10928000242543682BB1006810BCC0F30830F3F705
:1092900071BF10BC704738B50D4690F826100446D3
:1092A000C9B9C160C0E9012380F8291080F82810ED
:1092B00065B1AB7B80F82B302846F9F719F86B7B4A
:1092C0002946204684F82A30FFF7CEFF01230020EC
:1092D00084F8263038BD6FF07700FBE7062203687C
:1092E000C3F80025022380F82630704707B50190A7
:1092F00001A8F9F751FA0123019A9340436003B0A2
:109300005DF804FB08B1F4F7B7BB704738B54369A3
:1093100005465BB90024EA68537843F001035370B3
:1093200014B92846FCF793FE604238BD98470028E0
:10933000F0D080EAE074A4EBE074FF2CA8BFFF2417
:10934000EB681C70E7E7C3685B78DB0701D4FFF7C5
:10935000DDBF6FF07700704740B1C368587810F0F8
:1093600001001EBF1878B0FA80F040097047EFF393
:109370001183402383F31288BFF36F8FFEE708B594
:10938000FFF7F5FF10B400F10C04C0E9034410BC72
:10939000FCF7C0BA38B50446EFF31185402383F3D8
:1093A0001288BFF36F8FFCF716FA04F10C0000F07F
:1093B0002BFA30B1294604F11400BDE8384000F022
:1093C00009BA85F31188BFF36F8F38BD402408B503
:1093D000EFF3118384F31288BFF36F8FFCF764FE01
:1093E000F6E790F90E308B4201D0FAF731B8002041
:1093F000704703460020C3E90033C3E90200704709
:10940000D0E9003213605A600023027CC0E90033C7
:1094100022F002020274836070472DE9F8439046FF
:1094200004460D469DF82020EFF31187402181F37B
:109430001288BFF36F8F02B14568A66804F108096E
:10944000B14516D0AEB100243046FFF7D9FF06F182
:10945000180000F09FFA3046C6F88040C6F8148025
:1094600000F085F94846394600F0B4F92046BDE8D9
:10947000F883A3B10820FAF7E3FB002832D00122D9
:10948000C0F804800260016801F003015DB9226840
:109490000A430260626820606AB960600BE040467F
:1094A000C8F80030EFE72A68032A10D80160616825
:1094B00039B9C4E90000002087F31188BFF36F8F2A
:1094C000D5E70A6802F0030202430A60E5E722F0EA
:1094D00003020A4302602A6802F0030240EA020320
:1094E0002B60E8E76FF00B00E6E710B5044630B1FB
:1094F0000268930703D0446809B100F03FFB20469F
:1095000010BD0023C0E9003300F10803C0E90233B5
:109510007047012307B5009300230A461946FFF759
:109520007CFF03B05DF804FB002307B50A460093F7
:109530001946FFF772FF03B05DF804FB3AB18A42A7
:1095400005D3C0E90212C0E90000002070476FF0A7
:1095500015007047012302688B4022EA0303036071
:1095600022FA01F000F00100704710B50321044613
:109570000C30FFF7EFFF30B104F1100000F00AFAF1
:10958000B0FA80F0400910BD20B10022943011469D
:1095900000F092B9704770B5C3680446C3F3400643
:1095A0009B0716D4856802210C30FFF7D3FF80B1EA
:1095B000D5F88C206AB194421DD122689EB9D5F8A5
:1095C0009030C5F88C209C4201D1C5F89020002332
:1095D0002360E36813F01F001EBF43F00203E36043
:1095E00040F0020070BD3260D5F89020944208BF70
:1095F000C5F89060EBE716461268DBE773B50446E2
:10960000EFF31185402383F31288BFF36F8F00239C
:109610000193D0E90423B3F1004F08BF012A05D01C
:1096200085F31188BFF36F8F02B070BDA0F11006F3
:1096300003210438FFF78EFF0028F1D0A3693046DC
:1096400001A90193F9F794FCEAE738B504460D4601
:109650001022002100F093FC656038BD13B5019025
:109660000846EFF31184402383F31288BFF36F8F12
:1096700001A9F9F77DFC84F31188BFF36F8F02B065
:1096800010BD10B5FFF7EAFF041E08DDEFF31180EF
:10969000402383F31288BFF36F8FF9F745FF20460D
:1096A00010BD08B5A822002100F069FC08BD38B53E
:1096B00030220D460021044600F061FC4FF4807317
:1096C0006560E36038BD38B50446EFF3118540238B
:1096D00083F31288BFF36F8FFFF747FF2046FFF732
:1096E0005AFF85F31188BFF36F8F38BDEFF3058004
:1096F000003818BF012070476FF057007047D0E95D
:10970000003213605A600023C0E90033704708B587
:10971000FFF7F5FF037C23F002030374002383604B
:1097200008BD38B504460D46F9F7EEFD237C43F03D
:1097300002032374D5B1A5602B689D4209D16B68E3
:10974000C4E900531C606C6010E06A689A42F6D06D
:109750001B68002BF3D093F90E1094F90E20914260
:10976000F3DD5A68C4E9003214605C6038BD10B59E
:10977000EFF31184402383F31288BFF36F8FF9F75F
:1097800083FD84F31188BFF36F8F10BD08B5037C90
:10979000014613F0280F0CD183680BB1FFF7B7FF18
:1097A0000B7C084623F004030B74BDE80840F9F76E
:1097B0006BBD08BD10B5EFF31184402383F312880D
:1097C000BFF36F8F1838FFF7E1FF84F31188BFF301
:1097D0006F8F10BD0846F9F7CFBD38B50546046850
:1097E0000020AC4200D138BD002CFCD02046FFF751
:1097F0008EFF04F1180000F0CDF82046F9F744FD83
:109800002C680120A542EDE710B5EFF31184402349
:1098100083F31288BFF36F8FFFF7DFFF84F31188A4
:10982000BFF36F8F10BD70B506460D46F9F718FFF0
:10983000B5F1FF3F08BFB6F1FF3F04460CD047F635
:10984000112000214FF47A7547F612220023E4FB21
:109850000501EFF7ADF870BD4FF0FF30FBE708B53D
:10986000C3171F3043F10003400940EAC360C1172A
:10987000F9F7F6FE400108BD38B50446EFF311854F
:10988000402383F31288BFF36F8F037C5B070ED5F1
:10989000183000F07FF8237C204623F00403237463
:1098A000F9F7F2FC2846BDE83840F9F765BD85F3C5
:1098B0001188BFF36F8F38BD38B5EFF311854023A2
:1098C00083F31288BFF36F8F0468A04213D0A4B152
:1098D000C4F8801062612046FFF719FF04F11800F8
:1098E00000F058F82046F9F7CFFC012085F31188E5
:1098F000BFF36F8F38BD0020F8E72046F6E72DE96B
:10990000F04706460F4691469A46EFF311884023EA
:1099100083F31288BFF36F8F0068864206D028B1A8
:10992000736898420CBF0025056868B90024B9F136
:10993000000F02D051462046C84788F31188BFF374
:109940006F8F2046BDE8F0875146B847044600288F
:10995000EDD135B17368AB4200D02C68284625465E
:10996000E3E72C46FAE708B50246F9F7EBFF70B1DA
:10997000D0E904319B1A61EBE272B3F1004F72F14E
:10998000000104DA002AACBF1846002008BD6FF0C1
:109990000040FBE7024638B5EFF31185402383F31F
:1099A0001288BFF36F8F0368D3B1F9F7CBFF04467A
:1099B0001046F9F7D9FF00224FF000438442C0E976
:1099C000042305D0002085F31188BFF36F8F38BDC5
:1099D000F9F7C0FFFFF7C7FF0021F6F791FFF1E7A6
:1099E000D0E90413B3F1004F08BF012904D10020CE
:1099F0004FF00041C2E904016FF01500E3E708B53C
:109A0000FAF7BAF808BDFAF7B7B8B3F1FF3F08BFE5
:109A1000B2F1FF3F70B506461D46144614D01A43F6
:109A200016D0002B08DBFAF7A7F8041941EB050163
:109A3000C6E90041304670BD6FF001031C1B4FF0BA
:109A4000FF3363EB0501F3E74FF0FF342146EFE707
:109A50000024FBE7B3F1FF3F08BFB2F1FF3FF8B5C9
:109A6000074616461C4610D054EA020311D0FAF7F6
:109A700083F8B0420A46A14103460AD2F31A64EBC6
:109A80000204C7E900343846F8BD4FF0FF331C46E6
:109A9000F7E70023FBE72DE9F3470446DDE90A98E1
:109AA00015460E4659B302F0010AF9F715FE0746AE
:109AB000EFF31181402383F31288BFF36F8FA80760
:109AC00044BF0023A360A36803EA0600BAF1000FB5
:109AD0000CD086420CD16A0744BF8343A36081F354
:109AE0001188BFF36F8F02B0BDE8F0870028F2D174
:109AF00059EA080305D181F31188BFF36F8F002065
:109B0000F1E7C7E918652246CDE9009804F10C0099
:109B1000F9F77CFC0028F2D1386EE4E710B50B6849
:109B20000446D0E9180212F0010F03EA000301D045
:109B3000984211D183B12366520748BF4A6804F1A5
:109B4000180044BF1A434A60FFF724FF0023204651
:109B5000C4F88030FFF71AFE002010BD0023C0E9D2
:109B60000000836070474FF0FF32FAF71DB80A46D5
:109B70000021FAF719B85200FFF78DBF20B1011F7D
:109B800050F8040CFFF706BC7047704710B5836AA5
:109B900004461BB101212430FAF77CF90020A062B1
:109BA00010BD38B50446FFF7F1FF237F012B0FD01E
:109BB000023B012B0FD8236A012B14BF6FF09605CF
:109BC00000252C220021204600F0D9F9284638BD76
:109BD000236A002BF1E76FF09605F2E7FAF7BEB9BA
:109BE00070470020FAF7D4BA0020FAF70BBB002028
:109BF00000F0B0B84FF0FF324FF0FF33F8F782BFFC
:109C0000F8F7F2BF0A2842DCC31C1FDA10F1400F3C
:109C100045D010F13F0F2BDA10F1410F42D010F177
:109C2000550F42D010F1490F14BF6FF086006FF04E
:109C30008400704709282DD8DFE800F0052C2C2F70
:109C4000172C372C2C3A6FF09800704703300D28F2
:109C500020D8DFE800F00A331F221F1F1F1F1F1F1D
:109C6000071F1F076FF0940070476FF08500704763
:109C700010F1210F1FD00DDB10F1200F1ED010F1BD
:109C8000100F14BF6FF086006FF0940070476438B7
:109C90000928CFD96FF086007047002070476FF019
:109CA000840070476FF0890070476FF09300704731
:109CB0006FF08C0070476FF0880070476FF0920073
:109CC000704710B501380A44914200D110BD10F818
:109CD000013F11F8014B63400370F5E701448142F5
:109CE00000D1704711F8013D1A440A70120AF6E7D4
:109CF00007B501A9FAF7DAF9003818BF012003B057
:109D00005DF804FBF7B506460D46202D2F46A8BF8B
:109D1000202700216846FAF757FD044670B93A46F5
:109D200031466846FAF7A2FD10F1520F044608D0FA
:109D3000431CF4D0684600F061F834B1204603B00B
:109D4000F0BD684600F05AF8E3E7EC1B3E44F5D05E
:109D50002546DAE70020704730B589B0054618225D
:109D60000C4601A8002100F00AF9012344EA052469
:109D700001A9BA2007940593FAF752F9002818BFF1
:109D80006FF0920009B030BDF7B5BA2001A9FAF71B
:109D90008DF9044610B1002003B0F0BD019D2F0ADB
:109DA000EDB2AC4205D1BA20FAF766F90028F2D03C
:109DB00008E0E6193046FAF75FF930B13046FFF7B0
:109DC00097FF10B96FF09200E6E70134E9E708B5B4
:109DD000F820FFF78DFF18B9F920FFF789FF10B1C0
:109DE0006FF0920008BDF820FAF738F90028F7D193
:109DF000F920FAF733F90028F4D0F1E710B5037829
:109E000004461BB1FAF774F800232370002010BD3C
:109E10000368D868C0F300407047036803F58053B7
:109E2000586A00F4A020003818BF012070470222B1
:109E300003689A6070470368D868FAF7A5BE0246BF
:109E400008B5136803F580535B68C62B09D010462C
:109E5000FFF7DEFF0028F4D11046BDE80840FFF709
:109E6000EABF6FF0010008BD03685A5070470369EC
:109E7000986E704710B50446FFF7F9FFC2684AB103
:109E800042F420222046BDE81040002142F4006246
:109E9000FFF7EABF10BD10B50446FFF7EBFFBFF3B5
:109EA0005F8F03222046BDE810400821FFF7DCBF8A
:109EB000C0F30B03482B4B6028BF482310F4003F2E
:109EC0008B6008BF0023CB6010F4803308BFC1E96A
:109ED000013300F47003B3F5700F14BF00238B68D7
:109EE00000284FF0010C4FF008028B60B8BF002330
:109EF000C1E905C2B8BFC1E9053370474FF0FF3271
:109F00004FF0FF33F8F7FEBDF8F76EBEFFF726BE41
:109F100007B54FF0FF334FF0FF32CDE900230022A9
:109F2000FFF729FE03B05DF804FBFFF720BEFFF743
:109F30001ABEFFF794BC10B58B4294BFC4184418E6
:109F4000A04200D110BD00F8012BF9E700231A460A
:109F500082B001908B4201D102B070470198C25487
:109F60000133F7E70A44431E914200D1704710B510
:109F700011F8014B914203F8014FF9D110BD024491
:109F80000346934200D1704703F8011BF9E70139FA
:109F9000024410B5904201D1002005E0037811F889
:109FA000014FA34201D0181B10BD0130F2E7013967
:109FB000034610B532B111F8014F013A03F8014BD5
:109FC000002CF7D11A440021934200D110BD03F8B0
:109FD000011BF9E70246014410B58A42134603D03B
:109FE0001C780132002CF8D1181A10BDF0B5C3F15D
:109FF0003707044603F01F031046FFB2082BE6B2F2
:10A0000032D0102B3DD06508A40845EAC17544EA5A
:10A0100081748A082D1942EB5102290941EA027123
:10A020006D1842EB1212290A41EA02616D1842EBE7
:10A030001222290C41EA02416D1842EB1242AD187E
:10A0400042F10002EC0844EA4274D10804EB8402B5
:10A05000A6EB4205EDB2092D0CD90134A5F10A0594
:10A0600041F10001EDB212E0E40806F0070544EA10
:10A070004174C908303554EA010200F8015BBDD1D2
:10A08000F0BD240906F00F0544EA01740909092D01
:10A0900084BFED19EDB2EDE720F000420346B2F1C6
:10A0A000FF4F70B5044610D3002807DA00F04EF8D1
:10A0B00020B92046BDE87040FBF7E0B821462046B5
:10A0C000EEF712F90446204670BD002AFBD00028A6
:10A0D000F0DB10F0FF412AD0C215C3F31603A2F142
:10A0E0007F00D2074FF0000443F400034FEA600002
:10A0F0004FF01905264658BF5B004FF080715B009A
:10A1000072189A42DDBF561864189A1A1A46013D11
:10A110004FEA51014FEA4203F2D112B1013424F067
:10A120000104641004F17C5404EBC054CBE75B00E1
:10A130000A4601311802FAD55242CEE718B1002082
:10A140004FF00041704700200021704720F0004090
:10A15000B0F1FF4F94BF0020012070479E0DFF7F9C
:10A1600001000000D1D90000000000001908010022
:10A17000000000000000000064A20100E12A0100CC
:10A180000000000000000000A4A201000000000088
:10A1900084A2010000000000E4A201000000000011
:10A1A000C4A20100E910010000000000218A0100A2
:10A1B000000000000000000004A30100CF8801009F
:10A1C00000000000E9D700000000000000000000CF
:10A1D00024A30100A9C1000000000000513C0100BF
:10A1E000000000000000000064A301000000000067
:10A1F000A4A3010000000000C4A3010000000000AF
:10A2000084A3010000000000E4A30100000000009E
:10A2100044A301007B890100000000000000000051
:10A2200004A401000000000044A40100000000009C
:10A2300024A401000000000064A40100000000004C
:10A2400084A4010000000000A4A40100000000009C
:10A25000E4A4010000000000C4A401007DDB0000B4
:10A260000000000066BE010058B401000CAF010000
:10A2700074090020341E0020FDEC000000000000E6
:10A2800000000000A0BE0100E4B401004CAE0100DB
:10A290007C090020D81E0020A9F200000000000068
:10A2A00058020020ACBE0100F8B401004CAE010021
:10A2B0007E090020E41E0020A9F20000000000003A
:10A2C000C0020020B7BE01000CB501004CAE010079
:10A2D00080090020F01E0020A9F20000000000000C
:10A2E0002803002004BF01005CB60100A0AE0100FD
:10A2F00090090020000000000000000000000000A5
:10A300000000000073BE01000000000014AE010058
:10A3100076090020000000005B65010000000000DD
:10A32000000000003BBF010000000000C4B70100B6
:10A330009A09002068200020C90A010000000000DE
:10A34000000000007BBE0100000000001CAE010008
:10A350007809002000000000E1EF0000000000008C
:10A3600000000000C2BE010020B5010070AE010077
:10A3700082090020FC1E0020C9F600000000000039
:10A3800000000000CBBE01009C06002088AE01004A
:10A3900084090020241F0020057101000000000036
:10A3A00088060020D6BE0100E006002088AE01002D
:10A3B00086090020781F00200571010000000000C0
:10A3C000CC06002027BF0100FCB6010004AF01004D
:10A3D00096090020240700208D04010000000000E1
:10A3E0001007002031BF010054B7010004AF010085
:10A3F00098090020FC0700208D04010000000000E7
:10A40000E8070020EBBE0100C0B5010070AF0100FD
:10A410008A090020082000202378010000000000A5
:10A420000000000094BE010080B4010034AE0100C1
:10A430007A090020C01E002041F200000000000048
:10A44000F0010020E0BE01009CB50100000000000A
:10A4500088090020CC1F002019F80000000000002F
:10A4600000000000F9BE010030B6010028AF010075
:10A470008E090020000000001B7C0100000000008D
:10A4800000000000F4BE0100F0B5010030AF010093
:10A490008C090020202000203D7D010000000000EC
:10A4A0000000000010BF010068B60100CCAE010042
:10A4B00092090020EC24002055FE0000010000005D
:10A4C0000000000018BF0100E0B60100B0AE0100BE
:10A4D00094090020382000209103010001000000B1
:10A4E0009003002050BF010000000000E8AE010012
:10A4F0009C09002038210020658A0100000000002E
:10A500000000000000000000856001000000000065
:10A51000856001000000000085600100000000006F
:10A52000856001000000000085600100000000005F
:10A53000856001000000000085600100000000004F
:10A54000856001000000000085600100000000003F
:10A55000856001000000000085600100000000002F
:10A56000856001000000000085600100000000001F
:10A57000856001000000000085600100000000000F
:10A5800085600100000000008560010000000000FF
:10A5900085600100000000008560010000000000EF
:10A5A00085600100000000008560010000000000DF
:10A5B00085600100000000008560010000000000CF
:10A5C00085600100000000008560010000000000BF
:10A5D00085600100000000008560010000000000AF
:10A5E0008560010000000000511101000000000022
:10A5F000856001000000000085600100000000008F
:10A60000856001000000000085600100000000007E
:10A61000856001000000000085600100000000006E
:10A62000856001000000000085600100000000005E
:10A63000856001000000000085600100000000004E
:10A64000856001000000000085600100000000003E
:10A65000856001000000000085600100000000002E
:10A66000856001000000000085600100000000001E
:10A67000856001000000000085600100000000000E
:10A6800085600100000000008560010000000000FE
:10A6900085600100000000008560010000000000EE
:10A6A00085600100000000008560010000000000DE
:10A6B00085600100000000008560010000000000CE
:10A6C00085600100000000008560010000000000BE
:10A6D00085600100000000008560010000000000AE
:10A6E000856001000000000085600100000000009E
:10A6F000856001000000000085600100000000008E
:10A70000856001000000000085600100000000007D
:10A71000856001000000000085600100000000006D
:10A72000856001000000000085600100000000005D
:10A73000856001000000000085600100000000004D
:10A74000856001000000000085600100000000003D
:10A75000856001000000000085600100000000002D
:10A76000856001000000000085600100FC070020FA
:10A77000059101000000000085600100000000005C
:10A7800085600100000000008560010000000000FD
:10A7900085600100000000008560010000000000ED
:10A7A00085600100000000008560010000000000DD
:10A7B00085600100000000008560010000000000CD
:10A7C00085600100000000008560010000000000BD
:10A7D000B549010000000000856001000000000094
:10A7E000856001000000000085600100000000009D
:10A7F000856001000000000085600100000000008D
:10A80000856001000000000085600100000000007C
:10A81000856001000000000085600100000000006C
:10A82000856001000000000085600100000000005C
:10A83000856001000000000085600100000000004C
:10A84000856001000000000085600100000000003C
:10A85000856001000000000085600100000000002C
:10A86000856001000000000085600100000000001C
:10A87000856001000000000085600100000000000C
:10A8800085600100000000008560010000000000FC
:10A8900085600100000000008560010000000000EC
:10A8A00085600100000000008560010000000000DC
:10A8B00085600100000000008560010000000000CC
:10A8C00085600100000000008560010000000000BC
:10A8D00085600100000000008560010000000000AC
:10A8E000856001000000000085600100000000009C
:10A8F000856001000000000085600100000000008C
:10A90000856001000000000085600100000000007B
:10A91000856001000000000085600100000000006B
:10A92000856001000000000085600100000000005B
:10A93000856001000000000085600100000000004B
:10A94000856001000000000085600100000000003B
:10A95000856001000000000085600100000000002B
:10A96000856001000000000085600100000000001B
:10A97000856001000000000085600100000000000B
:10A9800085600100000000008560010000000000FB
:10A9900085600100000000008560010000000000EB
:10A9A00085600100000000008560010000000000DB
:10A9B00085600100000000008560010000000000CB
:10A9C00085600100000000008560010000000000BB
:10A9D00085600100000000008560010000000000AB
:10A9E000856001000000000085600100000000009B
:10A9F000856001000000000085600100000000008B
:10AA0000856001000000000085600100000000007A
:10AA1000856001000000000085600100000000006A
:10AA2000856001000000000085600100000000005A
:10AA3000856001000000000085600100000000004A
:10AA4000856001000000000085600100000000003A
:10AA5000856001000000000085600100000000002A
:10AA6000856001000000000085600100000000001A
:10AA7000856001000000000085600100000000000A
:10AA800085600100000000008560010000000000FA
:10AA900085600100000000008560010000000000EA
:10AAA00085600100000000008560010000000000DA
:10AAB00085600100000000008560010000000000CA
:10AAC00085600100000000008560010000000000BA
:10AAD00085600100000000008560010000000000AA
:10AAE000856001000000000085600100000000009A
:10AAF000856001000000000085600100000000008A
:10AB00008560010000000000856001000000000079
:10AB10008560010000000000856001000000000069
:10AB20008560010000000000856001000000000059
:10AB30008560010000000000856001000000000049
:10AB400085600100781F0020392601000000000008
:10AB50008560010000000000856001000000000029
:10AB60008560010000000000856001000000000019
:10AB70008560010000000000856001000000000009
:10AB800085600100000000008560010000000000F9
:10AB900085600100000000008560010000000000E9
:10ABA00085600100000000008560010000000000D9
:10ABB00085600100000000008560010000000000C9
:10ABC00085600100000000008560010000000000B9
:10ABD000856001000000000085600100B4050020D0
:10ABE000BB6C010000000000856001000000000057
:10ABF0008560010000000000856001000000000089
:10AC00008560010000000000856001000000000078
:10AC10008560010000000000856001000000000068
:10AC200085600100151D0100858A010000000000FB
:10AC30008560010000000000856001000000000048
:10AC40008560010000000000856001000000000038
:10AC50008560010000000000856001000000000028
:10AC600085600100000000008560010024070020CD
:10AC70000591010000000000856001000000000057
:10AC800085600100000000008560010000000000F8
:10AC900085600100000000008560010000000000E8
:10ACA00085600100000000008560010000000000D8
:10ACB00085600100000000008560010000000000C8
:10ACC00085600100000000008560010000000000B8
:10ACD00085600100000000008560010000000000A8
:10ACE0008560010000000000856001000000000098
:10ACF0008560010000000000856001000000000088
:10AD00008560010000000000856001000000000077
:10AD10008560010000000000856001000000000067
:10AD200085600100241F002039260100000000007A
:10AD30008560010000000000856001000000000047
:10AD40008560010000000000856001000000000037
:10AD50008560010000000000856001000000000027
:10AD600085600100000000008560010000050020F2
:10AD7000BB6C0100438A0100858A010000000000CD
:10AD800085600100000000008560010000000000F7
:10AD900085600100000000008560010000000000E7
:10ADA00085600100000000008560010000000000D7
:10ADB00085600100000000008560010000000000C7
:10ADC00085600100000000008560010000000000B7
:10ADD00085600100000000008560010000000000A7
:10ADE0008560010000000000856001000000000097
:10ADF0008560010000000000856001000000000087
:10AE00008560010000000000856001000000000076
:10AE1000856001004765010000000000D9F00000D6
:10AE2000D9650100C3650100C9EF0000B9EF00005A
:10AE3000D1EF0000E96801000568010011F1000090
:10AE400009F10000336601002766010001F30000EC
:10AE50001B6C0100276C01003B6C0100456C01007C
:10AE60004F6C0100D5F40000636C0100000000008D
:10AE70004970010075700100A17001000000000020
:10AE800000000000057001001573010000000000C3
:10AE90005B7101000000000000000000CF720100A3
:10AEA000B37E0100B97E0100E97E0100197F010037
:10AEB00029C0000000000000000000008D8101009A
:10AEC000D98101000000000000000000D9FD000051
:10AED00001FD0000000000009B7F01002D0101002A
:10AEE0000000000000000000000000000000000062
:10AEF00000000000698A01007913010000000000D1
:10AF000000000000C1040100F38401005DED0000B9
:10AF1000A164010007650100000000003F6401001A
:10AF20000000000000000000C9780100497901001C
:10AF3000B57B010013790100B97801005779010050
:10AF4000757B0100777C010000000000000000001C
:10AF500000000000000000003D7A01000000000039
:10AF600000000000000000000000000000000000E1
:10AF7000BF770100A3780100DD770100F5770100BC
:10AF8000000000000F780100000000000000000039
:10AF900000000000000000000000000000000000B1
:10AFA00000000000000000000000000000000000A1
:10AFB0000000000004000000A0000000F0000000FD
:10AFC0000000000000A0105000820D500004055049
:10AFD00000860D5001000100000101000001000188
:10AFE000000001000100000001000B0002000A0047
:10AFF000050009000A000800140007001E000600F2
:10B00000320005004B0004006400030096000200BB
:10B01000FA000100F4010000F401FA009600640057
:10B020004B0032001E0014000A000500020001005F
:10B030000C0802170D010102090901010602091895
:10B0400018030101090983838503020123020224F5
:10B050000910040405050B0B040B2B1B1B159A9AF6
:10B060001C021D16130501490D150508061B1B0FB3
:10B0700001010000FEFEFEFEFEFEFEFEFEFEFEFEE6
:10B08000FEFEFEFEFEFEFEFEFE16FEFEFEFEFEFEC8
:10B09000FEFEFEFEFEFE1F1FFE26FEFEFEFEFEFE66
:10B0A000FEFEFEFEFEFEFEFEFEFEFEFE3E3EFEFE40
:10B0B000FEFE3B3BA201B003BE05EE024806A2091C
:10B0C000C405F40B24120000D81000200200000B6D
:10B0D0000100000007000000000000000000000068
:10B0E000000000000406080A0C0E10121416181CAA
:10B0F0001E20222426282A2C2E30323436383A3C80
:10B100003E40424446484A4C4E021A50000000005D
:10B11000280000001800000000000000F0230000DC
:10B12000241300000000000040060000400600005C
:10B13000000098086B03000000000000F0230000EE
:10B14000241300000000000048A3000014A0000029
:10B15000000040060C0300009C0000200200000BD1
:10B160003A1100200200000C9E1100200200000B8A
:10B170009E1100200100000C9C1100200100000C19
:10B1800000000000000001010101010101010101B5
:10B19000010102020202020203030404050506067D
:10B1A00007070808090A0B0C0D0E0F1011121314D3
:10B1B00015161718191A1B0010010000D200000004
:10B1C00030010000D800000001000000E400000091
:10B1D00002000000EA00000002000000EC00000095
:10B1E00003000000EE00000004000000F00000007A
:10B1F00005000000F200000006000000F40000005E
:10B2000007000000F600000008000000F700000042
:10B2100009000000F80000000A000000F90000002A
:10B220000B000000FA0000000D000000FB00000011
:10B230000F000000FC00000011000000FD000000F5
:10B2400013000000FE00000015000000FF000000D9
:10B2500018000000000000001B00000001000000BA
:10B260001F00000002000000230000000300000097
:10B2700028000000040000002D0000000500000070
:10B280003300000006000000390000000700000045
:10B290003F0000000800000000100200FA0000005B
:10B2A0000338FDD8704700000000000000000000D7
:10B2B0000338FDD8704700000000000000000000C7
:10B2C0000338FDD870470000763C7935EF39EA3D08
:10B2D000763C7935EF39EABD0000E0FE422EE63FCC
:10B2E0000000E0FE422EE6BF000000000000E03F4C
:10B2F000000000000000E0BF6810000064000000D3
:10B30000A00F000050000000D80E00003700000021
:10B31000740E000023000000AC0D00000F000000C0
:10B32000480D000005000000B80B00000000000000
:10B33000A4A2010018000100A4A20100170001004E
:10B34000A4A201001600010060000020000000001F
:10B3500006000100020000005CB3010000000000D4
:10B360004EBE010002000000E0CF1F0000000020E0
:10B3700056BE010021000000E0EB0720F004002091
:10B3800075D80000000000002F61010080B30100AB
:10B390009CB3010047000000000000009856002008
:10B3A00080B30100B0B301002E00000000000000D7
:10B3B000785A002080B30100C4B3010002010000EC
:10B3C000000000004C5B00200E0300001DE40000A4
:10B3D0000F040000F9E400003E010000EDDB000076
:10B3E000FF010000ADDB00003E010000CDDB0000EE
:10B3F000100100008B62010080B3010008B401005D
:10B400004700000000000000685C00200000000011
:10B410006410B71DC8206E3BAC30D9269041DC7655
:10B42000F4516B6B5861B24D3C7105502083B8EDFF
:10B4300044930FF0E8A3D6D68CB361CBB0C2649B23
:10B44000D4D2D38678E20AA01CF2BDBDB9EC0000CC
:10B4500089EC0000000000000DEE00008DED000002
:10B460003D65010039650100276501002D6501007A
:10B470001000000001FF0000FD01000000100000AE
:10B48000E4A30100406BED0700010000C4A201002D
:10B4900005000100000000000100000000000000A5
:10B4A00000008000800000000000010085201700DF
:10B4B00000000000C4A2010003000100C4A20100BA
:10B4C00000000100010000000100E2020100000094
:10B4D00000FF000000A0105000820D500004055035
:10B4E00000860D50FF03000000A010500005002052
:10B4F0000000000000000000FFFFFFFF00820D5071
:10B50000B40500200000000001000000FF0700005B
:10B5100000040550000000000000000002000000D0
:10B52000A4A2010011000000A4A20100120000006A
:10B53000A08601003F7001002D700100F76F01002F
:10B54000C56F01000040105050B50100020000001E
:10B5500068B501000200000060B5010002010000B2
:10B560000880000C0780000B0800000C0700000B8F
:10B5700000800C507CB501000200000094B5010071
:10B58000020000008CB50100020100002380000CC5
:10B590002780000B2300000C2700000B64A3010090
:10B5A0006B0000000000000000000000000300002D
:10B5B00000A0105000820D500004055000860D5070
:10B5C00000000080FFFFFF7F00000080000000807F
:10B5D000FFFFFF7F0000008000000000000000006F
:10B5E0001BC0010000FF0800A4A201000C00000025
:10B5F000A05A3200A05A3200A05A32000000008047
:10B60000FFFFFF7F0000008000000000000000003E
:10B610001BC001000002080044A401000002000059
:10B6200000000000FF00FF00FF00FF00000000001E
:10B6300044A4010000000000000000000000000021
:10B6400000000000000000000000000000000000FA
:10B6500000000000000000000000000000EC0720D7
:10B6600000100000040A002044A40100401640001D
:10B6700000093D00E067350050C3000000000300F2
:10B6800000093D0050C3000004000D00F049020015
:10B69000007D0000D0070000100090017000000045
:10B6A0006400000040420F000100000020A10700DC
:10B6B000FFFFFF7FFFFFFF7FFFFFFF7FFFFFFF7F9A
:10B6C000FFFFFF7FFFFFFF7F10270000340D010009
:10B6D00000010000A0860100A086010001000F000B
:10B6E0006D04010084A301006A0000004983010089
:10B6F000158301007F830100B3830100838401006F
:10B7000020B701009B85010054B7010023250020CC
:10B710001B25002000127A00FFFFFF00010000003F
:10B7200000D00E502CB701000200000048B7010005
:10B73000030000003CB70100030100002480000466
:10B740002680000525800006240000042600000550
:10B75000250000067984010078B701009B8501006F
:10B76000ACB70100332500202B2500200048E8015C
:10B77000FFFFFF010100000000D0045084B701006A
:10B7800002000000A0B701000300000094B7010010
:10B79000030100004180000442800005448000064F
:10B7A000410000044200000544000006C4A201005C
:10B7B0000500010000A0105000820D50000405504B
:10B7C00000860D50410A010013890100710C01002F
:10B7D00000A0105000820D500004055000860D504E
:10B7E000080000000A000000040000000100000042
:10B7F00000A0105000820D500004055000860D502E
:10B8000000A0105000820D500004055000860D501D
:10B8100000A0105000820D500004055000860D500D
:10B8200064A1010074A10100BCA10100C4A1010038
:10B8300064A2010064A2010060BF010000010000D9
:10B84000000000007F9F01000001010000020200D3
:10B85000001400000028000000400000010000006B
:10B860000200000068B801000000000000000000B5
:10B8700000000000000000000000000080B801008F
:10B880000F000000000000000000000006000000A3
:10B89000000000006937AC3168212233B40F143343
:10B8A0006821A2333863ED3EDA0F493F5E987B3F53
:10B8B000DA0FC93F54009F01020004000800100085
:10B8C0000100010008000200040000000C001A0042
:10B8D00034006800D000A00141038206040D081A5C
:10B8E00001004164766572746973696E67206661F0
:10B8F000696C656420746F207374617274202865AC
:10B900007272202564290A00416476657274697335
:10B91000696E67206661696C656420746F2073745A
:10B920006F702028657272202564290A00576172A1
:10B930006E696E673A20627574746F6E207265610D
:10B9400064206661696C656420282564290A007496
:10B9500072616D6520412028257329202325753AC1
:10B960002070697463683D25642E256420726F6CB5
:10B970006C3D25642E2564206D6F74696F6E3D25C6
:10B98000642061637469766974793D25640A00579F
:10B9900061726E696E673A20636F756C64206E6FBA
:10B9A0007420646973636F6E6E6563742025732001
:10B9B000282564290A0068656172746265617400F3
:10B9C000616E676C65006D6F74696F6E0078696198
:10B9D0006F5F6E726635346C6D323061000A3D3DCA
:10B9E0003D20257320756C7472612D6C6F772D70FE
:10B9F0006F7765722073797374656D2D6F6E2D6925
:10BA0000646C652028475254432B52414D2B424CC5
:10BA1000452B494D5529203D3D3D0A005265736532
:10BA2000742062792064656275676765722E0057BD
:10BA3000616B6575702066726F6D205379737465E4
:10BA40006D204F464620627920636C6F636B2073D4
:10BA50006F757263652E0057616B65757020667235
:10BA60006F6D2053797374656D204F46462062795F
:10BA7000204750494F2E004F746865722077616BE4
:10BA800065207570206361757365203078253038C6
:10BA9000582E0A00506F7765722D6F6E2072657395
:10BAA0006574206F722072657365742063617573AD
:10BAB0006520756E617661696C61626C652E0057F8
:10BAC00061726E696E673A20636F756C64206E6F89
:10BAD000742072656164207265736574206361759A
:10BAE000736520282564290A00726564204C45444A
:10BAF00000626C7565204C454400677265656E2078
:10BB00004C4544004750494F32206E6F7420726597
:10BB10006164792E005761726E696E673A20636FB7
:10BB2000756C64206E6F7420636F6E6669677572E2
:10BB30006520666C617368205350492070696E738C
:10BB400020282564290A005761726E696E673A20C1
:10BB5000627574746F6E20696E6974206661696CB9
:10BB600065642028256429202D2D20626F75746F4F
:10BB70006E20746F756A6F75727320656E766F795B
:10BB800065206120300A006877696E666F20646501
:10BB90007669636520696420746F6F2073686F72C3
:10BBA0007420282564292C207573696E67207374AE
:10BBB00061636B2D67656E65726174656420616495
:10BBC00064726573730A005761726E696E673A201A
:10BBD000636F756C64206E6F742073657420666982
:10BBE00078656420424C45206964656E7469747997
:10BBF0002028657272202564290A004572726F72CE
:10BC00003A20426C7565746F6F746820696E697450
:10BC1000206661696C65642028657272202564293C
:10BC20002C207265626F6F740A00426C7565746FC8
:10BC30006F746820696E697469616C697A656420E3
:10BC40006F6E6365202D2D2072657365745F63616F
:10BC50007573653D3078253038780A005761726E0B
:10BC6000696E673A20696D755F76646420726567F6
:10BC7000756C61746F725F656E61626C6520666180
:10BC8000696C656420282564290A005761726E6911
:10BC90006E673A20494D55204354524C335F432040
:10BCA00072657772697465206661696C65642028C5
:10BCB0002564290A005761726E696E673A20494D02
:10BCC00055204354524C365F432072657772697435
:10BCD00065206661696C656420282564290A00571F
:10BCE00061726E696E673A20494D552064657669C8
:10BCF00063655F696E6974206661696C656420289C
:10BD00002564290A005761726E696E673A20494DB1
:10BD10005520736574204F4452206661696C6564D8
:10BD200020282564290A005761726E696E673A20DF
:10BD3000494D552073616D706C652066657463684C
:10BD4000206661696C656420282564290A005761B2
:10BD5000726E696E673A2073616D706C655F6D6FAE
:10BD600074696F6E206661696C656420282564299A
:10BD70000A007472616D6520433A206779726F5FC3
:10BD80007265743D2564206779726F5F6D61673DF0
:10BD9000257520616363656C5F6D61675F78313025
:10BDA00030303D25750A007265706F7300576172FF
:10BDB0006E696E673A2063686172676572206465B8
:10BDC000766963655F696E6974206661696C656434
:10BDD00020282564290A00626174746572792072D2
:10BDE000656164206661696C65642C2073656E64AE
:10BDF000696E67206672616D65204220776974689C
:10BE00006F757420612066726573682076616C7549
:10BE100065007472616D652042202325753A2062A9
:10BE20006174746572793D25752525202825752056
:10BE30006D56292074656D703D25642E2530326461
:10BE400020430A005849414F2D444F4F5200464C61
:10BE50004153485F30005352414D5F3000425420FF
:10BE6000525820575100636C6F636B40313065301E
:10BE70003030007073612D726E67007272616D2DCB
:10BE8000636F6E74726F6C6C657240353030346500
:10BE900030303000707932357136346861403000AE
:10BEA0006770696F40313061303030006770696FA2
:10BEB000406438323030006770696F40353034305C
:10BEC0003000706D69632D693263006932634031FF
:10BED0003034303030006932634063383030300005
:10BEE0006E706D3133303040366200706F7765723E
:10BEF0005F656E004C444F3100726567756C61740C
:10BF00006F72730072657461696E65646D656D0052
:10BF100063686172676572006C736D366473337445
:10BF2000722D634036610073706940656430303053
:10BF3000007370694034643030300062745F68634D
:10BF4000695F736463004D50534C20576F726B00F0
:10BF500074656D70406437303030006D61696E001B
:10BF6000737973776F726B7100647261676F6F6E54
:10BF70002F6C6962732F73636865642F7372632F0C
:10BF800073636865645F68616C5F74696D65725F37
:10BF9000677274632E6300C8DA3098F9F034A44BEA
:10BFA0006EBAD30819CC0CEA51DA4700286E756CCA
:10BFB0006C29002A666C6F61742A00000000000082
:10BFC0000000FFFFFFFFFFFF000000000000010472
:10BFD0000002000000020000000000000005000058
:10BFE0000000000000000000000000000005D81064
:10BFF000200C000000000A100A200E010E0212019F
:10C00000120212081601160222012202220422083C
:10C01000221000010405020608090F000A2A354211
:10C020004242424242424242424242000102030034
:10C03000FFFFFFFFFF1F00001F00000000000000C7
:10C040001D40000000000000FFFFFFFF1FFF000079
:10C05000BAABBABA1010101000000000005008501F
:10C0600000000000000000000C000000010000FFC4
:10C070007F00000000000000ED92000000000000C2
:10C08000FF920000000000002C530000FF000000A1
:10C09000EC7800000100000000000000000000003B
:10C0A0000000000000000000000000000000000090
:10C0B0000000000000000000000000000000000080
:10C0C0000000000000000000000000000000000070
:10C0D0000000000000000000000000000000000060
:10C0E0000000000000000000000000000000000050
:10C0F0000000000000000000000000000000000040
:10C10000000000000000000000000000000000002F
:10C11000000000000000000000000000000000001F
:10C12000000000000000000000000000000000000F
:10C1300000000000000000000000000000000000FF
:10C1400000000000000000000000000000000000EF
:10C1500000000000000000000000000000000000DF
:10C16000F9E30000000000000000000000000000F3
:10C1700000000000000000000000000000000000BF
:10C1800000000000000000000000000000000000AF
:10C19000000000000000000000000000000000009F
:10C1A000000000000000000000000000000000008F
:10C1B00000000000000000000000000024A30100B7
:10C1C00000000000000000004F6A010000000000B5
:10C1D000000000000000000008020020080200200B
:10C1E00001000000010000001802002018020020D9
:10C1F000000000000000000000000000000000003F
:10C20000000000000000000000000000000000002E
:10C21000000000000000000000000000000000001E
:10C22000000000000000000000000000000000000E
:10C23000B76C0100000000000000000000000000DA
:10C2400070020020700200200100000001000000C8
:10C25000800200208002002000000000000000009A
:10C2600000000000000000000000000000000000CE
:10C2700000000000000000000000000000000000BE
:10C2800000000000000000000000000000000000AE
:10C290000000000000000000B76C0100000000007A
:10C2A0000000000000000000D8020020D80200209A
:10C2B0000100000001000000E8020020E802002068
:10C2C000000000000000000000000000000000006E
:10C2D000000000000000000000000000000000005E
:10C2E000000000000000000000000000000000004E
:10C2F000000000000000000000000000000000003E
:10C30000B76C010000000000000000000000000009
:10C310004003002040030020010000000100000055
:10C320005003002050030020000000000000000027
:10C3300000000000000000000000000000000000FD
:10C3400000000000000000000000000000000000ED
:10C3500000000000000000000000000000000000DD
:10C3600000000000000000009382010000000000B7
:10C370000000000000000000A8030020A803002027
:10C380000100000001000000B8030020B8030020F5
:10C39000000000000000000000000000000000009D
:10C3A000000000000000000000000000000000008D
:10C3B000000000000000000000000000000000007D
:10C3C00000000000000000000000000029C2000082
:10C3D000000000000001000000000000000000005C
:10C3E000000000000000000000000000000000004D
:10C3F00000000000000000000000000067000000D6
:10C40000000000000000000000000000000000002C
:10C41000000000000000000000000000000000001C
:10C42000000000000000000000000000000000000C
:10C4300000000000000000000000000000000000FC
:10C4400000000000000000000000000000000000EC
:10C4500000000000000000000000000000000000DC
:10C4600000000000000000000000000000000000CC
:10C4700000000000000000000000000000000000BC
:10C480000000000000000000010100003009002051
:10C49000161A0000330900200101000031090020B4
:10C4A0000909000044BE0100160F00004D090020DC
:10C4B0000101000032090020161800005C0900206C
:10C4C00000000000256101000000000000000000E5
:10C4D00000C010500000000000000000000000003C
:10C4E000000000000000000000000000000000004C
:10C4F000000000000000000000000000000000003C
:10C50000000000000000000000000000000000002B
:10C51000000000000000000000000000000000001B
:10C52000000000000000000000000000000000000B
:10C5300000000000000000000000000000000000FB
:10C5400000000000000000000000000000000000EB
:10C5500000000000000000000000000000000000DB
:10C5600000000000000000000000000000000000CB
:10C5700000000000000000000000000000000000BB
:10C580000001000000A00D500000000000000000AD
:10C59000000000000000000000000000000000009B
:10C5A000000000000000000000000000000000008B
:10C5B000000000000000000000000000000000007B
:10C5C000000000000000000000000000000000006B
:10C5D000000000000000000000000000000000005B
:10C5E000000000000000000000000000000000004B
:10C5F000000000000000000000000000000000003B
:10C60000000000000000000000000000000000002A
:10C61000000000000000000000000000000000001A
:10C62000000000000000000000000000000000000A
:10C6300000000000000000000000000059E40000BD
:10C6400000000000000000000000000015DE0000F7
:10C650000000000000000000800100000000000059
:10C66000CF73010000000000000000000000000087
:10C67000000000000060180600000101DB700100EE
:10C6800010000000BDF7000044B50100F9240020AF
:10C69000FFFF00000000000000000000800100001B
:10C6A00000000000CF730100000000000000000047
:10C6B00000000000000000000060180600000101FA
:10C6C000DB700100100000009DF7000070B5010054
:10C6D00009250020FFFF000000000000000000000E
:10C6E0000001000000000000EF87010000000000D2
:10C6F0000000000000D00E5000000000000000000C
:10C700000000000000000000000000000000000029
:10C710000000000000000000000000000000000019
:10C720000000000000000000000000000000000009
:10C7300000000000000000000000000000000000F9
:10C7400000000000000000000000000000000000E9
:10C7500000000000000000000000000000000000D9
:10C76000900700209007002000000000010000005A
:10C77000A0070020A007002000000000010000002A
:10C7800000000000000000000000000000000000A9
:10C790000000000000000000000000000000000099
:10C7A0000000000000000000000000000000000089
:10C7B0000000000000000000000100000000000078
:10C7C000EF870100000000000000000000D00450CE
:10C7D0000000000000000000000000000000000059
:10C7E0000000000000000000000000000000000049
:10C7F0000000000000000000000000000000000039
:10C800000000000000000000000000000000000028
:10C810000000000000000000000000000000000018
:10C820000000000000000000000000000000000008
:10C8300000000000000000006808002068080020D8
:10C8400000000000010000007808002078080020A7
:10C8500000000000010000000000000000000000D7
:10C8600000000000000000000000000000000000C8
:10C8700000000000000000000000000000000000B8
:10C8800000000000000000000000000000000000A8
:10C89000C907010000000000FF0000000090D00365
:10C8A000FF0000000F00000071020000DC08002003
:10C8B000DC080020E4080020E4080020000000005C
:10C8C000000000000E00000000000000FC08002036
:10C8D000FC08002000000000000000000E00000026
:10C8E0000000000067742000A0090020DC0900207F
:10C8F000C8090020240A0020180A0020B4090020DA
:10C90000040404D2FC440000510000520000630003
:10C9100000000063000000006300000000D2FC443F
:10C92000000001000200000C00001500D2FC4400D1
:10C93000000F0021002B002C003A003F00003F00B8
:10C94000003F0000000000000000000000000000A8
:10C9500000000000000000000000000000000000D7
:10C9600000000000000000000000000000000000C7
:10C97000A0090020A0090020000000000000000025
:10C980000E000000B4090020B409002000000000DF
:10C99000000000000E000000C8090020C8090020A7
:10C9A00000000000000000000E000000DC09002074
:10C9B000DC09002000000000000000000E00000064
:10C9C000F0090020F0090020000000000000000035
:10C9D0000E000000040A0020040A002000000000ED
:10C9E000000000000E000000180A0020180A0020B5
:10C9F00000000000240A0020240A0020000000009B
:10CA00000000000000000000380A0020380A002062
:10CA1000030003000000000000000000A0B30100BC
:10CA2000045B002000000000000000005C0A002001
:10CA30005C0A00200100010000000000000000006E
:10CA4000F8B30100B05C002000000000000000000E
:10CA5000800A0020800A00200A000A00040000006A
:10CA6000D1DA00008CB30100605900200000000002
:10CA700000000000A40A0020A40A00200100010018
:10CA80000000000000000000B4B30100505C002072
:04CA900015E015E0B8
:00000001FF
