Timestamp(ms),Current(uA),D0-D7
1197.61,252.426,00000000
1197.62,254.189,00000000
1197.63,255.512,00000000
1197.64,255.512,00000000
1197.65,253.748,00000000
1197.66,252.867,00000000
1197.67,257.276,00000000
1197.68,255.953,00000000
1197.69,256.394,00000000
1197.7,255.071,00000000
1197.71,253.308,00000000
1197.72,255.071,00000000
1197.73,255.071,00000000
1197.74,254.189,00000000
1197.75,255.071,00000000
1197.76,257.276,00000000
1197.77,258.600,00000000
1197.78,257.717,00000000
1197.79,257.717,00000000
1197.8,259.041,00000000
1197.81,260.365,00000000
1197.82,262.131,00000000
1197.83,260.806,00000000
1197.84,260.365,00000000
1197.85,261.689,00000000
1197.86,259.924,00000000
1197.87,258.159,00000000
1197.88,256.394,00000000
1197.89,258.159,00000000
1197.9,259.924,00000000
1197.91,259.482,00000000
1197.92,259.041,00000000
1197.93,259.482,00000000
1197.94,259.041,00000000
1197.95,259.924,00000000
1197.96,258.159,00000000
1197.97,255.953,00000000
1197.98,254.630,00000000
1197.99,259.041,00000000
1198,259.482,00000000
1198.01,259.482,00000000
1198.02,262.572,00000000
1198.03,262.131,00000000
1198.04,260.365,00000000
1198.05,259.041,00000000
1198.06,255.953,00000000
1198.07,255.071,00000000
1198.08,254.189,00000000
1198.09,253.308,00000000
1198.1,257.276,00000000
1198.11,259.041,00000000
1198.12,261.689,00000000
1198.13,262.572,00000000
1198.14,260.806,00000000
1198.15,261.248,00000000
1198.16,257.276,00000000
1198.17,256.394,00000000
1198.18,255.071,00000000
1198.19,255.071,00000000
1198.2,255.071,00000000
1198.21,257.276,00000000
1198.22,257.276,00000000
1198.23,254.630,00000000
1198.24,256.835,00000000
1198.25,257.717,00000000
1198.26,255.953,00000000
1198.27,255.512,00000000
1198.28,256.835,00000000
1198.29,255.953,00000000
1198.3,257.276,00000000
1198.31,259.041,00000000
1198.32,257.717,00000000
1198.33,259.041,00000000
1198.34,255.953,00000000
1198.35,255.953,00000000
1198.36,256.394,00000000
1198.37,254.189,00000000
1198.38,252.867,00000000
1198.39,251.104,00000000
1198.4,252.426,00000000
1198.41,253.308,00000000
1198.42,253.748,00000000
1198.43,252.867,00000000
1198.44,251.545,00000000
1198.45,250.663,00000000
1198.46,248.460,00000000
1198.47,250.663,00000000
1198.48,252.867,00000000
1198.49,253.308,00000000
1198.5,253.748,00000000
1198.51,254.189,00000000
1198.52,256.835,00000000
1198.53,255.071,00000000
1198.54,256.394,00000000
1198.55,253.748,00000000
1198.56,252.867,00000000
1198.57,252.867,00000000
1198.58,254.189,00000000
1198.59,254.630,00000000
1198.6,255.512,00000000
1198.61,255.512,00000000
1198.62,254.189,00000000
1198.63,256.394,00000000
1198.64,256.835,00000000
1198.65,256.394,00000000
1198.66,254.189,00000000
1198.67,253.308,00000000
1198.68,252.426,00000000
1198.69,251.545,00000000
1198.7,251.985,00000000
1198.71,251.104,00000000
1198.72,253.308,00000000
1198.73,255.512,00000000
1198.74,255.512,00000000
1198.75,255.512,00000000
1198.76,254.189,00000000
1198.77,252.426,00000000
1198.78,253.308,00000000
1198.79,251.104,00000000
1198.8,301.998,00000000
1198.81,369.488,00000000
1198.82,370.387,00000000
1198.83,366.792,00000000
1198.84,362.750,00000000
1198.85,360.505,00000000
1198.86,354.226,00000000
1198.87,347.952,00000000
1198.88,344.370,00000000
1198.89,339.896,00000000
1198.9,335.425,00000000
1198.91,333.191,00000000
1198.92,329.618,00000000
1198.93,327.386,00000000
1198.94,324.262,00000000
1198.95,323.370,00000000
1198.96,320.694,00000000
1198.97,320.694,00000000
1198.98,317.574,00000000
1198.99,314.456,00000000
1199,313.565,00000000
1199.01,312.229,00000000
1199.02,314.010,00000000
1199.03,314.456,00000000
1199.04,309.559,00000000
1199.05,310.004,00000000
1199.06,309.113,00000000
1199.07,308.224,00000000
1199.08,308.669,00000000
1199.09,309.559,00000000
1199.1,309.559,00000000
1199.11,307.779,00000000
1199.12,308.669,00000000
1199.13,308.224,00000000
1199.14,306.889,00000000
1199.15,304.665,00000000
1199.16,302.887,00000000
1199.17,302.442,00000000
1199.18,300.220,00000000
1199.19,303.331,00000000
1199.2,304.665,00000000
1199.21,304.221,00000000
1199.22,302.887,00000000
1199.23,301.998,00000000
1199.24,300.220,00000000
1199.25,297.999,00000000
1199.26,297.999,00000000
1199.27,294.003,00000000
1199.28,295.335,00000000
1199.29,295.779,00000000
1199.3,295.335,00000000
1199.31,293.115,00000000
1199.32,292.228,00000000
1199.33,292.228,00000000
1199.34,290.897,00000000
1199.35,290.453,00000000
1199.36,290.897,00000000
1199.37,290.897,00000000
1199.38,290.897,00000000
1199.39,290.010,00000000
1199.4,288.679,00000000
1199.41,286.906,00000000
1199.42,285.576,00000000
1199.43,286.462,00000000
1199.44,287.349,00000000
1199.45,288.236,00000000
1199.46,290.453,00000000
1199.47,289.123,00000000
1199.48,286.906,00000000
1199.49,290.010,00000000
1199.5,288.236,00000000
1199.51,287.349,00000000
1199.52,286.906,00000000
1199.53,289.123,00000000
1199.54,286.019,00000000
1199.55,287.349,00000000
1199.56,284.689,00000000
1199.57,285.132,00000000
1199.58,283.360,00000000
1199.59,284.689,00000000
1199.6,284.689,00000000
1199.61,283.803,00000000
1199.62,283.803,00000000
1199.63,283.803,00000000
1199.64,281.588,00000000
1199.65,278.931,00000000
1199.66,276.718,00000000
1199.67,275.390,00000000
1199.68,274.063,00000000
1199.69,273.178,00000000
1199.7,276.275,00000000
1199.71,274.063,00000000
1199.72,275.390,00000000
1199.73,274.063,00000000
1199.74,273.620,00000000
1199.75,272.293,00000000
1199.76,274.063,00000000
1199.77,274.063,00000000
1199.78,273.620,00000000
1199.79,273.620,00000000
1199.8,274.505,00000000
1199.81,275.390,00000000
1199.82,277.160,00000000
1199.83,277.603,00000000
1199.84,277.603,00000000
1199.85,278.931,00000000
1199.86,277.160,00000000
1199.87,274.505,00000000
1199.88,272.736,00000000
1199.89,274.505,00000000
1199.9,273.620,00000000
1199.91,272.736,00000000
1199.92,274.505,00000000
1199.93,274.505,00000000
1199.94,273.178,00000000
1199.95,271.851,00000000
1199.96,272.293,00000000
1199.97,272.736,00000000
1199.98,272.293,00000000
1199.99,276.275,00000000
1200,276.275,00000000
1200.01,276.718,00000000
1200.02,274.948,00000000
1200.03,272.736,00000000
1200.04,273.178,00000000
1200.05,272.736,00000000
1200.06,271.851,00000000
1200.07,271.409,00000000
1200.08,269.199,00000000
1200.09,270.525,00000000
1200.1,267.873,00000000
1200.11,266.989,00000000
1200.12,266.105,00000000
1200.13,266.989,00000000
1200.14,268.315,00000000
1200.15,267.873,00000000
1200.16,268.757,00000000
1200.17,266.989,00000000
1200.18,267.873,00000000
1200.19,265.664,00000000
1200.2,266.989,00000000
1200.21,266.105,00000000
1200.22,265.664,00000000
1200.23,264.338,00000000
1200.24,266.105,00000000
1200.25,266.547,00000000
1200.26,265.664,00000000
1200.27,264.338,00000000
1200.28,264.338,00000000
1200.29,263.897,00000000
1200.3,263.897,00000000
1200.31,263.455,00000000
1200.32,264.338,00000000
1200.33,265.222,00000000
1200.34,264.338,00000000
1200.35,260.806,00000000
1200.36,260.806,00000000
1200.37,262.131,00000000
1200.38,262.131,00000000
1200.39,264.338,00000000
1200.4,262.131,00000000
1200.41,262.572,00000000
1200.42,263.897,00000000
1200.43,265.664,00000000
1200.44,266.105,00000000
1200.45,262.572,00000000
1200.46,261.248,00000000
1200.47,260.365,00000000
1200.48,260.365,00000000
1200.49,260.365,00000000
1200.5,259.924,00000000
1200.51,261.689,00000000
1200.52,263.455,00000000
1200.53,263.897,00000000
1200.54,262.572,00000000
1200.55,263.455,00000000
1200.56,261.248,00000000
1200.57,259.041,00000000
1200.58,259.482,00000000
1200.59,258.159,00000000
1200.6,257.276,00000000
1200.61,257.276,00000000
1200.62,259.041,00000000
1200.63,259.482,00000000
1200.64,262.572,00000000
1200.65,263.897,00000000
1200.66,265.664,00000000
1200.67,264.780,00000000
1200.68,265.222,00000000
1200.69,263.897,00000000
1200.7,262.131,00000000
1200.71,263.014,00000000
1200.72,262.131,00000000
1200.73,263.455,00000000
1200.74,265.222,00000000
1200.75,262.131,00000000
1200.76,260.365,00000000
1200.77,261.248,00000000
1200.78,261.248,00000000
1200.79,262.572,00000000
1200.8,263.455,00000000
1200.81,262.131,00000000
1200.82,260.365,00000000
1200.83,259.924,00000000
1200.84,262.131,00000000
1200.85,259.482,00000000
1200.86,257.717,00000000
1200.87,257.717,00000000
1200.88,259.041,00000000
1200.89,258.159,00000000
1200.9,258.600,00000000
1200.91,257.276,00000000
1200.92,260.806,00000000
1200.93,263.897,00000000
1200.94,265.222,00000000
1200.95,266.105,00000000
1200.96,263.897,00000000
1200.97,263.897,00000000
1200.98,263.897,00000000
1200.99,262.131,00000000
1201,259.924,00000000
1201.01,259.482,00000000
1201.02,258.600,00000000
1201.03,259.041,00000000
1201.04,258.159,00000000
1201.05,258.600,00000000
1201.06,256.835,00000000
1201.07,260.806,00000000
1201.08,262.131,00000000
1201.09,263.897,00000000
1201.1,263.014,00000000
1201.11,262.131,00000000
1201.12,261.248,00000000
1201.13,261.248,00000000
1201.14,259.924,00000000
1201.15,258.600,00000000
1201.16,260.365,00000000
1201.17,259.924,00000000
1201.18,258.600,00000000
1201.19,259.482,00000000
1201.2,258.600,00000000
1201.21,260.806,00000000
1201.22,258.600,00000000
1201.23,258.159,00000000
1201.24,258.159,00000000
1201.25,256.394,00000000
1201.26,257.276,00000000
1201.27,258.159,00000000
1201.28,256.394,00000000
1201.29,257.276,00000000
1201.3,256.394,00000000
1201.31,259.041,00000000
1201.32,258.600,00000000
1201.33,256.835,00000000
1201.34,254.630,00000000
1201.35,254.189,00000000
1201.36,253.748,00000000
1201.37,255.512,00000000
1201.38,256.394,00000000
1201.39,257.276,00000000
1201.4,259.924,00000000
1201.41,262.572,00000000
1201.42,261.689,00000000
1201.43,262.131,00000000
1201.44,260.365,00000000
1201.45,258.600,00000000
1201.46,258.600,00000000
1201.47,259.041,00000000
1201.48,258.159,00000000
1201.49,259.482,00000000
1201.5,259.041,00000000
1201.51,260.365,00000000
1201.52,259.924,00000000
1201.53,261.248,00000000
1201.54,260.365,00000000
1201.55,260.806,00000000
1201.56,256.835,00000000
1201.57,254.189,00000000
1201.58,254.189,00000000
1201.59,253.308,00000000
1201.6,252.426,00000000
1201.61,252.426,00000000
1201.62,251.985,00000000
1201.63,252.426,00000000
1201.64,255.512,00000000
1201.65,253.748,00000000
1201.66,255.071,00000000
1201.67,257.276,00000000
1201.68,259.924,00000000
1201.69,257.717,00000000
1201.7,256.394,00000000
1201.71,255.071,00000000
1201.72,259.041,00000000
1201.73,260.806,00000000
1201.74,258.600,00000000
1201.75,257.276,00000000
1201.76,255.512,00000000
1201.77,255.512,00000000
1201.78,255.512,00000000
1201.79,256.394,00000000
1201.8,257.717,00000000
1201.81,314.456,00000000
1201.82,378.483,00000000
1201.83,380.734,00000000
1201.84,375.783,00000000
1201.85,369.038,00000000
1201.86,364.546,00000000
1201.87,358.710,00000000
1201.88,355.122,00000000
1201.89,349.744,00000000
1201.9,348.400,00000000
1201.91,344.818,00000000
1201.92,337.660,00000000
1201.93,332.297,00000000
1201.94,328.278,00000000
1201.95,322.032,00000000
1201.96,319.357,00000000
1201.97,318.020,00000000
1201.98,317.574,00000000
1201.99,314.456,00000000
1202,318.020,00000000
1202.01,316.238,00000000
1202.02,313.565,00000000
1202.03,312.229,00000000
1202.04,312.229,00000000
1202.05,311.339,00000000
1202.06,313.565,00000000
1202.07,310.894,00000000
1202.08,310.004,00000000
1202.09,307.334,00000000
1202.1,307.334,00000000
1202.11,304.665,00000000
1202.12,304.665,00000000
1202.13,302.887,00000000
1202.14,304.221,00000000
1202.15,304.665,00000000
1202.16,302.442,00000000
1202.17,302.442,00000000
1202.18,300.220,00000000
1202.19,299.776,00000000
1202.2,297.555,00000000
1202.21,299.776,00000000
1202.22,298.443,00000000
1202.23,299.332,00000000
1202.24,299.776,00000000
1202.25,297.111,00000000
1202.26,297.999,00000000
1202.27,295.335,00000000
1202.28,294.003,00000000
1202.29,295.335,00000000
1202.3,294.891,00000000
1202.31,294.003,00000000
1202.32,294.891,00000000
1202.33,294.891,00000000
1202.34,296.667,00000000
1202.35,297.111,00000000
1202.36,297.111,00000000
1202.37,296.667,00000000
1202.38,295.779,00000000
1202.39,292.672,00000000
1202.4,290.010,00000000
1202.41,287.349,00000000
1202.42,289.123,00000000
1202.43,289.123,00000000
1202.44,287.349,00000000
1202.45,284.246,00000000
1202.46,282.917,00000000
1202.47,283.360,00000000
1202.48,282.917,00000000
1202.49,282.917,00000000
1202.5,283.360,00000000
1202.51,284.689,00000000
1202.52,287.349,00000000
1202.53,282.917,00000000
1202.54,280.702,00000000
1202.55,280.702,00000000
1202.56,282.031,00000000
1202.57,283.360,00000000
1202.58,281.145,00000000
1202.59,281.588,00000000
1202.6,285.132,00000000
1202.61,287.349,00000000
1202.62,289.123,00000000
1202.63,287.792,00000000
1202.64,287.349,00000000
1202.65,287.792,00000000
1202.66,285.576,00000000
1202.67,286.906,00000000
1202.68,285.576,00000000
1202.69,281.588,00000000
1202.7,280.702,00000000
1202.71,278.931,00000000
1202.72,280.259,00000000
1202.73,277.603,00000000
1202.74,276.718,00000000
1202.75,277.160,00000000
1202.76,277.603,00000000
1202.77,277.160,00000000
1202.78,275.390,00000000
1202.79,274.948,00000000
1202.8,274.948,00000000
1202.81,275.390,00000000
1202.82,274.948,00000000
1202.83,276.718,00000000
1202.84,280.702,00000000
1202.85,280.259,00000000
1202.86,278.488,00000000
1202.87,278.045,00000000
1202.88,279.374,00000000
1202.89,280.702,00000000
1202.9,278.488,00000000
1202.91,276.718,00000000
1202.92,273.178,00000000
1202.93,273.178,00000000
1202.94,270.525,00000000
1202.95,269.199,00000000
1202.96,270.083,00000000
1202.97,266.989,00000000
1202.98,267.431,00000000
1202.99,267.873,00000000
1203,270.525,00000000
1203.01,268.315,00000000
1203.02,268.315,00000000
1203.03,267.431,00000000
1203.04,266.105,00000000
1203.05,264.338,00000000
1203.06,269.641,00000000
1203.07,272.293,00000000
1203.08,270.525,00000000
1203.09,270.967,00000000
1203.1,272.736,00000000
1203.11,269.641,00000000
1203.12,268.757,00000000
1203.13,268.315,00000000
1203.14,268.757,00000000
1203.15,267.873,00000000
1203.16,268.757,00000000
1203.17,268.757,00000000
1203.18,269.641,00000000
1203.19,268.315,00000000
1203.2,267.431,00000000
1203.21,267.873,00000000
1203.22,266.105,00000000
1203.23,266.105,00000000
1203.24,265.664,00000000
1203.25,266.105,00000000
1203.26,264.338,00000000
1203.27,264.780,00000000
1203.28,264.338,00000000
1203.29,263.455,00000000
1203.3,262.572,00000000
1203.31,264.338,00000000
1203.32,263.897,00000000
1203.33,264.338,00000000
1203.34,264.780,00000000
1203.35,263.897,00000000
1203.36,263.014,00000000
1203.37,262.131,00000000
1203.38,263.897,00000000
1203.39,266.105,00000000
1203.4,265.664,00000000
1203.41,266.989,00000000
1203.42,266.547,00000000
1203.43,265.222,00000000
1203.44,262.572,00000000
1203.45,260.806,00000000
1203.46,259.482,00000000
1203.47,259.041,00000000
1203.48,257.276,00000000
1203.49,260.365,00000000
1203.5,261.248,00000000
1203.51,260.806,00000000
1203.52,261.248,00000000
1203.53,262.131,00000000
1203.54,263.014,00000000
1203.55,263.014,00000000
1203.56,261.689,00000000
1203.57,262.131,00000000
1203.58,261.689,00000000
1203.59,259.924,00000000
1203.6,258.600,00000000
1203.61,256.394,00000000
1203.62,254.630,00000000
1203.63,255.512,00000000
1203.64,259.041,00000000
1203.65,261.248,00000000
1203.66,259.924,00000000
1203.67,259.924,00000000
1203.68,259.041,00000000
1203.69,260.806,00000000
1203.7,262.131,00000000
1203.71,264.338,00000000
1203.72,264.780,00000000
1203.73,262.131,00000000
1203.74,261.248,00000000
1203.75,259.041,00000000
1203.76,259.924,00000000
1203.77,257.276,00000000
1203.78,257.717,00000000
1203.79,255.071,00000000
1203.8,255.953,00000000
1203.81,254.630,00000000
1203.82,257.276,00000000
1203.83,257.276,00000000
1203.84,257.276,00000000
1203.85,256.835,00000000
1203.86,259.041,00000000
1203.87,260.365,00000000
1203.88,258.159,00000000
1203.89,258.159,00000000
1203.9,255.071,00000000
1203.91,255.953,00000000
1203.92,255.512,00000000
1203.93,254.189,00000000
1203.94,257.276,00000000
1203.95,256.835,00000000
1203.96,257.276,00000000
1203.97,256.835,00000000
1203.98,255.071,00000000
1203.99,255.071,00000000
1204,257.276,00000000
1204.01,255.071,00000000
1204.02,255.512,00000000
1204.03,258.159,00000000
1204.04,259.482,00000000
1204.05,257.276,00000000
1204.06,256.394,00000000
1204.07,255.953,00000000
1204.08,255.512,00000000
1204.09,254.189,00000000
1204.1,255.071,00000000
1204.11,258.600,00000000
1204.12,256.835,00000000
1204.13,258.600,00000000
1204.14,260.365,00000000
1204.15,260.806,00000000
1204.16,261.248,00000000
1204.17,260.806,00000000
1204.18,261.689,00000000
1204.19,259.924,00000000
1204.2,258.600,00000000
1204.21,259.041,00000000
1204.22,261.689,00000000
1204.23,262.572,00000000
1204.24,262.131,00000000
1204.25,260.365,00000000
1204.26,259.482,00000000
1204.27,259.482,00000000
1204.28,258.600,00000000
1204.29,259.041,00000000
1204.3,255.071,00000000
1204.31,255.512,00000000
1204.32,257.276,00000000
1204.33,256.835,00000000
1204.34,258.600,00000000
1204.35,260.806,00000000
1204.36,259.041,00000000
1204.37,256.835,00000000
1204.38,255.512,00000000
1204.39,254.189,00000000
1204.4,256.835,00000000
1204.41,259.482,00000000
1204.42,262.131,00000000
1204.43,258.600,00000000
1204.44,260.365,00000000
1204.45,258.600,00000000
1204.46,258.159,00000000
1204.47,257.717,00000000
1204.48,257.276,00000000
1204.49,258.159,00000000
1204.5,259.041,00000000
1204.51,259.041,00000000
1204.52,259.924,00000000
1204.53,258.159,00000000
1204.54,257.717,00000000
1204.55,256.835,00000000
1204.56,253.748,00000000
1204.57,251.545,00000000
1204.58,251.985,00000000
1204.59,253.308,00000000
1204.6,255.512,00000000
1204.61,254.189,00000000
1204.62,255.512,00000000
1204.63,254.189,00000000
1204.64,254.189,00000000
1204.65,254.630,00000000
1204.66,255.071,00000000
1204.67,256.394,00000000
1204.68,257.717,00000000
1204.69,261.689,00000000
1204.7,260.365,00000000
1204.71,258.159,00000000
1204.72,259.482,00000000
1204.73,258.159,00000000
1204.74,256.394,00000000
1204.75,254.630,00000000
1204.76,254.189,00000000
1204.77,255.071,00000000
1204.78,255.953,00000000
1204.79,258.600,00000000
1204.8,258.600,00000000
1204.81,259.041,00000000
1204.82,258.600,00000000
1204.83,257.276,00000000
1204.84,257.276,00000000
1204.85,259.041,00000000
1204.86,256.835,00000000
1204.87,256.835,00000000
1204.88,258.159,00000000
1204.89,255.953,00000000
1204.9,257.276,00000000
1204.91,255.512,00000000
1204.92,257.717,00000000
1204.93,257.717,00000000
1204.94,255.953,00000000
1204.95,255.071,00000000
1204.96,255.512,00000000
1204.97,255.512,00000000
1204.98,253.748,00000000
1204.99,253.308,00000000
1205,257.276,00000000
1205.01,257.276,00000000
1205.02,257.717,00000000
1205.03,253.308,00000000
1205.04,252.867,00000000
1205.05,253.308,00000000
1205.06,256.394,00000000
1205.07,255.071,00000000
1205.08,253.308,00000000
1205.09,251.985,00000000
1205.1,250.223,00000000
1205.11,252.426,00000000
1205.12,252.426,00000000
1205.13,251.545,00000000
1205.14,252.426,00000000
1205.15,254.630,00000000
1205.16,255.512,00000000
1205.17,255.953,00000000
1205.18,257.717,00000000
1205.19,256.835,00000000
1205.2,260.806,00000000
1205.21,259.482,00000000
1205.22,257.276,00000000
1205.23,256.394,00000000
1205.24,253.748,00000000
1205.25,254.189,00000000
1205.26,254.189,00000000
1205.27,253.748,00000000
1205.28,254.189,00000000
1205.29,256.394,00000000
1205.3,256.835,00000000
1205.31,256.835,00000000
1205.32,255.071,00000000
1205.33,255.512,00000000
1205.34,256.394,00000000
1205.35,257.276,00000000
1205.36,257.276,00000000
1205.37,258.159,00000000
1205.38,257.276,00000000
1205.39,255.512,00000000
1205.4,252.867,00000000
1205.41,251.985,00000000
1205.42,255.071,00000000
1205.43,255.071,00000000
1205.44,257.276,00000000
1205.45,256.394,00000000
1205.46,253.308,00000000
1205.47,253.748,00000000
1205.48,252.426,00000000
1205.49,249.782,00000000
1205.5,248.460,00000000
1205.51,248.020,00000000
1205.52,248.901,00000000
1205.53,250.663,00000000
1205.54,254.189,00000000
1205.55,254.630,00000000
1205.56,255.071,00000000
1205.57,256.394,00000000
1205.58,255.953,00000000
1205.59,256.835,00000000
1205.6,257.276,00000000
1205.61,257.276,00000000
1205.62,257.276,00000000
1205.63,258.600,00000000
1205.64,257.717,00000000
1205.65,256.835,00000000
1205.66,259.041,00000000
1205.67,256.835,00000000
1205.68,255.953,00000000
1205.69,253.748,00000000
1205.7,253.748,00000000
1205.71,251.985,00000000
1205.72,252.426,00000000
1205.73,252.867,00000000
1205.74,251.104,00000000
1205.75,252.426,00000000
1205.76,251.545,00000000
1205.77,252.867,00000000
1205.78,252.867,00000000
1205.79,343.923,00000000
1205.8,373.984,00000000
1205.81,370.836,00000000
1205.82,367.241,00000000
1205.83,365.444,00000000
1205.84,361.403,00000000
1205.85,358.262,00000000
1205.86,354.674,00000000
1205.87,351.984,00000000
1205.88,347.504,00000000
1205.89,341.238,00000000
1205.9,336.766,00000000
1205.91,329.618,00000000
1205.92,323.816,00000000
1205.93,313.565,00000000
1205.94,310.004,00000000
1205.95,309.113,00000000
1205.96,309.113,00000000
1205.97,310.449,00000000
1205.98,313.565,00000000
1205.99,313.565,00000000
1206,316.683,00000000
1206.01,319.357,00000000
1206.02,314.010,00000000
1206.03,312.674,00000000
1206.04,313.565,00000000
1206.05,313.120,00000000
1206.06,309.113,00000000
1206.07,310.004,00000000
1206.08,310.894,00000000
1206.09,311.339,00000000
1206.1,309.113,00000000
1206.11,309.113,00000000
1206.12,307.779,00000000
1206.13,306.889,00000000
1206.14,302.887,00000000
1206.15,302.442,00000000
1206.16,304.665,00000000
1206.17,306.444,00000000
1206.18,306.444,00000000
1206.19,306.444,00000000
1206.2,303.331,00000000
1206.21,299.332,00000000
1206.22,299.776,00000000
1206.23,298.443,00000000
1206.24,296.223,00000000
1206.25,295.335,00000000
1206.26,294.891,00000000
1206.27,296.223,00000000
1206.28,298.888,00000000
1206.29,296.223,00000000
1206.3,294.447,00000000
1206.31,294.447,00000000
1206.32,294.003,00000000
1206.33,292.228,00000000
1206.34,292.228,00000000
1206.35,290.453,00000000
1206.36,289.123,00000000
1206.37,286.462,00000000
1206.38,286.906,00000000
1206.39,285.132,00000000
1206.4,285.132,00000000
1206.41,284.689,00000000
1206.42,288.236,00000000
1206.43,286.906,00000000
1206.44,288.679,00000000
1206.45,286.906,00000000
1206.46,288.679,00000000
1206.47,289.123,00000000
1206.48,290.453,00000000
1206.49,291.341,00000000
1206.5,290.897,00000000
1206.51,292.672,00000000
1206.52,291.784,00000000
1206.53,289.123,00000000
1206.54,285.132,00000000
1206.55,283.803,00000000
1206.56,284.246,00000000
1206.57,283.360,00000000
1206.58,281.588,00000000
1206.59,280.702,00000000
1206.6,278.931,00000000
1206.61,279.374,00000000
1206.62,277.160,00000000
1206.63,277.160,00000000
1206.64,276.275,00000000
1206.65,277.603,00000000
1206.66,277.603,00000000
1206.67,278.488,00000000
1206.68,277.160,00000000
1206.69,277.160,00000000
1206.7,277.160,00000000
1206.71,278.488,00000000
1206.72,275.390,00000000
1206.73,278.045,00000000
1206.74,277.160,00000000
1206.75,279.374,00000000
1206.76,278.488,00000000
1206.77,277.160,00000000
1206.78,276.275,00000000
1206.79,273.620,00000000
1206.8,274.063,00000000
1206.81,271.851,00000000
1206.82,272.736,00000000
1206.83,274.063,00000000
1206.84,273.178,00000000
1206.85,272.293,00000000
1206.86,273.620,00000000
1206.87,274.063,00000000
1206.88,272.736,00000000
1206.89,274.063,00000000
1206.9,272.293,00000000
1206.91,270.967,00000000
1206.92,272.736,00000000
1206.93,272.293,00000000
1206.94,271.409,00000000
1206.95,272.736,00000000
1206.96,274.505,00000000
1206.97,277.160,00000000
1206.98,275.390,00000000
1206.99,273.178,00000000
1207,272.736,00000000
1207.01,273.178,00000000
1207.02,270.967,00000000
1207.03,270.525,00000000
1207.04,270.967,00000000
1207.05,271.409,00000000
1207.06,270.083,00000000
1207.07,269.199,00000000
1207.08,266.547,00000000
1207.09,265.222,00000000
1207.1,265.222,00000000
1207.11,266.105,00000000
1207.12,268.315,00000000
1207.13,269.641,00000000
1207.14,269.199,00000000
1207.15,270.525,00000000
1207.16,270.083,00000000
1207.17,268.757,00000000
1207.18,266.105,00000000
1207.19,266.105,00000000
1207.2,264.338,00000000
1207.21,264.338,00000000
1207.22,262.131,00000000
1207.23,263.455,00000000
1207.24,265.222,00000000
1207.25,266.547,00000000
1207.26,268.315,00000000
1207.27,267.431,00000000
1207.28,271.409,00000000
1207.29,268.315,00000000
1207.3,265.222,00000000
1207.31,265.664,00000000
1207.32,263.455,00000000
1207.33,262.131,00000000
1207.34,261.689,00000000
1207.35,259.924,00000000
1207.36,259.041,00000000
1207.37,261.248,00000000
1207.38,264.338,00000000
1207.39,265.222,00000000
1207.4,266.105,00000000
1207.41,265.664,00000000
1207.42,269.199,00000000
1207.43,269.641,00000000
1207.44,270.525,00000000
1207.45,267.431,00000000
1207.46,267.873,00000000
1207.47,264.780,00000000
1207.48,264.338,00000000
1207.49,264.780,00000000
1207.5,263.897,00000000
1207.51,266.989,00000000
1207.52,265.664,00000000
1207.53,265.222,00000000
1207.54,263.455,00000000
1207.55,262.131,00000000
1207.56,259.041,00000000
1207.57,259.924,00000000
1207.58,260.365,00000000
1207.59,258.600,00000000
1207.6,259.041,00000000
1207.61,258.159,00000000
1207.62,257.717,00000000
1207.63,258.159,00000000
1207.64,256.835,00000000
1207.65,259.924,00000000
1207.66,261.689,00000000
1207.67,260.806,00000000
1207.68,260.806,00000000
1207.69,261.248,00000000
1207.7,259.041,00000000
1207.71,259.041,00000000
1207.72,259.924,00000000
1207.73,260.365,00000000
1207.74,258.159,00000000
1207.75,257.276,00000000
1207.76,255.071,00000000
1207.77,255.953,00000000
1207.78,258.159,00000000
1207.79,256.394,00000000
1207.8,256.394,00000000
1207.81,257.717,00000000
1207.82,258.600,00000000
1207.83,261.248,00000000
1207.84,259.924,00000000
1207.85,258.159,00000000
1207.86,258.159,00000000
1207.87,258.600,00000000
1207.88,258.159,00000000
1207.89,260.806,00000000
1207.9,262.572,00000000
1207.91,262.572,00000000
1207.92,264.780,00000000
1207.93,267.431,00000000
1207.94,266.547,00000000
1207.95,263.455,00000000
1207.96,262.572,00000000
1207.97,261.689,00000000
1207.98,259.482,00000000
1207.99,260.365,00000000
1208,258.600,00000000
1208.01,258.159,00000000
1208.02,256.394,00000000
1208.03,256.394,00000000
1208.04,257.276,00000000
1208.05,255.953,00000000
1208.06,259.041,00000000
1208.07,260.806,00000000
1208.08,260.365,00000000
1208.09,260.806,00000000
1208.1,260.365,00000000
1208.11,263.455,00000000
1208.12,263.455,00000000
1208.13,263.014,00000000
1208.14,262.131,00000000
1208.15,263.455,00000000
1208.16,261.689,00000000
1208.17,261.248,00000000
1208.18,259.041,00000000
1208.19,255.071,00000000
1208.2,253.308,00000000
1208.21,253.308,00000000
1208.22,254.630,00000000
1208.23,254.189,00000000
1208.24,253.748,00000000
1208.25,254.630,00000000
1208.26,254.189,00000000
1208.27,255.071,00000000
1208.28,254.189,00000000
1208.29,252.426,00000000
1208.3,253.748,00000000
1208.31,255.512,00000000
1208.32,256.835,00000000
1208.33,253.748,00000000
1208.34,254.189,00000000
1208.35,252.867,00000000
1208.36,255.512,00000000
1208.37,255.953,00000000
1208.38,256.394,00000000
1208.39,256.835,00000000
1208.4,257.717,00000000
1208.41,255.953,00000000
1208.42,253.748,00000000
1208.43,254.630,00000000
1208.44,255.512,00000000
1208.45,256.835,00000000
1208.46,255.953,00000000
1208.47,256.835,00000000
1208.48,255.512,00000000
1208.49,255.512,00000000
1208.5,254.630,00000000
1208.51,258.159,00000000
1208.52,257.276,00000000
1208.53,259.924,00000000
1208.54,258.600,00000000
1208.55,258.600,00000000
1208.56,261.248,00000000
1208.57,259.041,00000000
1208.58,258.600,00000000
1208.59,256.394,00000000
1208.6,255.071,00000000
1208.61,255.953,00000000
1208.62,257.717,00000000
1208.63,256.835,00000000
1208.64,256.394,00000000
1208.65,255.953,00000000
1208.66,257.717,00000000
1208.67,257.717,00000000
1208.68,259.041,00000000
1208.69,258.600,00000000
1208.7,256.394,00000000
1208.71,255.512,00000000
1208.72,252.867,00000000
1208.73,252.426,00000000
1208.74,253.748,00000000
1208.75,254.189,00000000
1208.76,254.630,00000000
1208.77,254.189,00000000
1208.78,255.071,00000000
1208.79,253.748,00000000
1208.8,254.630,00000000
1208.81,255.953,00000000
1208.82,257.717,00000000
1208.83,255.512,00000000
1208.84,255.512,00000000
1208.85,254.630,00000000
1208.86,254.630,00000000
1208.87,253.308,00000000
1208.88,252.867,00000000
1208.89,251.985,00000000
1208.9,251.545,00000000
1208.91,254.189,00000000
1208.92,255.071,00000000
1208.93,255.512,00000000
1208.94,256.394,00000000
1208.95,255.512,00000000
1208.96,255.512,00000000
1208.97,254.189,00000000
1208.98,255.071,00000000
1208.99,255.512,00000000
1209,257.276,00000000
1209.01,258.600,00000000
1209.02,256.835,00000000
1209.03,254.630,00000000
1209.04,252.867,00000000
1209.05,253.308,00000000
1209.06,255.953,00000000
1209.07,257.276,00000000
1209.08,255.071,00000000
1209.09,255.071,00000000
1209.1,256.394,00000000
1209.11,257.717,00000000
1209.12,258.159,00000000
1209.13,256.835,00000000
1209.14,256.835,00000000
1209.15,253.308,00000000
1209.16,251.545,00000000
1209.17,250.663,00000000
1209.18,250.223,00000000
1209.19,251.104,00000000
1209.2,252.867,00000000
1209.21,253.748,00000000
1209.22,252.426,00000000
1209.23,252.426,00000000
1209.24,251.985,00000000
1209.25,253.748,00000000
1209.26,253.308,00000000
1209.27,254.189,00000000
1209.28,254.189,00000000
1209.29,255.512,00000000
1209.3,256.394,00000000
1209.31,255.953,00000000
1209.32,256.835,00000000
1209.33,256.835,00000000
1209.34,255.512,00000000
1209.35,253.748,00000000
1209.36,252.426,00000000
1209.37,254.189,00000000
1209.38,255.071,00000000
1209.39,256.835,00000000
1209.4,257.276,00000000
1209.41,255.071,00000000
1209.42,253.748,00000000
1209.43,253.748,00000000
1209.44,254.630,00000000
1209.45,254.630,00000000
1209.46,256.394,00000000
1209.47,257.276,00000000
1209.48,258.159,00000000
1209.49,257.717,00000000
1209.5,258.159,00000000
1209.51,259.041,00000000
1209.52,257.717,00000000
1209.53,256.835,00000000
1209.54,254.189,00000000
1209.55,253.748,00000000
1209.56,254.630,00000000
1209.57,253.308,00000000
1209.58,253.308,00000000
1209.59,253.308,00000000
1209.6,255.953,00000000
1209.61,258.600,00000000
1209.62,257.276,00000000
1209.63,256.835,00000000
1209.64,259.041,00000000
1209.65,258.600,00000000
1209.66,256.835,00000000
1209.67,255.071,00000000
1209.68,252.426,00000000
1209.69,253.748,00000000
1209.7,253.748,00000000
1209.71,253.308,00000000
1209.72,255.071,00000000
1209.73,257.276,00000000
1209.74,256.394,00000000
1209.75,258.159,00000000
1209.76,259.041,00000000
1209.77,257.276,00000000
1209.78,252.867,00000000
1209.79,251.545,00000000
1209.8,251.104,00000000
1209.81,333.638,00000000
1209.82,370.387,00000000
1209.83,370.387,00000000
1209.84,363.648,00000000
1209.85,360.505,00000000
1209.86,357.813,00000000
1209.87,354.226,00000000
1209.88,348.848,00000000
1209.89,347.057,00000000
1209.9,341.685,00000000
1209.91,339.449,00000000
1209.92,332.744,00000000
1209.93,326.939,00000000
1209.94,323.816,00000000
1209.95,316.683,00000000
1209.96,316.238,00000000
1209.97,313.120,00000000
1209.98,312.674,00000000
1209.99,312.229,00000000
1210,311.339,00000000
1210.01,314.010,00000000
1210.02,313.120,00000000
1210.03,312.229,00000000
1210.04,312.229,00000000
1210.05,313.120,00000000
1210.06,310.894,00000000
1210.07,312.229,00000000
1210.08,310.894,00000000
1210.09,308.669,00000000
1210.1,306.444,00000000
1210.11,309.559,00000000
1210.12,310.004,00000000
1210.13,308.669,00000000
1210.14,309.559,00000000
1210.15,308.224,00000000
1210.16,306.889,00000000
1210.17,304.665,00000000
1210.18,302.887,00000000
1210.19,302.887,00000000
1210.2,302.887,00000000
1210.21,300.665,00000000
1210.22,301.998,00000000
1210.23,304.221,00000000
1210.24,302.442,00000000
1210.25,301.998,00000000
1210.26,301.554,00000000
1210.27,298.888,00000000
1210.28,295.779,00000000
1210.29,293.559,00000000
1210.3,297.111,00000000
1210.31,297.999,00000000
1210.32,296.223,00000000
1210.33,293.559,00000000
1210.34,291.341,00000000
1210.35,292.228,00000000
1210.36,292.672,00000000
1210.37,290.897,00000000
1210.38,290.010,00000000
1210.39,286.906,00000000
1210.4,286.906,00000000
1210.41,286.019,00000000
1210.42,286.019,00000000
1210.43,287.349,00000000
1210.44,289.123,00000000
1210.45,288.236,00000000
1210.46,286.019,00000000
1210.47,285.576,00000000
1210.48,283.803,00000000
1210.49,282.917,00000000
1210.5,281.588,00000000
1210.51,279.816,00000000
1210.52,282.031,00000000
1210.53,282.917,00000000
1210.54,285.576,00000000
1210.55,287.349,00000000
1210.56,287.792,00000000
1210.57,287.349,00000000
1210.58,286.906,00000000
1210.59,286.019,00000000
1210.6,283.360,00000000
1210.61,282.917,00000000
1210.62,282.474,00000000
1210.63,283.360,00000000
1210.64,281.145,00000000
1210.65,281.145,00000000
1210.66,279.374,00000000
1210.67,275.390,00000000
1210.68,276.275,00000000
1210.69,277.160,00000000
1210.7,279.816,00000000
1210.71,282.031,00000000
1210.72,282.031,00000000
1210.73,281.588,00000000
1210.74,279.374,00000000
1210.75,276.718,00000000
1210.76,274.948,00000000
1210.77,274.063,00000000
1210.78,273.620,00000000
1210.79,274.948,00000000
1210.8,277.160,00000000
1210.81,278.488,00000000
1210.82,276.275,00000000
1210.83,277.603,00000000
1210.84,277.603,00000000
1210.85,277.160,00000000
1210.86,274.948,00000000
1210.87,272.293,00000000
1210.88,272.736,00000000
1210.89,270.525,00000000
1210.9,269.641,00000000
1210.91,267.431,00000000
1210.92,269.641,00000000
1210.93,268.315,00000000
1210.94,266.547,00000000
1210.95,264.780,00000000
1210.96,264.780,00000000
1210.97,268.757,00000000
1210.98,271.851,00000000
1210.99,270.525,00000000
1211,271.409,00000000
1211.01,274.505,00000000
1211.02,275.390,00000000
1211.03,274.505,00000000
1211.04,274.948,00000000
1211.05,274.063,00000000
1211.06,272.736,00000000
1211.07,270.525,00000000
1211.08,269.641,00000000
1211.09,270.083,00000000
1211.1,271.409,00000000
1211.11,272.293,00000000
1211.12,271.409,00000000
1211.13,269.199,00000000
1211.14,268.315,00000000
1211.15,266.547,00000000
1211.16,266.989,00000000
1211.17,265.222,00000000
1211.18,263.897,00000000
1211.19,262.131,00000000
1211.2,263.455,00000000
1211.21,261.248,00000000
1211.22,260.365,00000000
1211.23,260.806,00000000
1211.24,263.014,00000000
1211.25,264.338,00000000
1211.26,263.455,00000000
1211.27,264.780,00000000
1211.28,266.105,00000000
1211.29,265.222,00000000
1211.3,267.431,00000000
1211.31,267.873,00000000
1211.32,266.105,00000000
1211.33,265.222,00000000
1211.34,263.455,00000000
1211.35,261.248,00000000
1211.36,260.365,00000000
1211.37,263.014,00000000
1211.38,262.572,00000000
1211.39,263.897,00000000
1211.4,263.455,00000000
1211.41,263.897,00000000
1211.42,262.131,00000000
1211.43,262.572,00000000
1211.44,262.131,00000000
1211.45,262.131,00000000
1211.46,265.222,00000000
1211.47,267.873,00000000
1211.48,268.315,00000000
1211.49,267.873,00000000
1211.5,265.664,00000000
1211.51,267.431,00000000
1211.52,268.757,00000000
1211.53,268.315,00000000
1211.54,269.641,00000000
1211.55,266.105,00000000
1211.56,263.897,00000000
1211.57,262.572,00000000
1211.58,262.131,00000000
1211.59,261.248,00000000
1211.6,263.014,00000000
1211.61,262.131,00000000
1211.62,264.338,00000000
1211.63,264.338,00000000
1211.64,263.455,00000000
1211.65,262.131,00000000
1211.66,263.897,00000000
1211.67,262.572,00000000
1211.68,263.014,00000000
1211.69,264.338,00000000
1211.7,263.455,00000000
1211.71,266.105,00000000
1211.72,263.897,00000000
1211.73,263.897,00000000
1211.74,262.131,00000000
1211.75,260.806,00000000
1211.76,259.041,00000000
1211.77,259.924,00000000
1211.78,260.365,00000000
1211.79,258.159,00000000
1211.8,259.041,00000000
1211.81,258.159,00000000
1211.82,260.806,00000000
1211.83,260.806,00000000
1211.84,258.600,00000000
1211.85,257.276,00000000
1211.86,258.159,00000000
1211.87,260.365,00000000
1211.88,262.572,00000000
1211.89,263.014,00000000
1211.9,262.572,00000000
1211.91,261.248,00000000
1211.92,260.365,00000000
1211.93,257.717,00000000
1211.94,256.394,00000000
1211.95,255.071,00000000
1211.96,254.630,00000000
1211.97,254.630,00000000
1211.98,254.189,00000000
1211.99,253.748,00000000
1212,257.717,00000000
1212.01,255.512,00000000
1212.02,254.189,00000000
1212.03,253.748,00000000
1212.04,253.308,00000000
1212.05,256.835,00000000
1212.06,257.276,00000000
1212.07,259.041,00000000
1212.08,257.717,00000000
1212.09,256.835,00000000
1212.1,257.276,00000000
1212.11,259.482,00000000
1212.12,262.131,00000000
1212.13,259.482,00000000
1212.14,259.482,00000000
1212.15,258.600,00000000
1212.16,257.276,00000000
1212.17,259.041,00000000
1212.18,255.953,00000000
1212.19,259.924,00000000
1212.2,260.806,00000000
1212.21,258.159,00000000
1212.22,256.835,00000000
1212.23,257.717,00000000
1212.24,257.276,00000000
1212.25,256.394,00000000
1212.26,257.276,00000000
1212.27,257.717,00000000
1212.28,259.924,00000000
1212.29,259.482,00000000
1212.3,259.924,00000000
1212.31,259.924,00000000
1212.32,259.482,00000000
1212.33,259.482,00000000
1212.34,258.600,00000000
1212.35,256.394,00000000
1212.36,255.071,00000000
1212.37,256.394,00000000
1212.38,257.717,00000000
1212.39,257.717,00000000
1212.4,258.159,00000000
1212.41,258.159,00000000
1212.42,257.276,00000000
1212.43,255.071,00000000
1212.44,258.600,00000000
1212.45,256.835,00000000
1212.46,257.717,00000000
1212.47,260.806,00000000
1212.48,261.248,00000000
1212.49,262.131,00000000
1212.5,261.248,00000000
1212.51,262.572,00000000
1212.52,262.131,00000000
1212.53,259.924,00000000
1212.54,259.041,00000000
1212.55,258.159,00000000
1212.56,257.276,00000000
1212.57,255.512,00000000
1212.58,253.308,00000000
1212.59,252.426,00000000
1212.6,253.308,00000000
1212.61,254.630,00000000
1212.62,253.748,00000000
1212.63,252.867,00000000
1212.64,251.545,00000000
1212.65,251.104,00000000
1212.66,253.308,00000000
1212.67,255.071,00000000
1212.68,255.071,00000000
1212.69,254.189,00000000
1212.7,254.630,00000000
1212.71,256.394,00000000
1212.72,253.308,00000000
1212.73,251.104,00000000
1212.74,250.663,00000000
1212.75,251.985,00000000
1212.76,254.189,00000000
1212.77,253.748,00000000
1212.78,255.071,00000000
1212.79,254.630,00000000
1212.8,254.189,00000000
1212.81,255.071,00000000
1212.82,257.276,00000000
1212.83,256.835,00000000
1212.84,259.482,00000000
1212.85,258.600,00000000
1212.86,258.600,00000000
1212.87,259.041,00000000
1212.88,258.600,00000000
1212.89,260.365,00000000
1212.9,258.600,00000000
1212.91,257.276,00000000
1212.92,254.189,00000000
1212.93,254.189,00000000
1212.94,254.189,00000000
1212.95,252.426,00000000
1212.96,251.104,00000000
1212.97,251.985,00000000
1212.98,248.901,00000000
1212.99,250.663,00000000
1213,251.985,00000000
1213.01,253.748,00000000
1213.02,249.782,00000000
1213.03,250.223,00000000
1213.04,252.426,00000000
1213.05,255.512,00000000
1213.06,257.717,00000000
1213.07,255.953,00000000
1213.08,254.189,00000000
1213.09,253.308,00000000
1213.1,252.426,00000000
1213.11,252.426,00000000
1213.12,253.308,00000000
1213.13,254.630,00000000
1213.14,253.308,00000000
1213.15,254.630,00000000
1213.16,253.748,00000000
1213.17,252.426,00000000
1213.18,255.512,00000000
1213.19,254.630,00000000
1213.2,256.394,00000000
1213.21,259.041,00000000
1213.22,259.041,00000000
1213.23,258.159,00000000
1213.24,257.276,00000000
1213.25,258.159,00000000
1213.26,256.835,00000000
1213.27,256.835,00000000
1213.28,260.806,00000000
1213.29,261.689,00000000
1213.3,262.131,00000000
1213.31,258.600,00000000
1213.32,258.159,00000000
1213.33,255.071,00000000
1213.34,316.238,00000000
1213.35,373.084,00000000
1213.36,376.683,00000000
1213.37,371.286,00000000
1213.38,366.792,00000000
1213.39,361.852,00000000
1213.4,361.403,00000000
1213.41,359.159,00000000
1213.42,352.433,00000000
1213.43,346.609,00000000
1213.44,338.555,00000000
1213.45,334.085,00000000
1213.46,331.851,00000000
1213.47,329.171,00000000
1213.48,326.047,00000000
1213.49,323.370,00000000
1213.5,321.140,00000000
1213.51,317.574,00000000
1213.52,315.347,00000000
1213.53,312.229,00000000
1213.54,311.784,00000000
1213.55,311.784,00000000
1213.56,314.010,00000000
1213.57,314.456,00000000
1213.58,314.456,00000000
1213.59,311.784,00000000
1213.6,311.784,00000000
1213.61,310.449,00000000
1213.62,310.449,00000000
1213.63,309.559,00000000
1213.64,306.889,00000000
1213.65,305.999,00000000
1213.66,307.779,00000000
1213.67,309.113,00000000
1213.68,311.784,00000000
1213.69,309.113,00000000
1213.7,308.224,00000000
1213.71,305.999,00000000
1213.72,305.110,00000000
1213.73,301.998,00000000
1213.74,303.776,00000000
1213.75,301.554,00000000
1213.76,301.109,00000000
1213.77,298.443,00000000
1213.78,299.776,00000000
1213.79,298.443,00000000
1213.8,298.443,00000000
1213.81,298.443,00000000
1213.82,298.888,00000000
1213.83,296.223,00000000
1213.84,293.559,00000000
1213.85,293.115,00000000
1213.86,294.891,00000000
1213.87,294.891,00000000
1213.88,293.559,00000000
1213.89,293.115,00000000
1213.9,292.228,00000000
1213.91,292.672,00000000
1213.92,295.779,00000000
1213.93,297.111,00000000
1213.94,294.891,00000000
1213.95,291.341,00000000
1213.96,290.453,00000000
1213.97,290.453,00000000
1213.98,289.566,00000000
1213.99,286.462,00000000
1214,286.462,00000000
1214.01,285.132,00000000
1214.02,286.019,00000000
1214.03,283.803,00000000
1214.04,286.019,00000000
1214.05,285.576,00000000
1214.06,284.689,00000000
1214.07,284.246,00000000
1214.08,283.360,00000000
1214.09,283.360,00000000
1214.1,282.917,00000000
1214.11,282.474,00000000
1214.12,282.917,00000000
1214.13,281.588,00000000
1214.14,282.474,00000000
1214.15,280.702,00000000
1214.16,278.488,00000000
1214.17,276.275,00000000
1214.18,280.702,00000000
1214.19,281.588,00000000
1214.2,282.031,00000000
1214.21,280.259,00000000
1214.22,279.816,00000000
1214.23,278.488,00000000
1214.24,278.931,00000000
1214.25,278.488,00000000
1214.26,276.275,00000000
1214.27,277.160,00000000
1214.28,275.832,00000000
1214.29,275.390,00000000
1214.3,276.718,00000000
1214.31,277.160,00000000
1214.32,276.718,00000000
1214.33,275.832,00000000
1214.34,273.178,00000000
1214.35,272.736,00000000
1214.36,273.178,00000000
1214.37,274.505,00000000
1214.38,275.390,00000000
1214.39,275.832,00000000
1214.4,274.505,00000000
1214.41,272.736,00000000
1214.42,276.275,00000000
1214.43,275.832,00000000
1214.44,274.948,00000000
1214.45,274.948,00000000
1214.46,275.832,00000000
1214.47,277.603,00000000
1214.48,276.275,00000000
1214.49,274.948,00000000
1214.5,272.736,00000000
1214.51,272.736,00000000
1214.52,268.757,00000000
1214.53,269.641,00000000
1214.54,269.199,00000000
1214.55,269.199,00000000
1214.56,267.431,00000000
1214.57,266.547,00000000
1214.58,266.105,00000000
1214.59,265.664,00000000
1214.6,265.222,00000000
1214.61,262.572,00000000
1214.62,262.572,00000000
1214.63,262.572,00000000
1214.64,266.105,00000000
1214.65,266.547,00000000
1214.66,267.873,00000000
1214.67,267.873,00000000
1214.68,268.315,00000000
1214.69,270.967,00000000
1214.7,271.409,00000000
1214.71,272.736,00000000
1214.72,272.736,00000000
1214.73,272.736,00000000
1214.74,272.293,00000000
1214.75,271.851,00000000
1214.76,271.851,00000000
1214.77,269.199,00000000
1214.78,268.315,00000000
1214.79,265.664,00000000
1214.8,263.897,00000000
1214.81,263.014,00000000
1214.82,262.131,00000000
1214.83,262.572,00000000
1214.84,263.455,00000000
1214.85,262.131,00000000
1214.86,261.248,00000000
1214.87,261.689,00000000
1214.88,261.689,00000000
1214.89,262.572,00000000
1214.9,265.664,00000000
1214.91,263.897,00000000
1214.92,264.780,00000000
1214.93,264.338,00000000
1214.94,264.338,00000000
1214.95,265.222,00000000
1214.96,263.897,00000000
1214.97,263.014,00000000
1214.98,266.105,00000000
1214.99,266.105,00000000
1215,264.780,00000000
1215.01,263.455,00000000
1215.02,264.338,00000000
1215.03,264.338,00000000
1215.04,265.222,00000000
1215.05,261.689,00000000
1215.06,260.806,00000000
1215.07,260.365,00000000
1215.08,260.806,00000000
1215.09,264.338,00000000
1215.1,263.897,00000000
1215.11,262.131,00000000
1215.12,261.248,00000000
1215.13,261.248,00000000
1215.14,262.131,00000000
1215.15,262.572,00000000
1215.16,264.338,00000000
1215.17,263.897,00000000
1215.18,262.572,00000000
1215.19,259.041,00000000
1215.2,254.189,00000000
1215.21,253.308,00000000
1215.22,251.545,00000000
1215.23,254.189,00000000
1215.24,254.630,00000000
1215.25,255.953,00000000
1215.26,256.835,00000000
1215.27,253.308,00000000
1215.28,255.953,00000000
1215.29,254.630,00000000
1215.3,255.071,00000000
1215.31,254.630,00000000
1215.32,259.041,00000000
1215.33,263.455,00000000
1215.34,263.455,00000000
1215.35,261.248,00000000
1215.36,258.600,00000000
1215.37,259.041,00000000
1215.38,258.600,00000000
1215.39,258.159,00000000
1215.4,255.071,00000000
1215.41,258.600,00000000
1215.42,260.806,00000000
1215.43,260.806,00000000
1215.44,260.365,00000000
1215.45,261.689,00000000
1215.46,264.338,00000000
1215.47,265.222,00000000
1215.48,264.780,00000000
1215.49,261.689,00000000
1215.5,260.365,00000000
1215.51,261.248,00000000
1215.52,261.689,00000000
1215.53,262.131,00000000
1215.54,263.014,00000000
1215.55,263.897,00000000
1215.56,263.455,00000000
1215.57,262.131,00000000
1215.58,258.600,00000000
1215.59,256.835,00000000
1215.6,256.835,00000000
1215.61,258.159,00000000
1215.62,260.806,00000000
1215.63,262.572,00000000
1215.64,263.455,00000000
1215.65,262.572,00000000
1215.66,260.806,00000000
1215.67,258.159,00000000
1215.68,259.924,00000000
1215.69,260.365,00000000
1215.7,259.482,00000000
1215.71,259.041,00000000
1215.72,258.159,00000000
1215.73,258.159,00000000
1215.74,257.276,00000000
1215.75,256.835,00000000
1215.76,257.717,00000000
1215.77,255.512,00000000
1215.78,254.189,00000000
1215.79,255.512,00000000
1215.8,254.630,00000000
1215.81,253.308,00000000
1215.82,253.748,00000000
1215.83,255.953,00000000
1215.84,253.308,00000000
1215.85,255.512,00000000
1215.86,253.748,00000000
1215.87,253.308,00000000
1215.88,254.189,00000000
1215.89,254.189,00000000
1215.9,255.953,00000000
1215.91,258.600,00000000
1215.92,259.482,00000000
1215.93,259.041,00000000
1215.94,260.365,00000000
1215.95,257.717,00000000
1215.96,258.600,00000000
1215.97,257.717,00000000
1215.98,256.835,00000000
1215.99,255.953,00000000
1216,255.071,00000000
1216.01,255.512,00000000
1216.02,255.071,00000000
1216.03,255.071,00000000
1216.04,255.071,00000000
1216.05,256.394,00000000
1216.06,255.512,00000000
1216.07,256.835,00000000
1216.08,256.835,00000000
1216.09,257.276,00000000
1216.1,255.953,00000000
1216.11,255.953,00000000
1216.12,257.276,00000000
1216.13,255.071,00000000
1216.14,253.308,00000000
1216.15,254.630,00000000
1216.16,255.512,00000000
1216.17,253.748,00000000
1216.18,253.308,00000000
1216.19,251.545,00000000
1216.2,252.426,00000000
1216.21,254.189,00000000
1216.22,251.545,00000000
1216.23,252.426,00000000
1216.24,253.748,00000000
1216.25,253.748,00000000
1216.26,254.189,00000000
1216.27,253.308,00000000
1216.28,253.748,00000000
1216.29,253.748,00000000
1216.3,257.276,00000000
1216.31,256.835,00000000
1216.32,257.276,00000000
1216.33,255.512,00000000
1216.34,254.630,00000000
1216.35,255.071,00000000
1216.36,254.630,00000000
1216.37,256.394,00000000
1216.38,255.953,00000000
1216.39,256.394,00000000
1216.4,255.071,00000000
1216.41,256.835,00000000
1216.42,258.159,00000000
1216.43,257.276,00000000
1216.44,256.835,00000000
1216.45,254.630,00000000
1216.46,252.426,00000000
1216.47,252.426,00000000
1216.48,252.426,00000000
1216.49,253.748,00000000
1216.5,257.276,00000000
1216.51,258.600,00000000
1216.52,260.365,00000000
1216.53,260.806,00000000
1216.54,259.924,00000000
1216.55,258.159,00000000
1216.56,256.394,00000000
1216.57,253.748,00000000
1216.58,253.308,00000000
1216.59,251.985,00000000
1216.6,252.426,00000000
1216.61,251.104,00000000
1216.62,253.308,00000000
1216.63,254.630,00000000
1216.64,257.276,00000000
1216.65,255.512,00000000
1216.66,253.748,00000000
1216.67,255.071,00000000
1216.68,255.953,00000000
1216.69,252.867,00000000
1216.7,251.985,00000000
1216.71,255.071,00000000
1216.72,255.071,00000000
1216.73,256.394,00000000
1216.74,257.276,00000000
1216.75,255.071,00000000
1216.76,255.953,00000000
1216.77,256.394,00000000
1216.78,255.512,00000000
1216.79,251.545,00000000
1216.8,252.426,00000000
1216.81,248.901,00000000
1216.82,248.460,00000000
1216.83,248.460,00000000
1216.84,252.867,00000000
1216.85,256.394,00000000
1216.86,255.953,00000000
1216.87,256.394,00000000
1216.88,255.071,00000000
1216.89,252.867,00000000
1216.9,251.545,00000000
1216.91,251.104,00000000
1216.92,251.545,00000000
1216.93,250.223,00000000
1216.94,252.426,00000000
1216.95,253.308,00000000
1216.96,255.071,00000000
1216.97,255.071,00000000
1216.98,258.600,00000000
1216.99,258.159,00000000
1217,259.041,00000000
1217.01,258.600,00000000
1217.02,256.835,00000000
1217.03,255.953,00000000
1217.04,254.189,00000000
1217.05,255.071,00000000
1217.06,256.394,00000000
1217.07,255.953,00000000
1217.08,255.512,00000000
1217.09,253.308,00000000
1217.1,254.630,00000000
1217.11,251.545,00000000
1217.12,251.545,00000000
1217.13,253.308,00000000
1217.14,255.953,00000000
1217.15,259.482,00000000
1217.16,258.600,00000000
1217.17,259.041,00000000
1217.18,256.835,00000000
1217.19,255.512,00000000
1217.2,255.071,00000000
1217.21,255.953,00000000
1217.22,255.953,00000000
1217.23,255.953,00000000
1217.24,255.071,00000000
1217.25,256.835,00000000
1217.26,257.276,00000000
1217.27,259.041,00000000
1217.28,259.041,00000000
1217.29,255.953,00000000
1217.3,255.071,00000000
1217.31,299.332,00000000
1217.32,369.488,00000000
1217.33,373.084,00000000
1217.34,368.589,00000000
1217.35,363.648,00000000
1217.36,361.852,00000000
1217.37,359.159,00000000
1217.38,356.019,00000000
1217.39,350.192,00000000
1217.4,345.713,00000000
1217.41,340.791,00000000
1217.42,335.872,00000000
1217.43,329.618,00000000
1217.44,327.386,00000000
1217.45,325.154,00000000
1217.46,326.493,00000000
1217.47,322.032,00000000
1217.48,321.586,00000000
1217.49,316.238,00000000
1217.5,314.456,00000000
1217.51,312.229,00000000
1217.52,313.565,00000000
1217.53,315.792,00000000
1217.54,315.792,00000000
1217.55,314.456,00000000
1217.56,315.792,00000000
1217.57,316.238,00000000
1217.58,314.456,00000000
1217.59,309.559,00000000
1217.6,310.449,00000000
1217.61,308.224,00000000
1217.62,303.776,00000000
1217.63,301.998,00000000
1217.64,301.109,00000000
1217.65,301.998,00000000
1217.66,302.887,00000000
1217.67,306.889,00000000
1217.68,308.669,00000000
1217.69,306.444,00000000
1217.7,306.444,00000000
1217.71,305.110,00000000
1217.72,303.776,00000000
1217.73,303.776,00000000
1217.74,302.887,00000000
1217.75,303.776,00000000
1217.76,299.332,00000000
1217.77,297.999,00000000
1217.78,297.555,00000000
1217.79,297.999,00000000
1217.8,297.555,00000000
1217.81,298.443,00000000
1217.82,297.999,00000000
1217.83,298.888,00000000
1217.84,296.223,00000000
1217.85,293.559,00000000
1217.86,290.897,00000000
1217.87,289.566,00000000
1217.88,289.123,00000000
1217.89,290.897,00000000
1217.9,292.672,00000000
1217.91,294.447,00000000
1217.92,294.891,00000000
1217.93,294.003,00000000
1217.94,293.559,00000000
1217.95,289.123,00000000
1217.96,286.906,00000000
1217.97,286.906,00000000
1217.98,289.123,00000000
1217.99,289.566,00000000
1218,290.453,00000000
1218.01,290.897,00000000
1218.02,293.559,00000000
1218.03,292.228,00000000
1218.04,292.672,00000000
1218.05,288.236,00000000
1218.06,285.576,00000000
1218.07,286.019,00000000
1218.08,286.462,00000000
1218.09,286.462,00000000
1218.1,286.019,00000000
1218.11,285.576,00000000
1218.12,281.588,00000000
1218.13,282.031,00000000
1218.14,278.931,00000000
1218.15,278.488,00000000
1218.16,275.832,00000000
1218.17,273.620,00000000
1218.18,275.390,00000000
1218.19,276.718,00000000
1218.2,276.718,00000000
1218.21,276.718,00000000
1218.22,277.603,00000000
1218.23,276.718,00000000
1218.24,273.178,00000000
1218.25,270.525,00000000
1218.26,271.409,00000000
1218.27,270.967,00000000
1218.28,272.293,00000000
1218.29,272.736,00000000
1218.3,272.736,00000000
1218.31,274.948,00000000
1218.32,276.275,00000000
1218.33,278.931,00000000
1218.34,278.045,00000000
1218.35,278.488,00000000
1218.36,277.603,00000000
1218.37,275.832,00000000
1218.38,276.718,00000000
1218.39,276.718,00000000
1218.4,276.275,00000000
1218.41,275.832,00000000
1218.42,273.620,00000000
1218.43,273.620,00000000
1218.44,273.178,00000000
1218.45,271.409,00000000
1218.46,267.431,00000000
1218.47,269.199,00000000
1218.48,268.757,00000000
1218.49,273.178,00000000
1218.5,271.851,00000000
1218.51,272.293,00000000
1218.52,272.293,00000000
1218.53,273.178,00000000
1218.54,272.293,00000000
1218.55,270.967,00000000
1218.56,269.641,00000000
1218.57,269.199,00000000
1218.58,270.525,00000000
1218.59,269.199,00000000
1218.6,272.293,00000000
1218.61,270.525,00000000
1218.62,271.851,00000000
1218.63,268.757,00000000
1218.64,270.967,00000000
1218.65,268.757,00000000
1218.66,267.431,00000000
1218.67,269.641,00000000
1218.68,270.967,00000000
1218.69,272.293,00000000
1218.7,271.409,00000000
1218.71,272.736,00000000
1218.72,270.967,00000000
1218.73,270.083,00000000
1218.74,271.409,00000000
1218.75,272.293,00000000
1218.76,270.525,00000000
1218.77,268.315,00000000
1218.78,267.873,00000000
1218.79,266.105,00000000
1218.8,265.664,00000000
1218.81,261.248,00000000
1218.82,260.806,00000000
1218.83,259.924,00000000
1218.84,259.924,00000000
1218.85,263.897,00000000
1218.86,266.105,00000000
1218.87,266.547,00000000
1218.88,265.222,00000000
1218.89,263.897,00000000
1218.9,263.897,00000000
1218.91,265.664,00000000
1218.92,265.664,00000000
1218.93,265.222,00000000
1218.94,264.780,00000000
1218.95,264.338,00000000
1218.96,264.780,00000000
1218.97,263.455,00000000
1218.98,262.572,00000000
1218.99,262.572,00000000
1219,261.689,00000000
1219.01,266.105,00000000
1219.02,267.873,00000000
1219.03,268.757,00000000
1219.04,267.873,00000000
1219.05,266.547,00000000
1219.06,265.664,00000000
1219.07,264.338,00000000
1219.08,262.572,00000000
1219.09,259.924,00000000
1219.1,258.159,00000000
1219.11,258.159,00000000
1219.12,259.041,00000000
1219.13,258.159,00000000
1219.14,258.159,00000000
1219.15,256.835,00000000
1219.16,255.953,00000000
1219.17,255.953,00000000
1219.18,256.835,00000000
1219.19,255.512,00000000
1219.2,256.835,00000000
1219.21,256.394,00000000
1219.22,261.689,00000000
1219.23,262.572,00000000
1219.24,260.365,00000000
1219.25,260.806,00000000
1219.26,260.806,00000000
1219.27,261.248,00000000
1219.28,260.806,00000000
1219.29,265.222,00000000
1219.3,265.222,00000000
1219.31,265.664,00000000
1219.32,264.338,00000000
1219.33,262.131,00000000
1219.34,261.689,00000000
1219.35,261.689,00000000
1219.36,259.041,00000000
1219.37,258.159,00000000
1219.38,256.835,00000000
1219.39,258.159,00000000
1219.4,256.394,00000000
1219.41,254.630,00000000
1219.42,257.276,00000000
1219.43,257.276,00000000
1219.44,256.835,00000000
1219.45,257.276,00000000
1219.46,256.394,00000000
1219.47,255.953,00000000
1219.48,256.835,00000000
1219.49,257.276,00000000
1219.5,259.482,00000000
1219.51,257.276,00000000
1219.52,255.512,00000000
1219.53,256.394,00000000
1219.54,255.071,00000000
1219.55,256.394,00000000
1219.56,257.276,00000000
1219.57,257.276,00000000
1219.58,259.924,00000000
1219.59,257.276,00000000
1219.6,256.394,00000000
1219.61,256.835,00000000
1219.62,255.512,00000000
1219.63,257.276,00000000
1219.64,255.071,00000000
1219.65,255.071,00000000
1219.66,255.071,00000000
1219.67,254.189,00000000
1219.68,255.512,00000000
1219.69,256.835,00000000
1219.7,258.600,00000000
1219.71,258.159,00000000
1219.72,258.159,00000000
1219.73,255.953,00000000
1219.74,253.748,00000000
1219.75,255.071,00000000
1219.76,255.953,00000000
1219.77,258.159,00000000
1219.78,259.041,00000000
1219.79,258.600,00000000
1219.8,259.041,00000000
1219.81,258.159,00000000
1219.82,255.071,00000000
1219.83,253.308,00000000
1219.84,251.985,00000000
1219.85,253.308,00000000
1219.86,251.104,00000000
1219.87,252.426,00000000
1219.88,253.308,00000000
1219.89,253.308,00000000
1219.9,255.071,00000000
1219.91,255.953,00000000
1219.92,255.512,00000000
1219.93,255.953,00000000
1219.94,255.071,00000000
1219.95,254.189,00000000
1219.96,254.630,00000000
1219.97,256.394,00000000
1219.98,258.600,00000000
1219.99,259.482,00000000
1220,256.835,00000000
1220.01,255.512,00000000
1220.02,254.630,00000000
1220.03,256.394,00000000
1220.04,255.071,00000000
1220.05,255.953,00000000
1220.06,254.189,00000000
1220.07,254.189,00000000
1220.08,254.189,00000000
1220.09,256.394,00000000
1220.1,256.394,00000000
1220.11,257.276,00000000
1220.12,257.276,00000000
1220.13,255.953,00000000
1220.14,258.159,00000000
1220.15,257.717,00000000
1220.16,259.482,00000000
1220.17,257.276,00000000
1220.18,255.071,00000000
1220.19,256.835,00000000
1220.2,256.835,00000000
1220.21,256.394,00000000
1220.22,259.041,00000000
1220.23,259.041,00000000
1220.24,256.394,00000000
1220.25,253.748,00000000
1220.26,252.867,00000000
1220.27,251.545,00000000
1220.28,251.104,00000000
1220.29,249.782,00000000
1220.3,253.748,00000000
1220.31,256.835,00000000
1220.32,257.276,00000000
1220.33,259.041,00000000
1220.34,257.276,00000000
1220.35,254.189,00000000
1220.36,253.308,00000000
1220.37,255.512,00000000
1220.38,254.630,00000000
1220.39,255.953,00000000
1220.4,255.071,00000000
1220.41,255.953,00000000
1220.42,255.953,00000000
1220.43,255.071,00000000
1220.44,255.071,00000000
1220.45,255.953,00000000
1220.46,255.071,00000000
1220.47,255.071,00000000
1220.48,257.276,00000000
1220.49,258.159,00000000
1220.5,258.159,00000000
1220.51,255.953,00000000
1220.52,254.189,00000000
1220.53,252.867,00000000
1220.54,253.308,00000000
1220.55,254.630,00000000
1220.56,254.630,00000000
1220.57,256.394,00000000
1220.58,259.041,00000000
1220.59,258.600,00000000
1220.6,257.276,00000000
1220.61,253.748,00000000
1220.62,251.104,00000000
1220.63,246.699,00000000
1220.64,244.058,00000000
1220.65,242.737,00000000
1220.66,248.020,00000000
1220.67,251.545,00000000
1220.68,252.426,00000000
1220.69,253.748,00000000
1220.7,255.512,00000000
1220.71,255.071,00000000
1220.72,255.953,00000000
1220.73,255.953,00000000
1220.74,257.717,00000000
1220.75,262.572,00000000
1220.76,261.248,00000000
1220.77,259.924,00000000
1220.78,258.600,00000000
1220.79,258.159,00000000
1220.8,259.041,00000000
1220.81,258.159,00000000
1220.82,256.835,00000000
1220.83,256.394,00000000
1220.84,255.953,00000000
1220.85,255.512,00000000
1220.86,254.630,00000000
1220.87,255.071,00000000
1220.88,257.276,00000000
1220.89,256.394,00000000
1220.9,257.276,00000000
1220.91,256.394,00000000
1220.92,255.512,00000000
1220.93,251.104,00000000
1220.94,250.663,00000000
1220.95,251.545,00000000
1220.96,253.748,00000000
1220.97,255.953,00000000
1220.98,255.953,00000000
1220.99,255.953,00000000
1221,254.189,00000000
1221.01,254.630,00000000
1221.02,251.985,00000000
1221.03,249.782,00000000
1221.04,253.308,00000000
1221.05,256.835,00000000
1221.06,257.717,00000000
1221.07,335.425,00000000
1221.08,377.133,00000000
1221.09,378.933,00000000
1221.1,376.233,00000000
1221.11,373.984,00000000
1221.12,369.488,00000000
1221.13,363.648,00000000
1221.14,356.916,00000000
1221.15,350.192,00000000
1221.16,343.028,00000000
1221.17,336.766,00000000
1221.18,330.511,00000000
1221.19,325.601,00000000
1221.2,322.032,00000000
1221.21,318.020,00000000
1221.22,317.129,00000000
1221.23,316.238,00000000
1221.24,317.574,00000000
1221.25,315.792,00000000
1221.26,315.347,00000000
1221.27,312.674,00000000
1221.28,310.894,00000000
1221.29,309.559,00000000
1221.3,311.339,00000000
1221.31,314.456,00000000
1221.32,316.683,00000000
1221.33,316.238,00000000
1221.34,316.683,00000000
1221.35,313.565,00000000
1221.36,311.339,00000000
1221.37,313.120,00000000
1221.38,309.559,00000000
1221.39,304.665,00000000
1221.4,302.442,00000000
1221.41,302.887,00000000
1221.42,304.665,00000000
1221.43,303.776,00000000
1221.44,301.998,00000000
1221.45,300.220,00000000
1221.46,296.667,00000000
1221.47,297.555,00000000
1221.48,299.776,00000000
1221.49,300.220,00000000
1221.5,300.220,00000000
1221.51,299.776,00000000
1221.52,298.443,00000000
1221.53,297.999,00000000
1221.54,298.443,00000000
1221.55,296.667,00000000
1221.56,294.891,00000000
1221.57,294.003,00000000
1221.58,293.115,00000000
1221.59,294.891,00000000
1221.6,295.779,00000000
1221.61,297.111,00000000
1221.62,294.003,00000000
1221.63,292.672,00000000
1221.64,290.897,00000000
1221.65,293.115,00000000
1221.66,293.115,00000000
1221.67,295.779,00000000
1221.68,293.559,00000000
1221.69,293.115,00000000
1221.7,289.566,00000000
1221.71,289.566,00000000
1221.72,289.566,00000000
1221.73,286.462,00000000
1221.74,283.360,00000000
1221.75,283.803,00000000
1221.76,286.462,00000000
1221.77,284.246,00000000
1221.78,285.132,00000000
1221.79,283.803,00000000
1221.8,281.145,00000000
1221.81,278.488,00000000
1221.82,278.488,00000000
1221.83,277.160,00000000
1221.84,274.505,00000000
1221.85,275.390,00000000
1221.86,276.718,00000000
1221.87,276.275,00000000
1221.88,278.045,00000000
1221.89,277.160,00000000
1221.9,279.374,00000000
1221.91,280.259,00000000
1221.92,279.374,00000000
1221.93,280.702,00000000
1221.94,281.588,00000000
1221.95,281.588,00000000
1221.96,278.931,00000000
1221.97,278.488,00000000
1221.98,278.045,00000000
1221.99,275.832,00000000
1222,274.063,00000000
1222.01,272.736,00000000
1222.02,273.178,00000000
1222.03,274.505,00000000
1222.04,276.718,00000000
1222.05,278.931,00000000
1222.06,277.603,00000000
1222.07,279.374,00000000
1222.08,278.488,00000000
1222.09,278.931,00000000
1222.1,278.488,00000000
1222.11,277.603,00000000
1222.12,277.160,00000000
1222.13,275.832,00000000
1222.14,274.505,00000000
1222.15,272.736,00000000
1222.16,271.851,00000000
1222.17,273.178,00000000
1222.18,274.063,00000000
1222.19,276.718,00000000
1222.2,274.948,00000000
1222.21,275.390,00000000
1222.22,276.718,00000000
1222.23,275.832,00000000
1222.24,274.505,00000000
1222.25,272.736,00000000
1222.26,271.851,00000000
1222.27,271.409,00000000
1222.28,271.851,00000000
1222.29,271.409,00000000
1222.3,267.431,00000000
1222.31,268.315,00000000
1222.32,270.525,00000000
1222.33,268.315,00000000
1222.34,267.873,00000000
1222.35,268.757,00000000
1222.36,269.199,00000000
1222.37,273.178,00000000
1222.38,272.736,00000000
1222.39,274.063,00000000
1222.4,272.736,00000000
1222.41,273.178,00000000
1222.42,270.083,00000000
1222.43,268.757,00000000
1222.44,267.873,00000000
1222.45,267.873,00000000
1222.46,266.105,00000000
1222.47,268.315,00000000
1222.48,270.967,00000000
1222.49,274.948,00000000
1222.5,273.620,00000000
1222.51,271.851,00000000
1222.52,270.967,00000000
1222.53,270.525,00000000
1222.54,267.431,00000000
1222.55,267.873,00000000
1222.56,266.989,00000000
1222.57,266.989,00000000
1222.58,265.222,00000000
1222.59,265.664,00000000
1222.6,265.664,00000000
1222.61,267.873,00000000
1222.62,264.780,00000000
1222.63,263.014,00000000
1222.64,263.897,00000000
1222.65,263.897,00000000
1222.66,265.664,00000000
1222.67,265.222,00000000
1222.68,263.455,00000000
1222.69,263.897,00000000
1222.7,260.365,00000000
1222.71,259.041,00000000
1222.72,256.394,00000000
1222.73,259.041,00000000
1222.74,258.600,00000000
1222.75,259.041,00000000
1222.76,259.924,00000000
1222.77,261.689,00000000
1222.78,261.248,00000000
1222.79,259.482,00000000
1222.8,258.600,00000000
1222.81,255.953,00000000
1222.82,257.276,00000000
1222.83,258.159,00000000
1222.84,260.365,00000000
1222.85,261.689,00000000
1222.86,261.689,00000000
1222.87,260.365,00000000
1222.88,260.365,00000000
1222.89,259.041,00000000
1222.9,258.600,00000000
1222.91,263.014,00000000
1222.92,265.222,00000000
1222.93,265.664,00000000
1222.94,263.897,00000000
1222.95,264.338,00000000
1222.96,261.248,00000000
1222.97,258.600,00000000
1222.98,259.041,00000000
1222.99,255.071,00000000
1223,257.276,00000000
1223.01,257.276,00000000
1223.02,259.041,00000000
1223.03,259.924,00000000
1223.04,259.482,00000000
1223.05,260.365,00000000
1223.06,258.159,00000000
1223.07,257.717,00000000
1223.08,260.365,00000000
1223.09,262.572,00000000
1223.1,263.014,00000000
1223.11,266.989,00000000
1223.12,265.664,00000000
1223.13,265.664,00000000
1223.14,260.806,00000000
1223.15,257.276,00000000
1223.16,256.394,00000000
1223.17,256.394,00000000
1223.18,253.308,00000000
1223.19,252.867,00000000
1223.2,257.717,00000000
1223.21,256.835,00000000
1223.22,257.717,00000000
1223.23,258.600,00000000
1223.24,260.365,00000000
1223.25,260.365,00000000
1223.26,259.482,00000000
1223.27,259.924,00000000
1223.28,256.835,00000000
1223.29,256.835,00000000
1223.3,255.071,00000000
1223.31,255.953,00000000
1223.32,256.835,00000000
1223.33,260.365,00000000
1223.34,260.806,00000000
1223.35,259.482,00000000
1223.36,257.717,00000000
1223.37,257.276,00000000
1223.38,255.512,00000000
1223.39,256.835,00000000
1223.4,257.717,00000000
1223.41,259.041,00000000
1223.42,256.394,00000000
1223.43,252.867,00000000
1223.44,254.189,00000000
1223.45,255.071,00000000
1223.46,256.394,00000000
1223.47,256.394,00000000
1223.48,259.041,00000000
1223.49,259.041,00000000
1223.5,260.806,00000000
1223.51,260.365,00000000
1223.52,257.276,00000000
1223.53,256.394,00000000
1223.54,255.953,00000000
1223.55,257.276,00000000
1223.56,257.276,00000000
1223.57,255.071,00000000
1223.58,255.071,00000000
1223.59,255.512,00000000
1223.6,255.512,00000000
1223.61,253.748,00000000
1223.62,253.308,00000000
1223.63,255.512,00000000
1223.64,257.717,00000000
1223.65,258.159,00000000
1223.66,259.041,00000000
1223.67,255.071,00000000
1223.68,255.071,00000000
1223.69,255.953,00000000
1223.7,254.189,00000000
1223.71,254.630,00000000
1223.72,254.630,00000000
1223.73,253.748,00000000
1223.74,255.512,00000000
1223.75,256.835,00000000
1223.76,256.835,00000000
1223.77,256.394,00000000
1223.78,255.071,00000000
1223.79,257.717,00000000
1223.8,257.276,00000000
1223.81,259.924,00000000
1223.82,268.315,00000000
1223.83,294.447,00000000
1223.84,296.667,00000000
1223.85,295.779,00000000
1223.86,294.003,00000000
1223.87,296.223,00000000
1223.88,294.447,00000000
1223.89,297.111,00000000
1223.9,295.779,00000000
1223.91,292.228,00000000
1223.92,291.341,00000000
1223.93,290.897,00000000
1223.94,290.453,00000000
1223.95,289.123,00000000
1223.96,288.236,00000000
1223.97,289.566,00000000
1223.98,288.679,00000000
1223.99,287.349,00000000
1224,288.236,00000000
1224.01,288.679,00000000
1224.02,290.010,00000000
1224.03,290.010,00000000
1224.04,292.228,00000000
1224.05,291.341,00000000
1224.06,291.341,00000000
1224.07,289.123,00000000
1224.08,285.132,00000000
1224.09,283.360,00000000
1224.1,282.474,00000000
1224.11,282.474,00000000
1224.12,279.816,00000000
1224.13,280.259,00000000
1224.14,281.588,00000000
1224.15,280.259,00000000
1224.16,282.031,00000000
1224.17,278.931,00000000
1224.18,278.488,00000000
1224.19,275.390,00000000
1224.2,276.275,00000000
1224.21,279.374,00000000
1224.22,279.374,00000000
1224.23,276.275,00000000
1224.24,276.275,00000000
1224.25,275.832,00000000
1224.26,277.160,00000000
1224.27,278.045,00000000
1224.28,278.045,00000000
1224.29,319.357,00000000
1224.3,397.417,00000000
1224.31,401.482,00000000
1224.32,398.320,00000000
1224.33,391.099,00000000
1224.34,383.887,00000000
1224.35,377.133,00000000
1224.36,373.534,00000000
1224.37,367.690,00000000
1224.38,363.199,00000000
1224.39,358.710,00000000
1224.4,354.226,00000000
1224.41,350.192,00000000
1224.42,348.848,00000000
1224.43,346.609,00000000
1224.44,343.475,00000000
1224.45,342.133,00000000
1224.46,339.002,00000000
1224.47,337.660,00000000
1224.48,341.238,00000000
1224.49,340.791,00000000
1224.5,341.238,00000000
1224.51,337.213,00000000
1224.52,330.957,00000000
1224.53,326.047,00000000
1224.54,324.262,00000000
1224.55,321.586,00000000
1224.56,323.370,00000000
1224.57,323.370,00000000
1224.58,322.478,00000000
1224.59,322.478,00000000
1224.6,324.708,00000000
1224.61,322.924,00000000
1224.62,321.140,00000000
1224.63,319.803,00000000
1224.64,318.465,00000000
1224.65,315.347,00000000
1224.66,315.347,00000000
1224.67,315.792,00000000
1224.68,311.784,00000000
1224.69,311.784,00000000
1224.7,310.449,00000000
1224.71,309.559,00000000
1224.72,310.449,00000000
1224.73,310.894,00000000
1224.74,310.894,00000000
1224.75,310.004,00000000
1224.76,307.334,00000000
1224.77,303.776,00000000
1224.78,304.221,00000000
1224.79,302.442,00000000
1224.8,302.887,00000000
1224.81,302.887,00000000
1224.82,302.442,00000000
1224.83,304.221,00000000
1224.84,302.442,00000000
1224.85,300.665,00000000
1224.86,299.332,00000000
1224.87,299.332,00000000
1224.88,299.332,00000000
1224.89,301.554,00000000
1224.9,303.776,00000000
1224.91,301.998,00000000
1224.92,297.555,00000000
1224.93,295.779,00000000
1224.94,295.335,00000000
1224.95,294.447,00000000
1224.96,293.115,00000000
1224.97,294.447,00000000
1224.98,295.779,00000000
1224.99,294.003,00000000
1225,293.115,00000000
1225.01,291.341,00000000
1225.02,290.453,00000000
1225.03,292.228,00000000
1225.04,290.897,00000000
1225.05,288.679,00000000
1225.06,292.228,00000000
1225.07,293.115,00000000
1225.08,294.003,00000000
1225.09,293.559,00000000
1225.1,293.115,00000000
1225.11,293.559,00000000
1225.12,294.447,00000000
1225.13,291.341,00000000
1225.14,294.447,00000000
1225.15,293.559,00000000
1225.16,292.228,00000000
1225.17,288.679,00000000
1225.18,288.236,00000000
1225.19,288.236,00000000
1225.2,286.906,00000000
1225.21,286.019,00000000
1225.22,288.236,00000000
1225.23,286.462,00000000
1225.24,286.019,00000000
1225.25,285.576,00000000
1225.26,283.803,00000000
1225.27,284.246,00000000
1225.28,287.349,00000000
1225.29,289.123,00000000
1225.3,289.566,00000000
1225.31,290.453,00000000
1225.32,289.123,00000000
1225.33,288.679,00000000
1225.34,286.019,00000000
1225.35,284.689,00000000
1225.36,284.246,00000000
1225.37,283.360,00000000
1225.38,279.816,00000000
1225.39,280.702,00000000
1225.4,279.816,00000000
1225.41,278.931,00000000
1225.42,278.931,00000000
1225.43,277.603,00000000
1225.44,275.832,00000000
1225.45,275.390,00000000
1225.46,274.948,00000000
1225.47,273.620,00000000
1225.48,275.390,00000000
1225.49,274.505,00000000
1225.5,275.832,00000000
1225.51,274.505,00000000
1225.52,275.390,00000000
1225.53,274.505,00000000
1225.54,270.967,00000000
1225.55,271.851,00000000
1225.56,271.409,00000000
1225.57,270.967,00000000
1225.58,270.083,00000000
1225.59,270.525,00000000
1225.6,271.409,00000000
1225.61,271.409,00000000
1225.62,269.641,00000000
1225.63,270.967,00000000
1225.64,273.178,00000000
1225.65,273.178,00000000
1225.66,273.620,00000000
1225.67,273.178,00000000
1225.68,272.293,00000000
1225.69,272.736,00000000
1225.7,271.851,00000000
1225.71,270.083,00000000
1225.72,269.199,00000000
1225.73,270.083,00000000
1225.74,270.525,00000000
1225.75,270.525,00000000
1225.76,270.083,00000000
1225.77,270.967,00000000
1225.78,274.063,00000000
1225.79,273.178,00000000
1225.8,274.505,00000000
1225.81,270.967,00000000
1225.82,269.641,00000000
1225.83,268.757,00000000
1225.84,269.641,00000000
1225.85,268.757,00000000
1225.86,268.315,00000000
1225.87,268.757,00000000
1225.88,265.664,00000000
1225.89,263.014,00000000
1225.9,263.897,00000000
1225.91,265.222,00000000
1225.92,267.431,00000000
1225.93,268.757,00000000
1225.94,267.431,00000000
1225.95,267.873,00000000
1225.96,267.431,00000000
1225.97,263.897,00000000
1225.98,263.455,00000000
1225.99,263.014,00000000
1226,263.455,00000000
1226.01,264.338,00000000
1226.02,263.897,00000000
1226.03,264.338,00000000
1226.04,261.689,00000000
1226.05,259.924,00000000
1226.06,263.897,00000000
1226.07,266.989,00000000
1226.08,268.315,00000000
1226.09,268.315,00000000
1226.1,265.664,00000000
1226.11,266.547,00000000
1226.12,263.455,00000000
1226.13,263.014,00000000
1226.14,260.365,00000000
1226.15,264.338,00000000
1226.16,265.222,00000000
1226.17,265.222,00000000
1226.18,263.455,00000000
1226.19,260.365,00000000
1226.2,258.600,00000000
1226.21,258.600,00000000
1226.22,261.248,00000000
1226.23,262.572,00000000
1226.24,261.248,00000000
1226.25,265.222,00000000
1226.26,264.338,00000000
1226.27,259.041,00000000
1226.28,260.806,00000000
1226.29,257.717,00000000
1226.3,257.717,00000000
1226.31,259.482,00000000
1226.32,258.159,00000000
1226.33,259.041,00000000
1226.34,257.717,00000000
1226.35,258.600,00000000
1226.36,259.924,00000000
1226.37,260.365,00000000
1226.38,257.276,00000000
1226.39,257.717,00000000
1226.4,256.835,00000000
1226.41,256.835,00000000
1226.42,255.512,00000000
1226.43,252.426,00000000
1226.44,254.630,00000000
1226.45,258.600,00000000
1226.46,259.041,00000000
1226.47,259.482,00000000
1226.48,259.482,00000000
1226.49,259.041,00000000
1226.5,260.806,00000000
1226.51,261.689,00000000
1226.52,262.572,00000000
1226.53,260.365,00000000
1226.54,259.924,00000000
1226.55,260.365,00000000
1226.56,259.041,00000000
1226.57,257.276,00000000
1226.58,257.276,00000000
1226.59,259.041,00000000
1226.6,260.365,00000000
1226.61,260.806,00000000
1226.62,259.482,00000000
1226.63,259.924,00000000
1226.64,261.689,00000000
1226.65,261.248,00000000
1226.66,261.689,00000000
1226.67,260.806,00000000
1226.68,259.924,00000000
1226.69,259.924,00000000
1226.7,258.159,00000000
1226.71,257.276,00000000
1226.72,256.394,00000000
1226.73,256.835,00000000
1226.74,256.394,00000000
1226.75,259.041,00000000
1226.76,262.131,00000000
1226.77,262.131,00000000
1226.78,262.131,00000000
1226.79,262.572,00000000
1226.8,259.041,00000000
1226.81,255.512,00000000
1226.82,252.867,00000000
1226.83,252.867,00000000
1226.84,251.985,00000000
1226.85,252.867,00000000
1226.86,255.953,00000000
1226.87,255.953,00000000
1226.88,255.512,00000000
1226.89,254.189,00000000
1226.9,256.394,00000000
1226.91,257.717,00000000
1226.92,259.482,00000000
1226.93,260.806,00000000
1226.94,259.924,00000000
1226.95,255.953,00000000
1226.96,254.630,00000000
1226.97,253.308,00000000
1226.98,251.104,00000000
1226.99,251.545,00000000
1227,253.748,00000000
1227.01,255.512,00000000
1227.02,258.159,00000000
1227.03,259.041,00000000
1227.04,256.835,00000000
1227.05,254.630,00000000
1227.06,253.308,00000000
1227.07,255.953,00000000
1227.08,256.394,00000000
1227.09,257.717,00000000
1227.1,257.717,00000000
1227.11,257.276,00000000
1227.12,257.276,00000000
1227.13,256.394,00000000
1227.14,256.394,00000000
1227.15,259.041,00000000
1227.16,259.041,00000000
1227.17,261.689,00000000
1227.18,261.248,00000000
1227.19,262.131,00000000
1227.2,260.806,00000000
1227.21,259.482,00000000
1227.22,258.600,00000000
1227.23,257.717,00000000
1227.24,258.159,00000000
1227.25,258.600,00000000
1227.26,256.835,00000000
1227.27,258.159,00000000
1227.28,255.512,00000000
1227.29,254.630,00000000
1227.3,253.748,00000000
1227.31,252.426,00000000
1227.32,253.748,00000000
1227.33,254.189,00000000
1227.34,252.867,00000000
1227.35,255.512,00000000
1227.36,255.071,00000000
1227.37,257.276,00000000
1227.38,259.924,00000000
1227.39,260.365,00000000
1227.4,260.806,00000000
1227.41,259.482,00000000
1227.42,260.806,00000000
1227.43,260.806,00000000
1227.44,260.365,00000000
1227.45,259.041,00000000
1227.46,257.276,00000000
1227.47,257.717,00000000
1227.48,259.924,00000000
1227.49,256.394,00000000
1227.5,255.071,00000000
1227.51,254.630,00000000
1227.52,255.512,00000000
1227.53,256.835,00000000
1227.54,257.717,00000000
1227.55,257.276,00000000
1227.56,257.276,00000000
1227.57,256.394,00000000
1227.58,258.159,00000000
1227.59,258.159,00000000
1227.6,256.835,00000000
1227.61,255.071,00000000
1227.62,254.630,00000000
1227.63,254.630,00000000
1227.64,253.308,00000000
1227.65,251.545,00000000
1227.66,248.901,00000000
1227.67,250.663,00000000
1227.68,251.985,00000000
1227.69,253.308,00000000
1227.7,255.071,00000000
1227.71,253.308,00000000
1227.72,250.223,00000000
1227.73,249.782,00000000
1227.74,248.460,00000000
1227.75,248.460,00000000
1227.76,248.901,00000000
1227.77,248.901,00000000
1227.78,251.545,00000000
1227.79,251.104,00000000
1227.8,250.223,00000000
1227.81,250.223,00000000
1227.82,252.426,00000000
1227.83,251.545,00000000
1227.84,252.867,00000000
1227.85,250.223,00000000
1227.86,250.223,00000000
1227.87,251.985,00000000
1227.88,251.104,00000000
1227.89,251.545,00000000
1227.9,253.308,00000000
1227.91,254.630,00000000
1227.92,254.630,00000000
1227.93,256.835,00000000
1227.94,255.953,00000000
1227.95,259.041,00000000
1227.96,256.835,00000000
1227.97,257.717,00000000
1227.98,258.600,00000000
1227.99,256.394,00000000
1228,256.394,00000000
1228.01,257.717,00000000
1228.02,257.717,00000000
1228.03,255.071,00000000
1228.04,255.071,00000000
1228.05,251.104,00000000
1228.06,251.104,00000000
1228.07,253.748,00000000
1228.08,254.189,00000000
1228.09,257.276,00000000
1228.1,258.600,00000000
1228.11,261.689,00000000
1228.12,261.689,00000000
1228.13,259.041,00000000
1228.14,258.600,00000000
1228.15,257.276,00000000
1228.16,257.276,00000000
1228.17,253.748,00000000
1228.18,255.512,00000000
1228.19,254.630,00000000
1228.2,254.630,00000000
1228.21,255.071,00000000
1228.22,256.835,00000000
1228.23,255.071,00000000
1228.24,256.394,00000000
1228.25,259.041,00000000
1228.26,259.482,00000000
1228.27,259.482,00000000
1228.28,267.873,00000000
1228.29,371.286,00000000
1228.3,381.184,00000000
1228.31,376.233,00000000
1228.32,370.836,00000000
1228.33,363.648,00000000
1228.34,357.365,00000000
1228.35,351.536,00000000
1228.36,345.266,00000000
1228.37,337.660,00000000
1228.38,330.957,00000000
1228.39,328.278,00000000
1228.4,325.601,00000000
1228.41,320.248,00000000
1228.42,316.238,00000000
1228.43,314.010,00000000
1228.44,312.229,00000000
1228.45,316.238,00000000
1228.46,316.683,00000000
1228.47,315.792,00000000
1228.48,314.010,00000000
1228.49,312.674,00000000
1228.5,308.224,00000000
1228.51,308.669,00000000
1228.52,308.224,00000000
1228.53,308.224,00000000
1228.54,306.889,00000000
1228.55,306.889,00000000
1228.56,306.889,00000000
1228.57,306.889,00000000
1228.58,307.334,00000000
1228.59,306.889,00000000
1228.6,305.999,00000000
1228.61,306.889,00000000
1228.62,308.669,00000000
1228.63,309.559,00000000
1228.64,311.339,00000000
1228.65,312.674,00000000
1228.66,311.339,00000000
1228.67,310.449,00000000
1228.68,306.444,00000000
1228.69,305.110,00000000
1228.7,302.887,00000000
1228.71,302.442,00000000
1228.72,303.331,00000000
1228.73,301.998,00000000
1228.74,300.665,00000000
1228.75,299.332,00000000
1228.76,297.111,00000000
1228.77,294.891,00000000
1228.78,296.223,00000000
1228.79,298.443,00000000
1228.8,298.443,00000000
1228.81,298.888,00000000
1228.82,297.111,00000000
1228.83,295.779,00000000
1228.84,292.228,00000000
1228.85,288.236,00000000
1228.86,287.349,00000000
1228.87,289.566,00000000
1228.88,289.123,00000000
1228.89,290.010,00000000
1228.9,289.123,00000000
1228.91,288.236,00000000
1228.92,287.792,00000000
1228.93,288.679,00000000
1228.94,290.897,00000000
1228.95,289.123,00000000
1228.96,287.792,00000000
1228.97,288.236,00000000
1228.98,290.897,00000000
1228.99,286.906,00000000
1229,285.576,00000000
1229.01,284.689,00000000
1229.02,285.132,00000000
1229.03,284.689,00000000
1229.04,282.474,00000000
1229.05,282.917,00000000
1229.06,283.360,00000000
1229.07,282.917,00000000
1229.08,280.702,00000000
1229.09,281.145,00000000
1229.1,283.803,00000000
1229.11,279.816,00000000
1229.12,277.160,00000000
1229.13,274.505,00000000
1229.14,274.505,00000000
1229.15,276.718,00000000
1229.16,280.702,00000000
1229.17,282.917,00000000
1229.18,283.803,00000000
1229.19,282.474,00000000
1229.2,279.816,00000000
1229.21,280.702,00000000
1229.22,282.917,00000000
1229.23,282.031,00000000
1229.24,278.488,00000000
1229.25,276.275,00000000
1229.26,273.620,00000000
1229.27,273.620,00000000
1229.28,274.948,00000000
1229.29,274.505,00000000
1229.3,274.063,00000000
1229.31,272.293,00000000
1229.32,273.178,00000000
1229.33,276.275,00000000
1229.34,276.718,00000000
1229.35,277.603,00000000
1229.36,276.275,00000000
1229.37,274.505,00000000
1229.38,272.293,00000000
1229.39,268.757,00000000
1229.4,268.315,00000000
1229.41,271.851,00000000
1229.42,272.293,00000000
1229.43,272.736,00000000
1229.44,274.505,00000000
1229.45,273.178,00000000
1229.46,272.293,00000000
1229.47,272.736,00000000
1229.48,270.967,00000000
1229.49,270.525,00000000
1229.5,271.409,00000000
1229.51,269.641,00000000
1229.52,266.989,00000000
1229.53,267.873,00000000
1229.54,268.757,00000000
1229.55,267.873,00000000
1229.56,266.547,00000000
1229.57,267.873,00000000
1229.58,268.757,00000000
1229.59,267.873,00000000
1229.6,267.873,00000000
1229.61,265.222,00000000
1229.62,268.315,00000000
1229.63,269.641,00000000
1229.64,270.525,00000000
1229.65,270.967,00000000
1229.66,272.293,00000000
1229.67,272.293,00000000
1229.68,272.736,00000000
1229.69,268.757,00000000
1229.7,266.105,00000000
1229.71,264.780,00000000
1229.72,266.989,00000000
1229.73,266.989,00000000
1229.74,266.105,00000000
1229.75,264.780,00000000
1229.76,264.780,00000000
1229.77,268.757,00000000
1229.78,268.757,00000000
1229.79,266.547,00000000
1229.8,267.431,00000000
1229.81,267.431,00000000
1229.82,266.989,00000000
1229.83,265.664,00000000
1229.84,264.780,00000000
1229.85,264.780,00000000
1229.86,265.664,00000000
1229.87,266.989,00000000
1229.88,267.873,00000000
1229.89,267.873,00000000
1229.9,266.105,00000000
1229.91,263.897,00000000
1229.92,261.248,00000000
1229.93,260.806,00000000
1229.94,262.572,00000000
1229.95,263.014,00000000
1229.96,263.455,00000000
1229.97,268.315,00000000
1229.98,270.083,00000000
1229.99,267.873,00000000
1230,267.873,00000000
1230.01,264.780,00000000
1230.02,263.455,00000000
1230.03,264.338,00000000
1230.04,262.131,00000000
1230.05,263.014,00000000
1230.06,263.455,00000000
1230.07,262.572,00000000
1230.08,259.041,00000000
1230.09,257.276,00000000
1230.1,256.394,00000000
1230.11,257.276,00000000
1230.12,258.159,00000000
1230.13,260.806,00000000
1230.14,260.365,00000000
1230.15,259.924,00000000
1230.16,259.924,00000000
1230.17,260.806,00000000
1230.18,262.131,00000000
1230.19,260.365,00000000
1230.2,260.365,00000000
1230.21,259.482,00000000
1230.22,258.600,00000000
1230.23,260.365,00000000
1230.24,263.455,00000000
1230.25,264.780,00000000
1230.26,263.014,00000000
1230.27,264.338,00000000
1230.28,262.131,00000000
1230.29,261.689,00000000
1230.3,262.131,00000000
1230.31,259.041,00000000
1230.32,258.600,00000000
1230.33,258.600,00000000
1230.34,257.276,00000000
1230.35,257.276,00000000
1230.36,256.835,00000000
1230.37,261.248,00000000
1230.38,262.572,00000000
1230.39,262.131,00000000
1230.4,258.600,00000000
1230.41,255.953,00000000
1230.42,255.071,00000000
1230.43,258.159,00000000
1230.44,258.600,00000000
1230.45,258.600,00000000
1230.46,259.041,00000000
1230.47,255.953,00000000
1230.48,255.071,00000000
1230.49,254.189,00000000
1230.5,253.748,00000000
1230.51,252.426,00000000
1230.52,253.308,00000000
1230.53,255.512,00000000
1230.54,255.071,00000000
1230.55,255.071,00000000
1230.56,257.276,00000000
1230.57,255.953,00000000
1230.58,253.748,00000000
1230.59,253.308,00000000
1230.6,254.189,00000000
1230.61,255.512,00000000
1230.62,257.276,00000000
1230.63,255.953,00000000
1230.64,255.071,00000000
1230.65,255.512,00000000
1230.66,255.953,00000000
1230.67,254.630,00000000
1230.68,254.189,00000000
1230.69,252.867,00000000
1230.7,252.867,00000000
1230.71,255.071,00000000
1230.72,253.748,00000000
1230.73,255.071,00000000
1230.74,254.189,00000000
1230.75,251.985,00000000
1230.76,253.748,00000000
1230.77,254.630,00000000
1230.78,258.159,00000000
1230.79,258.159,00000000
1230.8,259.482,00000000
1230.81,259.482,00000000
1230.82,258.600,00000000
1230.83,259.041,00000000
1230.84,257.717,00000000
1230.85,257.276,00000000
1230.86,256.394,00000000
1230.87,255.953,00000000
1230.88,254.189,00000000
1230.89,252.867,00000000
1230.9,251.104,00000000
1230.91,252.867,00000000
1230.92,255.071,00000000
1230.93,255.512,00000000
1230.94,256.394,00000000
1230.95,254.630,00000000
1230.96,256.394,00000000
1230.97,254.189,00000000
1230.98,252.867,00000000
1230.99,251.104,00000000
1231,251.104,00000000
1231.01,252.426,00000000
1231.02,251.104,00000000
1231.03,249.782,00000000
1231.04,254.630,00000000
1231.05,258.600,00000000
1231.06,258.600,00000000
1231.07,256.394,00000000
1231.08,252.867,00000000
1231.09,251.985,00000000
1231.1,251.104,00000000
1231.11,251.104,00000000
1231.12,251.545,00000000
1231.13,252.426,00000000
1231.14,252.867,00000000
1231.15,251.985,00000000
1231.16,255.953,00000000
1231.17,255.071,00000000
1231.18,255.953,00000000
1231.19,254.189,00000000
1231.2,255.071,00000000
1231.21,251.545,00000000
1231.22,252.867,00000000
1231.23,251.985,00000000
1231.24,254.189,00000000
1231.25,254.189,00000000
1231.26,254.189,00000000
1231.27,255.512,00000000
1231.28,257.276,00000000
1231.29,258.159,00000000
1231.3,256.835,00000000
1231.31,253.308,00000000
1231.32,254.189,00000000
1231.33,254.189,00000000
1231.34,253.308,00000000
1231.35,253.308,00000000
1231.36,254.630,00000000
1231.37,257.276,00000000
1231.38,257.276,00000000
1231.39,256.394,00000000
1231.4,255.512,00000000
1231.41,255.953,00000000
1231.42,253.308,00000000
1231.43,254.189,00000000
1231.44,256.394,00000000
1231.45,255.071,00000000
1231.46,256.394,00000000
1231.47,256.394,00000000
1231.48,257.276,00000000
1231.49,258.600,00000000
1231.5,259.482,00000000
1231.51,262.131,00000000
1231.52,258.600,00000000
1231.53,258.159,00000000
1231.54,256.835,00000000
1231.55,257.276,00000000
1231.56,254.630,00000000
1231.57,254.630,00000000
1231.58,257.276,00000000
1231.59,254.630,00000000
1231.6,255.512,00000000
1231.61,253.308,00000000
1231.62,256.394,00000000
1231.63,259.041,00000000
1231.64,259.041,00000000
1231.65,257.276,00000000
1231.66,255.071,00000000
1231.67,254.630,00000000
1231.68,251.545,00000000
1231.69,250.223,00000000
1231.7,250.663,00000000
1231.71,251.985,00000000
1231.72,255.512,00000000
1231.73,254.630,00000000
1231.74,255.512,00000000
1231.75,254.630,00000000
1231.76,253.308,00000000
1231.77,251.985,00000000
1231.78,252.867,00000000
1231.79,253.748,00000000
1231.8,255.512,00000000
1231.81,257.276,00000000
1231.82,255.512,00000000
1231.83,255.953,00000000
1231.84,255.071,00000000
1231.85,253.308,00000000
1231.86,254.189,00000000
1231.87,255.512,00000000
1231.88,255.953,00000000
1231.89,259.482,00000000
1231.9,258.600,00000000
1231.91,259.924,00000000
1231.92,260.365,00000000
1231.93,259.041,00000000
1231.94,258.159,00000000
1231.95,258.159,00000000
1231.96,257.276,00000000
1231.97,255.512,00000000
1231.98,251.545,00000000
1231.99,252.867,00000000
1232,253.748,00000000
1232.01,251.545,00000000
1232.02,251.985,00000000
1232.03,354.226,00000000
1232.04,374.883,00000000
1232.05,375.333,00000000
1232.06,373.534,00000000
1232.07,365.893,00000000
1232.08,362.750,00000000
1232.09,359.608,00000000
1232.1,355.571,00000000
1232.11,351.536,00000000
1232.12,344.370,00000000
1232.13,337.213,00000000
1232.14,331.404,00000000
1232.15,328.725,00000000
1232.16,324.262,00000000
1232.17,321.140,00000000
1232.18,324.708,00000000
1232.19,320.694,00000000
1232.2,322.032,00000000
1232.21,321.586,00000000
1232.22,318.465,00000000
1232.23,315.792,00000000
1232.24,316.683,00000000
1232.25,314.901,00000000
1232.26,316.238,00000000
1232.27,316.683,00000000
1232.28,314.010,00000000
1232.29,310.894,00000000
1232.3,311.784,00000000
1232.31,310.004,00000000
1232.32,310.449,00000000
1232.33,312.229,00000000
1232.34,314.010,00000000
1232.35,310.449,00000000
1232.36,308.224,00000000
1232.37,306.444,00000000
1232.38,306.889,00000000
1232.39,305.999,00000000
1232.4,304.221,00000000
1232.41,301.998,00000000
1232.42,301.554,00000000
1232.43,299.776,00000000
1232.44,297.111,00000000
1232.45,295.335,00000000
1232.46,296.223,00000000
1232.47,297.111,00000000
1232.48,296.223,00000000
1232.49,295.335,00000000
1232.5,296.223,00000000
1232.51,293.115,00000000
1232.52,295.335,00000000
1232.53,297.999,00000000
1232.54,297.999,00000000
1232.55,298.443,00000000
1232.56,297.555,00000000
1232.57,298.888,00000000
1232.58,298.443,00000000
1232.59,297.999,00000000
1232.6,297.111,00000000
1232.61,295.779,00000000
1232.62,292.228,00000000
1232.63,290.010,00000000
1232.64,286.906,00000000
1232.65,286.019,00000000
1232.66,285.576,00000000
1232.67,285.132,00000000
1232.68,284.246,00000000
1232.69,283.360,00000000
1232.7,282.917,00000000
1232.71,282.031,00000000
1232.72,279.816,00000000
1232.73,278.931,00000000
1232.74,279.816,00000000
1232.75,281.145,00000000
1232.76,282.917,00000000
1232.77,283.360,00000000
1232.78,284.689,00000000
1232.79,282.917,00000000
1232.8,280.702,00000000
1232.81,279.374,00000000
1232.82,279.816,00000000
1232.83,277.160,00000000
1232.84,278.488,00000000
1232.85,275.832,00000000
1232.86,277.160,00000000
1232.87,278.931,00000000
1232.88,279.816,00000000
1232.89,281.588,00000000
1232.9,280.702,00000000
1232.91,282.031,00000000
1232.92,281.588,00000000
1232.93,280.259,00000000
1232.94,278.931,00000000
1232.95,278.488,00000000
1232.96,278.488,00000000
1232.97,280.259,00000000
1232.98,280.259,00000000
1232.99,278.488,00000000
1233,276.718,00000000
1233.01,275.390,00000000
1233.02,274.948,00000000
1233.03,277.160,00000000
1233.04,278.045,00000000
1233.05,277.160,00000000
1233.06,274.948,00000000
1233.07,272.736,00000000
1233.08,276.718,00000000
1233.09,278.045,00000000
1233.1,278.488,00000000
1233.11,278.045,00000000
1233.12,275.832,00000000
1233.13,273.620,00000000
1233.14,273.178,00000000
1233.15,270.083,00000000
1233.16,268.757,00000000
1233.17,264.780,00000000
1233.18,267.431,00000000
1233.19,268.315,00000000
1233.2,270.967,00000000
1233.21,272.736,00000000
1233.22,274.063,00000000
1233.23,276.718,00000000
1233.24,276.275,00000000
1233.25,277.160,00000000
1233.26,275.390,00000000
1233.27,272.736,00000000
1233.28,271.409,00000000
1233.29,269.641,00000000
1233.3,269.641,00000000
1233.31,269.199,00000000
1233.32,269.199,00000000
1233.33,270.967,00000000
1233.34,270.967,00000000
1233.35,271.851,00000000
1233.36,270.525,00000000
1233.37,266.989,00000000
1233.38,264.780,00000000
1233.39,264.780,00000000
1233.4,263.014,00000000
1233.41,263.897,00000000
1233.42,266.989,00000000
1233.43,269.199,00000000
1233.44,267.431,00000000
1233.45,266.989,00000000
1233.46,267.873,00000000
1233.47,266.989,00000000
1233.48,271.409,00000000
1233.49,269.641,00000000
1233.5,267.873,00000000
1233.51,267.431,00000000
1233.52,269.641,00000000
1233.53,266.105,00000000
1233.54,265.664,00000000
1233.55,263.455,00000000
1233.56,260.365,00000000
1233.57,260.365,00000000
1233.58,258.600,00000000
1233.59,256.835,00000000
1233.6,258.159,00000000
1233.61,257.717,00000000
1233.62,258.600,00000000
1233.63,260.365,00000000
1233.64,262.131,00000000
1233.65,262.131,00000000
1233.66,263.897,00000000
1233.67,264.780,00000000
1233.68,263.897,00000000
1233.69,263.014,00000000
1233.7,262.572,00000000
1233.71,259.041,00000000
1233.72,259.041,00000000
1233.73,259.041,00000000
1233.74,259.924,00000000
1233.75,262.572,00000000
1233.76,262.131,00000000
1233.77,262.131,00000000
1233.78,263.897,00000000
1233.79,267.873,00000000
1233.8,267.431,00000000
1233.81,268.315,00000000
1233.82,269.199,00000000
1233.83,266.989,00000000
1233.84,265.664,00000000
1233.85,263.897,00000000
1233.86,264.338,00000000
1233.87,261.248,00000000
1233.88,263.455,00000000
1233.89,263.897,00000000
1233.9,263.455,00000000
1233.91,263.455,00000000
1233.92,261.689,00000000
1233.93,263.455,00000000
1233.94,263.455,00000000
1233.95,263.014,00000000
1233.96,261.689,00000000
1233.97,260.806,00000000
1233.98,260.365,00000000
1233.99,260.806,00000000
1234,261.248,00000000
1234.01,261.689,00000000
1234.02,260.806,00000000
1234.03,261.689,00000000
1234.04,262.131,00000000
1234.05,262.131,00000000
1234.06,262.131,00000000
1234.07,260.365,00000000
1234.08,259.041,00000000
1234.09,254.630,00000000
1234.1,255.071,00000000
1234.11,253.748,00000000
1234.12,254.630,00000000
1234.13,259.041,00000000
1234.14,258.600,00000000
1234.15,258.600,00000000
1234.16,259.924,00000000
1234.17,260.806,00000000
1234.18,259.482,00000000
1234.19,257.276,00000000
1234.2,257.276,00000000
1234.21,258.159,00000000
1234.22,257.717,00000000
1234.23,257.276,00000000
1234.24,256.835,00000000
1234.25,258.159,00000000
1234.26,257.276,00000000
1234.27,257.276,00000000
1234.28,254.630,00000000
1234.29,255.071,00000000
1234.3,256.394,00000000
1234.31,259.041,00000000
1234.32,258.159,00000000
1234.33,261.248,00000000
1234.34,260.806,00000000
1234.35,258.600,00000000
1234.36,256.394,00000000
1234.37,256.394,00000000
1234.38,254.189,00000000
1234.39,251.545,00000000
1234.4,251.985,00000000
1234.41,251.985,00000000
1234.42,252.867,00000000
1234.43,256.394,00000000
1234.44,257.276,00000000
1234.45,258.600,00000000
1234.46,259.041,00000000
1234.47,257.276,00000000
1234.48,257.717,00000000
1234.49,255.071,00000000
1234.5,259.041,00000000
1234.51,255.512,00000000
1234.52,255.953,00000000
1234.53,257.276,00000000
1234.54,257.276,00000000
1234.55,257.276,00000000
1234.56,256.394,00000000
1234.57,259.041,00000000
1234.58,259.924,00000000
1234.59,259.482,00000000
1234.6,256.394,00000000
1234.61,255.071,00000000
1234.62,255.071,00000000
1234.63,255.953,00000000
1234.64,256.394,00000000
1234.65,254.630,00000000
1234.66,255.953,00000000
1234.67,254.189,00000000
1234.68,252.867,00000000
1234.69,251.985,00000000
1234.7,254.189,00000000
1234.71,254.189,00000000
1234.72,255.953,00000000
1234.73,257.276,00000000
1234.74,258.600,00000000
1234.75,259.041,00000000
1234.76,259.041,00000000
1234.77,256.835,00000000
1234.78,256.835,00000000
1234.79,255.512,00000000
1234.8,256.394,00000000
1234.81,256.394,00000000
1234.82,255.512,00000000
1234.83,255.071,00000000
1234.84,255.512,00000000
1234.85,255.953,00000000
1234.86,255.512,00000000
1234.87,255.953,00000000
1234.88,253.308,00000000
1234.89,254.189,00000000
1234.9,256.394,00000000
1234.91,256.394,00000000
1234.92,263.014,00000000
1234.93,263.897,00000000
1234.94,262.572,00000000
1234.95,259.924,00000000
1234.96,259.482,00000000
1234.97,257.717,00000000
1234.98,256.835,00000000
1234.99,256.394,00000000
1235,254.630,00000000
1235.01,253.748,00000000
1235.02,257.276,00000000
1235.03,259.041,00000000
1235.04,259.482,00000000
1235.05,259.482,00000000
1235.06,255.953,00000000
1235.07,255.512,00000000
1235.08,254.189,00000000
1235.09,252.867,00000000
1235.1,253.748,00000000
1235.11,255.512,00000000
1235.12,254.189,00000000
1235.13,255.071,00000000
1235.14,254.630,00000000
1235.15,254.189,00000000
1235.16,254.630,00000000
1235.17,254.189,00000000
1235.18,251.545,00000000
1235.19,250.663,00000000
1235.2,252.426,00000000
1235.21,253.748,00000000
1235.22,251.545,00000000
1235.23,254.189,00000000
1235.24,255.512,00000000
1235.25,253.308,00000000
1235.26,251.545,00000000
1235.27,253.308,00000000
1235.28,255.071,00000000
1235.29,253.308,00000000
1235.3,253.308,00000000
1235.31,253.748,00000000
1235.32,252.867,00000000
1235.33,254.189,00000000
1235.34,252.426,00000000
1235.35,252.426,00000000
1235.36,253.308,00000000
1235.37,255.512,00000000
1235.38,253.308,00000000
1235.39,251.545,00000000
1235.4,250.663,00000000
1235.41,250.663,00000000
1235.42,251.545,00000000
1235.43,254.189,00000000
1235.44,255.071,00000000
1235.45,258.159,00000000
1235.46,257.276,00000000
1235.47,256.835,00000000
1235.48,257.276,00000000
1235.49,258.600,00000000
1235.5,256.394,00000000
1235.51,255.071,00000000
1235.52,254.630,00000000
1235.53,251.985,00000000
1235.54,249.782,00000000
1235.55,249.341,00000000
1235.56,249.782,00000000
1235.57,249.782,00000000
1235.58,251.985,00000000
1235.59,253.748,00000000
1235.6,254.189,00000000
1235.61,253.748,00000000
1235.62,253.308,00000000
1235.63,251.545,00000000
1235.64,249.782,00000000
1235.65,248.020,00000000
1235.66,248.460,00000000
1235.67,249.782,00000000
1235.68,252.867,00000000
1235.69,254.189,00000000
1235.7,252.867,00000000
1235.71,251.985,00000000
1235.72,252.867,00000000
1235.73,253.308,00000000
1235.74,252.867,00000000
1235.75,251.104,00000000
1235.76,254.630,00000000
1235.77,252.426,00000000
1235.78,252.867,00000000
1235.79,255.071,00000000
1235.8,256.835,00000000
1235.81,258.600,00000000
1235.82,257.717,00000000
1235.83,259.041,00000000
1235.84,259.041,00000000
1235.85,259.041,00000000
1235.86,256.835,00000000
1235.87,259.924,00000000
1235.88,259.924,00000000
1235.89,259.482,00000000
1235.9,260.806,00000000
1235.91,256.835,00000000
1235.92,258.600,00000000
1235.93,372.185,00000000
1235.94,381.635,00000000
1235.95,378.033,00000000
1235.96,371.286,00000000
1235.97,366.792,00000000
1235.98,362.750,00000000
1235.99,358.262,00000000
1236,350.192,00000000
1236.01,346.161,00000000
1236.02,342.133,00000000
1236.03,335.872,00000000
1236.04,333.638,00000000
1236.05,328.725,00000000
1236.06,326.493,00000000
1236.07,323.370,00000000
1236.08,322.924,00000000
1236.09,322.032,00000000
1236.1,319.803,00000000
1236.11,318.911,00000000
1236.12,318.465,00000000
1236.13,316.238,00000000
1236.14,316.683,00000000
1236.15,315.347,00000000
1236.16,314.010,00000000
1236.17,310.449,00000000
1236.18,311.339,00000000
1236.19,312.674,00000000
1236.2,316.683,00000000
1236.21,315.347,00000000
1236.22,313.565,00000000
1236.23,311.784,00000000
1236.24,311.339,00000000
1236.25,310.894,00000000
1236.26,308.669,00000000
1236.27,304.665,00000000
1236.28,302.442,00000000
1236.29,300.665,00000000
1236.3,298.888,00000000
1236.31,296.223,00000000
1236.32,298.443,00000000
1236.33,298.888,00000000
1236.34,299.776,00000000
1236.35,300.665,00000000
1236.36,299.776,00000000
1236.37,300.665,00000000
1236.38,298.443,00000000
1236.39,299.776,00000000
1236.4,299.776,00000000
1236.41,297.555,00000000
1236.42,296.223,00000000
1236.43,294.891,00000000
1236.44,295.779,00000000
1236.45,295.779,00000000
1236.46,294.003,00000000
1236.47,294.447,00000000
1236.48,291.784,00000000
1236.49,292.672,00000000
1236.5,292.672,00000000
1236.51,290.010,00000000
1236.52,291.341,00000000
1236.53,290.453,00000000
1236.54,293.115,00000000
1236.55,294.003,00000000
1236.56,294.891,00000000
1236.57,294.003,00000000
1236.58,291.341,00000000
1236.59,291.784,00000000
1236.6,288.679,00000000
1236.61,287.792,00000000
1236.62,287.792,00000000
1236.63,289.123,00000000
1236.64,288.236,00000000
1236.65,285.576,00000000
1236.66,283.803,00000000
1236.67,285.576,00000000
1236.68,285.576,00000000
1236.69,285.576,00000000
1236.7,284.689,00000000
1236.71,282.917,00000000
1236.72,283.803,00000000
1236.73,282.917,00000000
1236.74,283.360,00000000
1236.75,284.246,00000000
1236.76,285.132,00000000
1236.77,283.803,00000000
1236.78,283.360,00000000
1236.79,282.031,00000000
1236.8,282.031,00000000
1236.81,281.588,00000000
1236.82,280.259,00000000
1236.83,282.917,00000000
1236.84,285.132,00000000
1236.85,286.462,00000000
1236.86,283.360,00000000
1236.87,285.576,00000000
1236.88,284.246,00000000
1236.89,281.588,00000000
1236.9,278.045,00000000
1236.91,274.505,00000000
1236.92,272.736,00000000
1236.93,272.736,00000000
1236.94,277.603,00000000
1236.95,277.160,00000000
1236.96,278.488,00000000
1236.97,276.718,00000000
1236.98,274.948,00000000
1236.99,274.948,00000000
1237,275.390,00000000
1237.01,274.505,00000000
1237.02,273.178,00000000
1237.03,272.293,00000000
1237.04,269.199,00000000
1237.05,267.873,00000000
1237.06,266.989,00000000
1237.07,266.989,00000000
1237.08,266.989,00000000
1237.09,269.641,00000000
1237.1,274.063,00000000
1237.11,274.505,00000000
1237.12,272.736,00000000
1237.13,271.851,00000000
1237.14,271.409,00000000
1237.15,272.293,00000000
1237.16,271.409,00000000
1237.17,271.409,00000000
1237.18,271.851,00000000
1237.19,271.851,00000000
1237.2,269.641,00000000
1237.21,268.757,00000000
1237.22,267.431,00000000
1237.23,266.547,00000000
1237.24,267.873,00000000
1237.25,268.757,00000000
1237.26,267.431,00000000
1237.27,266.105,00000000
1237.28,267.873,00000000
1237.29,266.989,00000000
1237.3,263.897,00000000
1237.31,265.664,00000000
1237.32,270.967,00000000
1237.33,274.063,00000000
1237.34,270.967,00000000
1237.35,270.525,00000000
1237.36,267.873,00000000
1237.37,266.547,00000000
1237.38,265.664,00000000
1237.39,263.897,00000000
1237.4,261.248,00000000
1237.41,259.482,00000000
1237.42,260.806,00000000
1237.43,262.572,00000000
1237.44,264.338,00000000
1237.45,265.222,00000000
1237.46,265.222,00000000
1237.47,264.338,00000000
1237.48,264.338,00000000
1237.49,264.780,00000000
1237.5,263.897,00000000
1237.51,263.455,00000000
1237.52,262.131,00000000
1237.53,261.248,00000000
1237.54,260.806,00000000
1237.55,261.248,00000000
1237.56,261.689,00000000
1237.57,263.014,00000000
1237.58,266.105,00000000
1237.59,266.989,00000000
1237.6,266.547,00000000
1237.61,265.664,00000000
1237.62,263.014,00000000
1237.63,264.338,00000000
1237.64,260.806,00000000
1237.65,261.689,00000000
1237.66,263.014,00000000
1237.67,262.572,00000000
1237.68,263.455,00000000
1237.69,261.689,00000000
1237.7,263.014,00000000
1237.71,263.455,00000000
1237.72,264.338,00000000
1237.73,264.338,00000000
1237.74,262.131,00000000
1237.75,260.365,00000000
1237.76,258.600,00000000
1237.77,259.041,00000000
1237.78,258.600,00000000
1237.79,262.572,00000000
1237.8,261.689,00000000
1237.81,261.248,00000000
1237.82,259.482,00000000
1237.83,259.482,00000000
1237.84,259.924,00000000
1237.85,257.717,00000000
1237.86,255.071,00000000
1237.87,257.717,00000000
1237.88,258.600,00000000
1237.89,262.572,00000000
1237.9,265.222,00000000
1237.91,265.222,00000000
1237.92,264.338,00000000
1237.93,263.014,00000000
1237.94,262.572,00000000
1237.95,259.924,00000000
1237.96,261.248,00000000
1237.97,261.248,00000000
1237.98,261.248,00000000
1237.99,263.014,00000000
1238,261.248,00000000
1238.01,260.806,00000000
1238.02,257.276,00000000
1238.03,256.835,00000000
1238.04,257.276,00000000
1238.05,253.748,00000000
1238.06,253.748,00000000
1238.07,254.630,00000000
1238.08,258.600,00000000
1238.09,259.924,00000000
1238.1,259.482,00000000
1238.11,261.248,00000000
1238.12,259.041,00000000
1238.13,258.159,00000000
1238.14,255.071,00000000
1238.15,255.953,00000000
1238.16,255.071,00000000
1238.17,255.953,00000000
1238.18,257.717,00000000
1238.19,256.835,00000000
1238.2,259.041,00000000
1238.21,259.041,00000000
1238.22,258.159,00000000
1238.23,252.426,00000000
1238.24,255.071,00000000
1238.25,258.159,00000000
1238.26,261.689,00000000
1238.27,260.806,00000000
1238.28,258.600,00000000
1238.29,257.276,00000000
1238.3,256.394,00000000
1238.31,255.512,00000000
1238.32,256.394,00000000
1238.33,255.512,00000000
1238.34,256.835,00000000
1238.35,255.071,00000000
1238.36,258.600,00000000
1238.37,259.041,00000000
1238.38,258.159,00000000
1238.39,252.426,00000000
1238.4,253.308,00000000
1238.41,254.189,00000000
1238.42,255.071,00000000
1238.43,254.630,00000000
1238.44,253.748,00000000
1238.45,253.748,00000000
1238.46,251.985,00000000
1238.47,250.663,00000000
1238.48,249.782,00000000
1238.49,250.223,00000000
1238.5,250.663,00000000
1238.51,249.782,00000000
1238.52,251.985,00000000
1238.53,252.426,00000000
1238.54,252.867,00000000
1238.55,253.748,00000000
1238.56,255.953,00000000
1238.57,255.953,00000000
1238.58,256.394,00000000
1238.59,256.835,00000000
1238.6,257.276,00000000
1238.61,257.276,00000000
1238.62,256.394,00000000
1238.63,255.071,00000000
1238.64,255.071,00000000
1238.65,255.512,00000000
1238.66,258.159,00000000
1238.67,257.276,00000000
1238.68,256.835,00000000
1238.69,260.806,00000000
1238.7,259.041,00000000
1238.71,257.276,00000000
1238.72,254.189,00000000
1238.73,254.630,00000000
1238.74,254.189,00000000
1238.75,255.071,00000000
1238.76,255.512,00000000
1238.77,256.394,00000000
1238.78,255.953,00000000
1238.79,253.748,00000000
1238.8,252.867,00000000
1238.81,254.189,00000000
1238.82,252.426,00000000
1238.83,255.512,00000000
1238.84,259.924,00000000
1238.85,260.365,00000000
1238.86,262.131,00000000
1238.87,262.572,00000000
1238.88,261.689,00000000
1238.89,262.572,00000000
1238.9,259.041,00000000
1238.91,258.600,00000000
1238.92,258.159,00000000
1238.93,257.276,00000000
1238.94,258.159,00000000
1238.95,257.276,00000000
1238.96,257.717,00000000
1238.97,255.953,00000000
1238.98,257.717,00000000
1238.99,256.394,00000000
1239,255.953,00000000
1239.01,254.189,00000000
1239.02,254.630,00000000
1239.03,253.748,00000000
1239.04,256.394,00000000
1239.05,255.512,00000000
1239.06,255.071,00000000
1239.07,255.512,00000000
1239.08,255.071,00000000
1239.09,252.867,00000000
1239.1,250.663,00000000
1239.11,250.663,00000000
1239.12,249.782,00000000
1239.13,251.985,00000000
1239.14,251.985,00000000
1239.15,251.104,00000000
1239.16,251.104,00000000
1239.17,253.308,00000000
1239.18,255.071,00000000
1239.19,255.512,00000000
1239.2,254.189,00000000
1239.21,251.545,00000000
1239.22,253.308,00000000
1239.23,253.748,00000000
1239.24,255.071,00000000
1239.25,255.512,00000000
1239.26,256.835,00000000
1239.27,259.041,00000000
1239.28,258.600,00000000
1239.29,258.159,00000000
1239.3,257.276,00000000
1239.31,257.276,00000000
1239.32,258.159,00000000
1239.33,257.276,00000000
1239.34,256.835,00000000
1239.35,256.394,00000000
1239.36,257.276,00000000
1239.37,258.600,00000000
1239.38,259.041,00000000
1239.39,257.276,00000000
1239.4,258.159,00000000
1239.41,258.600,00000000
1239.42,259.482,00000000
1239.43,259.482,00000000
1239.44,260.806,00000000
1239.45,260.806,00000000
1239.46,261.248,00000000
1239.47,260.806,00000000
1239.48,259.482,00000000
1239.49,257.717,00000000
1239.5,258.159,00000000
1239.51,257.717,00000000
1239.52,258.600,00000000
1239.53,258.600,00000000
1239.54,259.041,00000000
1239.55,336.319,00000000
1239.56,374.434,00000000
1239.57,373.534,00000000
1239.58,366.792,00000000
1239.59,364.546,00000000
1239.6,357.813,00000000
1239.61,353.329,00000000
1239.62,348.848,00000000
1239.63,346.161,00000000
1239.64,342.580,00000000
1239.65,337.660,00000000
1239.66,334.978,00000000
1239.67,332.744,00000000
1239.68,328.725,00000000
1239.69,322.032,00000000
1239.7,322.032,00000000
1239.71,321.140,00000000
1239.72,323.370,00000000
1239.73,320.248,00000000
1239.74,316.683,00000000
1239.75,314.901,00000000
1239.76,314.010,00000000
1239.77,309.559,00000000
1239.78,310.449,00000000
1239.79,310.004,00000000
1239.8,309.113,00000000
1239.81,308.669,00000000
1239.82,308.224,00000000
1239.83,307.334,00000000
1239.84,308.669,00000000
1239.85,307.779,00000000
1239.86,304.221,00000000
1239.87,304.665,00000000
1239.88,305.110,00000000
1239.89,305.555,00000000
1239.9,305.555,00000000
1239.91,304.221,00000000
1239.92,304.221,00000000
1239.93,304.221,00000000
1239.94,301.554,00000000
1239.95,297.555,00000000
1239.96,294.891,00000000
1239.97,294.891,00000000
1239.98,297.555,00000000
1239.99,297.999,00000000
1240,297.999,00000000
1240.01,299.776,00000000
1240.02,299.332,00000000
1240.03,297.999,00000000
1240.04,295.779,00000000
1240.05,293.559,00000000
1240.06,292.228,00000000
1240.07,292.228,00000000
1240.08,292.672,00000000
1240.09,292.228,00000000
1240.1,291.784,00000000
1240.11,289.566,00000000
1240.12,291.341,00000000
1240.13,293.559,00000000
1240.14,294.003,00000000
1240.15,294.891,00000000
1240.16,294.003,00000000
1240.17,290.897,00000000
1240.18,289.123,00000000
1240.19,289.123,00000000
1240.2,288.236,00000000
1240.21,288.679,00000000
1240.22,290.453,00000000
1240.23,288.679,00000000
1240.24,289.566,00000000
1240.25,287.349,00000000
1240.26,288.236,00000000
1240.27,289.123,00000000
1240.28,287.349,00000000
1240.29,283.803,00000000
1240.3,281.588,00000000
1240.31,280.702,00000000
1240.32,278.931,00000000
1240.33,278.045,00000000
1240.34,277.603,00000000
1240.35,276.718,00000000
1240.36,279.374,00000000
1240.37,282.031,00000000
1240.38,281.588,00000000
1240.39,282.474,00000000
1240.4,282.031,00000000
1240.41,282.917,00000000
1240.42,283.803,00000000
1240.43,284.246,00000000
1240.44,283.803,00000000
1240.45,280.702,00000000
1240.46,278.488,00000000
1240.47,276.718,00000000
1240.48,275.832,00000000
1240.49,276.718,00000000
1240.5,277.160,00000000
1240.51,275.390,00000000
1240.52,274.505,00000000
1240.53,274.505,00000000
1240.54,275.390,00000000
1240.55,277.603,00000000
1240.56,274.505,00000000
1240.57,274.063,00000000
1240.58,272.736,00000000
1240.59,273.178,00000000
1240.6,270.967,00000000
1240.61,271.409,00000000
1240.62,271.851,00000000
1240.63,273.178,00000000
1240.64,272.736,00000000
1240.65,271.851,00000000
1240.66,272.736,00000000
1240.67,271.851,00000000
1240.68,270.967,00000000
1240.69,269.641,00000000
1240.7,271.409,00000000
1240.71,271.851,00000000
1240.72,271.409,00000000
1240.73,270.083,00000000
1240.74,267.431,00000000
1240.75,266.105,00000000
1240.76,266.547,00000000
1240.77,264.780,00000000
1240.78,268.315,00000000
1240.79,266.105,00000000
1240.8,266.105,00000000
1240.81,260.806,00000000
1240.82,262.131,00000000
1240.83,267.873,00000000
1240.84,269.641,00000000
1240.85,268.757,00000000
1240.86,266.547,00000000
1240.87,267.431,00000000
1240.88,267.431,00000000
1240.89,268.315,00000000
1240.9,267.431,00000000
1240.91,264.780,00000000
1240.92,263.455,00000000
1240.93,262.572,00000000
1240.94,262.572,00000000
1240.95,266.105,00000000
1240.96,267.873,00000000
1240.97,267.431,00000000
1240.98,268.757,00000000
1240.99,266.989,00000000
1241,266.989,00000000
1241.01,266.105,00000000
1241.02,265.222,00000000
1241.03,266.105,00000000
1241.04,266.105,00000000
1241.05,265.664,00000000
1241.06,268.315,00000000
1241.07,267.873,00000000
1241.08,267.431,00000000
1241.09,266.105,00000000
1241.1,265.664,00000000
1241.11,266.105,00000000
1241.12,266.105,00000000
1241.13,264.780,00000000
1241.14,266.547,00000000
1241.15,266.547,00000000
1241.16,268.757,00000000
1241.17,269.199,00000000
1241.18,267.431,00000000
1241.19,268.757,00000000
1241.2,265.664,00000000
1241.21,270.083,00000000
1241.22,270.967,00000000
1241.23,270.083,00000000
1241.24,266.989,00000000
1241.25,265.664,00000000
1241.26,263.897,00000000
1241.27,263.455,00000000
1241.28,263.455,00000000
1241.29,262.131,00000000
1241.3,264.338,00000000
1241.31,261.689,00000000
1241.32,261.248,00000000
1241.33,258.600,00000000
1241.34,258.159,00000000
1241.35,259.482,00000000
1241.36,261.689,00000000
1241.37,263.455,00000000
1241.38,266.547,00000000
1241.39,266.989,00000000
1241.4,265.222,00000000
1241.41,263.455,00000000
1241.42,261.689,00000000
1241.43,259.482,00000000
1241.44,259.924,00000000
1241.45,259.041,00000000
1241.46,258.159,00000000
1241.47,261.248,00000000
1241.48,264.338,00000000
1241.49,263.897,00000000
1241.5,262.131,00000000
1241.51,260.806,00000000
1241.52,262.572,00000000
1241.53,259.924,00000000
1241.54,259.041,00000000
1241.55,260.806,00000000
1241.56,262.572,00000000
1241.57,261.248,00000000
1241.58,261.248,00000000
1241.59,260.365,00000000
1241.6,263.455,00000000
1241.61,264.338,00000000
1241.62,262.572,00000000
1241.63,258.600,00000000
1241.64,256.394,00000000
1241.65,256.394,00000000
1241.66,253.308,00000000
1241.67,256.835,00000000
1241.68,254.630,00000000
1241.69,254.189,00000000
1241.7,254.630,00000000
1241.71,256.394,00000000
1241.72,259.482,00000000
1241.73,259.482,00000000
1241.74,263.014,00000000
1241.75,263.897,00000000
1241.76,263.014,00000000
1241.77,262.572,00000000
1241.78,262.131,00000000
1241.79,263.455,00000000
1241.8,262.131,00000000
1241.81,258.159,00000000
1241.82,257.276,00000000
1241.83,256.835,00000000
1241.84,259.041,00000000
1241.85,255.953,00000000
1241.86,254.630,00000000
1241.87,255.512,00000000
1241.88,253.748,00000000
1241.89,255.512,00000000
1241.9,258.600,00000000
1241.91,257.276,00000000
1241.92,256.394,00000000
1241.93,255.512,00000000
1241.94,251.985,00000000
1241.95,252.426,00000000
1241.96,254.189,00000000
1241.97,255.953,00000000
1241.98,255.953,00000000
1241.99,253.308,00000000
1242,253.308,00000000
1242.01,255.071,00000000
1242.02,255.953,00000000
1242.03,255.512,00000000
1242.04,253.748,00000000
1242.05,252.426,00000000
1242.06,252.426,00000000
1242.07,255.512,00000000
1242.08,257.276,00000000
1242.09,253.308,00000000
1242.1,253.308,00000000
1242.11,252.867,00000000
1242.12,253.308,00000000
1242.13,251.985,00000000
1242.14,251.104,00000000
1242.15,252.867,00000000
1242.16,255.071,00000000
1242.17,254.189,00000000
1242.18,253.308,00000000
1242.19,254.630,00000000
1242.2,253.748,00000000
1242.21,250.663,00000000
1242.22,252.426,00000000
1242.23,251.985,00000000
1242.24,251.985,00000000
1242.25,251.545,00000000
1242.26,254.189,00000000
1242.27,255.953,00000000
1242.28,256.835,00000000
1242.29,259.041,00000000
1242.3,257.276,00000000
1242.31,255.071,00000000
1242.32,255.512,00000000
1242.33,252.867,00000000
1242.34,251.985,00000000
1242.35,252.867,00000000
1242.36,251.545,00000000
1242.37,253.748,00000000
1242.38,253.748,00000000
1242.39,254.189,00000000
1242.4,255.512,00000000
1242.41,256.394,00000000
1242.42,256.394,00000000
1242.43,255.071,00000000
1242.44,253.308,00000000
1242.45,253.308,00000000
1242.46,254.189,00000000
1242.47,256.835,00000000
1242.48,256.394,00000000
1242.49,258.600,00000000
1242.5,262.131,00000000
1242.51,261.248,00000000
1242.52,261.689,00000000
1242.53,261.689,00000000
1242.54,260.365,00000000
1242.55,262.572,00000000
1242.56,260.806,00000000
1242.57,261.689,00000000
1242.58,259.924,00000000
1242.59,258.600,00000000
1242.6,259.041,00000000
1242.61,259.041,00000000
1242.62,257.717,00000000
1242.63,257.276,00000000
1242.64,255.953,00000000
1242.65,255.953,00000000
1242.66,258.159,00000000
1242.67,258.600,00000000
1242.68,258.159,00000000
1242.69,255.512,00000000
1242.7,255.953,00000000
1242.71,251.104,00000000
1242.72,248.020,00000000
1242.73,249.782,00000000
1242.74,251.985,00000000
1242.75,255.953,00000000
1242.76,257.276,00000000
1242.77,255.953,00000000
1242.78,257.717,00000000
1242.79,257.717,00000000
1242.8,257.276,00000000
1242.81,259.041,00000000
1242.82,255.071,00000000
1242.83,255.953,00000000
1242.84,253.308,00000000
1242.85,255.071,00000000
1242.86,255.512,00000000
1242.87,255.512,00000000
1242.88,257.276,00000000
1242.89,254.630,00000000
1242.9,253.748,00000000
1242.91,254.630,00000000
1242.92,251.545,00000000
1242.93,254.630,00000000
1242.94,254.630,00000000
1242.95,253.748,00000000
1242.96,251.104,00000000
1242.97,251.104,00000000
1242.98,249.782,00000000
1242.99,249.782,00000000
1243,251.104,00000000
1243.01,249.782,00000000
1243.02,251.545,00000000
1243.03,251.104,00000000
1243.04,254.189,00000000
1243.05,255.071,00000000
1243.06,257.276,00000000
1243.07,254.630,00000000
1243.08,252.426,00000000
1243.09,255.071,00000000
1243.1,256.394,00000000
1243.11,257.717,00000000
1243.12,257.276,00000000
1243.13,257.276,00000000
1243.14,255.953,00000000
1243.15,253.308,00000000
1243.16,251.545,00000000
1243.17,250.223,00000000
1243.18,254.189,00000000
1243.19,251.985,00000000
1243.2,251.985,00000000
1243.21,250.663,00000000
1243.22,252.867,00000000
1243.23,255.512,00000000
1243.24,258.159,00000000
1243.25,260.806,00000000
1243.26,262.131,00000000
1243.27,261.248,00000000
1243.28,257.717,00000000
1243.29,257.276,00000000
1243.3,255.071,00000000
1243.31,257.276,00000000
1243.32,257.276,00000000
1243.33,256.835,00000000
1243.34,256.394,00000000
1243.35,253.308,00000000
1243.36,253.308,00000000
1243.37,255.512,00000000
1243.38,253.308,00000000
1243.39,255.512,00000000
1243.4,253.308,00000000
1243.41,253.748,00000000
1243.42,254.189,00000000
1243.43,254.189,00000000
1243.44,255.953,00000000
1243.45,253.308,00000000
1243.46,252.426,00000000
1243.47,252.867,00000000
1243.48,251.985,00000000
1243.49,251.985,00000000
1243.5,250.663,00000000
1243.51,250.223,00000000
1243.52,250.663,00000000
1243.53,251.985,00000000
1243.54,251.985,00000000
1243.55,251.545,00000000
1243.56,249.782,00000000
1243.57,249.782,00000000
1243.58,250.223,00000000
1243.59,249.782,00000000
1243.6,251.104,00000000
1243.61,252.867,00000000
1243.62,253.748,00000000
1243.63,254.630,00000000
1243.64,254.189,00000000
1243.65,253.748,00000000
1243.66,253.748,00000000
1243.67,293.115,00000000
1243.68,370.387,00000000
1243.69,374.883,00000000
1243.7,372.185,00000000
1243.71,367.241,00000000
1243.72,362.750,00000000
1243.73,359.608,00000000
1243.74,355.571,00000000
1243.75,350.192,00000000
1243.76,347.057,00000000
1243.77,343.028,00000000
1243.78,339.449,00000000
1243.79,331.404,00000000
1243.8,324.262,00000000
1243.81,320.694,00000000
1243.82,320.694,00000000
1243.83,321.140,00000000
1243.84,322.032,00000000
1243.85,321.140,00000000
1243.86,322.924,00000000
1243.87,319.357,00000000
1243.88,314.901,00000000
1243.89,314.901,00000000
1243.9,312.229,00000000
1243.91,313.120,00000000
1243.92,311.784,00000000
1243.93,309.113,00000000
1243.94,304.665,00000000
1243.95,305.110,00000000
1243.96,305.999,00000000
1243.97,305.110,00000000
1243.98,303.776,00000000
1243.99,303.331,00000000
1244,302.887,00000000
1244.01,304.665,00000000
1244.02,301.109,00000000
1244.03,300.665,00000000
1244.04,297.111,00000000
1244.05,295.335,00000000
1244.06,297.999,00000000
1244.07,299.776,00000000
1244.08,301.109,00000000
1244.09,300.665,00000000
1244.1,299.332,00000000
1244.11,300.220,00000000
1244.12,300.665,00000000
1244.13,301.109,00000000
1244.14,300.665,00000000
1244.15,299.776,00000000
1244.16,296.667,00000000
1244.17,299.776,00000000
1244.18,300.665,00000000
1244.19,300.220,00000000
1244.2,297.999,00000000
1244.21,296.223,00000000
1244.22,295.779,00000000
1244.23,291.784,00000000
1244.24,288.679,00000000
1244.25,287.349,00000000
1244.26,286.906,00000000
1244.27,285.132,00000000
1244.28,284.689,00000000
1244.29,289.566,00000000
1244.3,293.559,00000000
